recordID,countyName,stateAbbreviation,imageLocation,s3FilePath
001673e9-add1-4f7b-ba2e-61825b601cf7,CIBOLA,NM,\\smb.dc2isilon.na.drillinginfo.com\County_Scans_Beta\cs_digital\nm\cibola\0016,s3://enverus-courthouse-prod-chd-plants/nm/cibola/0016/001673e9-add1-4f7b-ba2e-61825b601cf7.pdf
00da9e8d-9590-4e82-a5c8-7f83649ab508,CIBOLA,NM,\\smb.dc2isilon.na.drillinginfo.com\County_Scans_Beta\cs_digital\nm\cibola\00da,s3://enverus-courthouse-prod-chd-plants/nm/cibola/00da/00da9e8d-9590-4e82-a5c8-7f83649ab508.pdf
03f28c38-1a9b-4497-b56f-f33dd8c08d20,CIBOLA,NM,\\smb.dc2isilon.na.drillinginfo.com\County_Scans_Beta\cs_digital\nm\cibola\03f2,s3://enverus-courthouse-prod-chd-plants/nm/cibola/03f2/03f28c38-1a9b-4497-b56f-f33dd8c08d20.pdf
04486e91-d8f5-4674-912b-1fc5b2207e20,CIBOLA,NM,\\smb.dc2isilon.na.drillinginfo.com\County_Scans_Beta\cs_digital\nm\cibola\0448,s3://enverus-courthouse-prod-chd-plants/nm/cibola/0448/04486e91-d8f5-4674-912b-1fc5b2207e20.pdf
060d1b2e-0a51-46ee-b9f1-7ab413cb34e2,CIBOLA,NM,\\smb.dc2isilon.na.drillinginfo.com\County_Scans_Beta\cs_digital\nm\cibola\060d,s3://enverus-courthouse-prod-chd-plants/nm/cibola/060d/060d1b2e-0a51-46ee-b9f1-7ab413cb34e2.pdf
096c8e1a-5bdc-4fef-aef4-4b9258ecef1a,CIBOLA,NM,\\smb.dc2isilon.na.drillinginfo.com\County_Scans_Beta\cs_digital\nm\cibola\096c,s3://enverus-courthouse-prod-chd-plants/nm/cibola/096c/096c8e1a-5bdc-4fef-aef4-4b9258ecef1a.pdf
0c4dc4cf-6e6a-4f6b-9c7b-5abc9edf7136,CIBOLA,NM,\\smb.dc2isilon.na.drillinginfo.com\County_Scans_Beta\cs_digital\nm\cibola\0c4d,s3://enverus-courthouse-prod-chd-plants/nm/cibola/0c4d/0c4dc4cf-6e6a-4f6b-9c7b-5abc9edf7136.pdf
0c800883-2e03-4598-9db4-3d6469579f51,CIBOLA,NM,\\smb.dc2isilon.na.drillinginfo.com\County_Scans_Beta\cs_digital\nm\cibola\0c80,s3://enverus-courthouse-prod-chd-plants/nm/cibola/0c80/0c800883-2e03-4598-9db4-3d6469579f51.pdf
0e4a9cc0-e808-47d5-8e61-36e9571ccf2a,CIBOLA,NM,\\smb.dc2isilon.na.drillinginfo.com\County_Scans_Beta\cs_digital\nm\cibola\0e4a,s3://enverus-courthouse-prod-chd-plants/nm/cibola/0e4a/0e4a9cc0-e808-47d5-8e61-36e9571ccf2a.pdf
113c5765-b971-4a88-8d2c-30e6f9581dac,CIBOLA,NM,\\smb.dc2isilon.na.drillinginfo.com\County_Scans_Beta\cs_digital\nm\cibola\113c,s3://enverus-courthouse-prod-chd-plants/nm/cibola/113c/113c5765-b971-4a88-8d2c-30e6f9581dac.pdf
14b48cf9-3eea-4281-91f9-91b57ef7b904,CIBOLA,NM,\\smb.dc2isilon.na.drillinginfo.com\County_Scans_Beta\cs_digital\nm\cibola\14b4,s3://enverus-courthouse-prod-chd-plants/nm/cibola/14b4/14b48cf9-3eea-4281-91f9-91b57ef7b904.pdf
165833b5-a252-47c9-811a-7287e4ce7185,CIBOLA,NM,\\smb.dc2isilon.na.drillinginfo.com\County_Scans_Beta\cs_digital\nm\cibola\1658,s3://enverus-courthouse-prod-chd-plants/nm/cibola/1658/165833b5-a252-47c9-811a-7287e4ce7185.pdf
18066cb2-d1f1-4145-a434-2ea679682398,CIBOLA,NM,\\smb.dc2isilon.na.drillinginfo.com\County_Scans_Beta\cs_digital\nm\cibola\1806,s3://enverus-courthouse-prod-chd-plants/nm/cibola/1806/18066cb2-d1f1-4145-a434-2ea679682398.pdf
1905a37e-e503-4d58-bcb5-b5b12378dc54,CIBOLA,NM,\\smb.dc2isilon.na.drillinginfo.com\County_Scans_Beta\cs_digital\nm\cibola\1905,s3://enverus-courthouse-prod-chd-plants/nm/cibola/1905/1905a37e-e503-4d58-bcb5-b5b12378dc54.pdf
19c54c89-c646-46a3-a3fe-1e491de0cbe8,CIBOLA,NM,\\smb.dc2isilon.na.drillinginfo.com\County_Scans_Beta\cs_digital\nm\cibola\19c5,s3://enverus-courthouse-prod-chd-plants/nm/cibola/19c5/19c54c89-c646-46a3-a3fe-1e491de0cbe8.pdf
1ad3c927-5534-41f4-899d-6f8606286b29,CIBOLA,NM,\\smb.dc2isilon.na.drillinginfo.com\County_Scans_Beta\cs_digital\nm\cibola\1ad3,s3://enverus-courthouse-prod-chd-plants/nm/cibola/1ad3/1ad3c927-5534-41f4-899d-6f8606286b29.pdf
1b5ac8f8-ddea-4b10-90eb-c53d5d2f36c7,CIBOLA,NM,\\smb.dc2isilon.na.drillinginfo.com\County_Scans_Beta\cs_digital\nm\cibola\1b5a,s3://enverus-courthouse-prod-chd-plants/nm/cibola/1b5a/1b5ac8f8-ddea-4b10-90eb-c53d5d2f36c7.pdf
1b7f78e8-9355-46b7-b67f-eee1767fe082,CIBOLA,NM,\\smb.dc2isilon.na.drillinginfo.com\County_Scans_Beta\cs_digital\nm\cibola\1b7f,s3://enverus-courthouse-prod-chd-plants/nm/cibola/1b7f/1b7f78e8-9355-46b7-b67f-eee1767fe082.pdf
1caccc14-f8ca-4e6c-bc7e-7cc9e2010a63,CIBOLA,NM,\\smb.dc2isilon.na.drillinginfo.com\County_Scans_Beta\cs_digital\nm\cibola\1cac,s3://enverus-courthouse-prod-chd-plants/nm/cibola/1cac/1caccc14-f8ca-4e6c-bc7e-7cc9e2010a63.pdf
1f9b47f5-639f-4b01-b046-69473655f26e,CIBOLA,NM,\\smb.dc2isilon.na.drillinginfo.com\County_Scans_Beta\cs_digital\nm\cibola\1f9b,s3://enverus-courthouse-prod-chd-plants/nm/cibola/1f9b/1f9b47f5-639f-4b01-b046-69473655f26e.pdf
1fa8395e-e4f5-493b-9f55-687636bf160a,CIBOLA,NM,\\smb.dc2isilon.na.drillinginfo.com\County_Scans_Beta\cs_digital\nm\cibola\1fa8,s3://enverus-courthouse-prod-chd-plants/nm/cibola/1fa8/1fa8395e-e4f5-493b-9f55-687636bf160a.pdf
207336a9-afd3-477a-97d5-a0490ac41960,CIBOLA,NM,\\smb.dc2isilon.na.drillinginfo.com\County_Scans_Beta\cs_digital\nm\cibola\2073,s3://enverus-courthouse-prod-chd-plants/nm/cibola/2073/207336a9-afd3-477a-97d5-a0490ac41960.pdf
22c84cb5-f2c8-42a8-b29f-301715d2f65a,CIBOLA,NM,\\smb.dc2isilon.na.drillinginfo.com\County_Scans_Beta\cs_digital\nm\cibola\22c8,s3://enverus-courthouse-prod-chd-plants/nm/cibola/22c8/22c84cb5-f2c8-42a8-b29f-301715d2f65a.pdf
25c9d773-d519-4605-9fc0-b31c06b8b5a5,CIBOLA,NM,\\smb.dc2isilon.na.drillinginfo.com\County_Scans_Beta\cs_digital\nm\cibola\25c9,s3://enverus-courthouse-prod-chd-plants/nm/cibola/25c9/25c9d773-d519-4605-9fc0-b31c06b8b5a5.pdf
26036fd4-fc11-4bef-828f-ed7a7b3a565e,CIBOLA,NM,\\smb.dc2isilon.na.drillinginfo.com\County_Scans_Beta\cs_digital\nm\cibola\2603,s3://enverus-courthouse-prod-chd-plants/nm/cibola/2603/26036fd4-fc11-4bef-828f-ed7a7b3a565e.pdf
29927bdc-8b8b-4c03-9448-0adeaf0abd5a,CIBOLA,NM,\\smb.dc2isilon.na.drillinginfo.com\County_Scans_Beta\cs_digital\nm\cibola\2992,s3://enverus-courthouse-prod-chd-plants/nm/cibola/2992/29927bdc-8b8b-4c03-9448-0adeaf0abd5a.pdf
2992f98b-7c43-4aa4-9deb-3f71414967d7,CIBOLA,NM,\\smb.dc2isilon.na.drillinginfo.com\County_Scans_Beta\cs_digital\nm\cibola\2992,s3://enverus-courthouse-prod-chd-plants/nm/cibola/2992/2992f98b-7c43-4aa4-9deb-3f71414967d7.pdf
2ce75f97-2baa-473b-9f2f-6116e380f027,CIBOLA,NM,\\smb.dc2isilon.na.drillinginfo.com\County_Scans_Beta\cs_digital\nm\cibola\2ce7,s3://enverus-courthouse-prod-chd-plants/nm/cibola/2ce7/2ce75f97-2baa-473b-9f2f-6116e380f027.pdf
2ec17c3c-fd3d-4f58-af27-0b32ea127575,CIBOLA,NM,\\smb.dc2isilon.na.drillinginfo.com\County_Scans_Beta\cs_digital\nm\cibola\2ec1,s3://enverus-courthouse-prod-chd-plants/nm/cibola/2ec1/2ec17c3c-fd3d-4f58-af27-0b32ea127575.pdf
2f57e729-328f-4752-ac95-c0624482847c,CIBOLA,NM,\\smb.dc2isilon.na.drillinginfo.com\County_Scans_Beta\cs_digital\nm\cibola\2f57,s3://enverus-courthouse-prod-chd-plants/nm/cibola/2f57/2f57e729-328f-4752-ac95-c0624482847c.pdf
2ff30a52-aebc-4daa-9251-0ee05abe3ac6,CIBOLA,NM,\\smb.dc2isilon.na.drillinginfo.com\County_Scans_Beta\cs_digital\nm\cibola\2ff3,s3://enverus-courthouse-prod-chd-plants/nm/cibola/2ff3/2ff30a52-aebc-4daa-9251-0ee05abe3ac6.pdf
3025f7cd-3f39-4dc5-8094-a4d4ebfa93b0,CIBOLA,NM,\\smb.dc2isilon.na.drillinginfo.com\County_Scans_Beta\cs_digital\nm\cibola\3025,s3://enverus-courthouse-prod-chd-plants/nm/cibola/3025/3025f7cd-3f39-4dc5-8094-a4d4ebfa93b0.pdf
328c0d15-5376-434e-a9cd-17cd7c90108c,CIBOLA,NM,\\smb.dc2isilon.na.drillinginfo.com\County_Scans_Beta\cs_digital\nm\cibola\328c,s3://enverus-courthouse-prod-chd-plants/nm/cibola/328c/328c0d15-5376-434e-a9cd-17cd7c90108c.pdf
35d3119b-c4d8-409b-845b-df00713b0c1f,CIBOLA,NM,\\smb.dc2isilon.na.drillinginfo.com\County_Scans_Beta\cs_digital\nm\cibola\35d3,s3://enverus-courthouse-prod-chd-plants/nm/cibola/35d3/35d3119b-c4d8-409b-845b-df00713b0c1f.pdf
36295f07-e81c-4cc9-932e-09e8a22de654,CIBOLA,NM,\\smb.dc2isilon.na.drillinginfo.com\County_Scans_Beta\cs_digital\nm\cibola\3629,s3://enverus-courthouse-prod-chd-plants/nm/cibola/3629/36295f07-e81c-4cc9-932e-09e8a22de654.pdf
37f2364f-f867-422b-97a1-a218eb75f0fa,CIBOLA,NM,\\smb.dc2isilon.na.drillinginfo.com\County_Scans_Beta\cs_digital\nm\cibola\37f2,s3://enverus-courthouse-prod-chd-plants/nm/cibola/37f2/37f2364f-f867-422b-97a1-a218eb75f0fa.pdf
38709fa3-7a3e-4d16-9c8a-9667d60fa686,CIBOLA,NM,\\smb.dc2isilon.na.drillinginfo.com\County_Scans_Beta\cs_digital\nm\cibola\3870,s3://enverus-courthouse-prod-chd-plants/nm/cibola/3870/38709fa3-7a3e-4d16-9c8a-9667d60fa686.pdf
3a8feec5-6379-4d7a-a8b3-8bb43b52d17c,CIBOLA,NM,\\smb.dc2isilon.na.drillinginfo.com\County_Scans_Beta\cs_digital\nm\cibola\3a8f,s3://enverus-courthouse-prod-chd-plants/nm/cibola/3a8f/3a8feec5-6379-4d7a-a8b3-8bb43b52d17c.pdf
3af4aac4-0753-4d04-be65-36180d21bbec,CIBOLA,NM,\\smb.dc2isilon.na.drillinginfo.com\County_Scans_Beta\cs_digital\nm\cibola\3af4,s3://enverus-courthouse-prod-chd-plants/nm/cibola/3af4/3af4aac4-0753-4d04-be65-36180d21bbec.pdf
3c184ec5-2a70-4ac2-8216-c34d4d75d9d4,CIBOLA,NM,\\smb.dc2isilon.na.drillinginfo.com\County_Scans_Beta\cs_digital\nm\cibola\3c18,s3://enverus-courthouse-prod-chd-plants/nm/cibola/3c18/3c184ec5-2a70-4ac2-8216-c34d4d75d9d4.pdf
3c51c052-39f2-44f8-9fdc-637eabbe54e5,CIBOLA,NM,\\smb.dc2isilon.na.drillinginfo.com\County_Scans_Beta\cs_digital\nm\cibola\3c51,s3://enverus-courthouse-prod-chd-plants/nm/cibola/3c51/3c51c052-39f2-44f8-9fdc-637eabbe54e5.pdf
3c6200fa-7e12-4ccf-ba5d-d2dcb79155bb,CIBOLA,NM,\\smb.dc2isilon.na.drillinginfo.com\County_Scans_Beta\cs_digital\nm\cibola\3c62,s3://enverus-courthouse-prod-chd-plants/nm/cibola/3c62/3c6200fa-7e12-4ccf-ba5d-d2dcb79155bb.pdf
3d990883-d778-47fe-8413-6f1cd7aba693,CIBOLA,NM,\\smb.dc2isilon.na.drillinginfo.com\County_Scans_Beta\cs_digital\nm\cibola\3d99,s3://enverus-courthouse-prod-chd-plants/nm/cibola/3d99/3d990883-d778-47fe-8413-6f1cd7aba693.pdf
4558accb-e3a2-46ea-866d-8b27473b5da3,CIBOLA,NM,\\smb.dc2isilon.na.drillinginfo.com\County_Scans_Beta\cs_digital\nm\cibola\4558,s3://enverus-courthouse-prod-chd-plants/nm/cibola/4558/4558accb-e3a2-46ea-866d-8b27473b5da3.pdf
47082c90-2e15-47e1-9c09-76fa4743b3a7,CIBOLA,NM,\\smb.dc2isilon.na.drillinginfo.com\County_Scans_Beta\cs_digital\nm\cibola\4708,s3://enverus-courthouse-prod-chd-plants/nm/cibola/4708/47082c90-2e15-47e1-9c09-76fa4743b3a7.pdf
4b0d6c58-d195-4499-8f2e-3a119e31b0e0,CIBOLA,NM,\\smb.dc2isilon.na.drillinginfo.com\County_Scans_Beta\cs_digital\nm\cibola\4b0d,s3://enverus-courthouse-prod-chd-plants/nm/cibola/4b0d/4b0d6c58-d195-4499-8f2e-3a119e31b0e0.pdf
4c668776-4f23-4857-87ff-e3a216e2dbfe,CIBOLA,NM,\\smb.dc2isilon.na.drillinginfo.com\County_Scans_Beta\cs_digital\nm\cibola\4c66,s3://enverus-courthouse-prod-chd-plants/nm/cibola/4c66/4c668776-4f23-4857-87ff-e3a216e2dbfe.pdf
4cc7383a-7afa-4ed1-8c70-e811d69e4a11,CIBOLA,NM,\\smb.dc2isilon.na.drillinginfo.com\County_Scans_Beta\cs_digital\nm\cibola\4cc7,s3://enverus-courthouse-prod-chd-plants/nm/cibola/4cc7/4cc7383a-7afa-4ed1-8c70-e811d69e4a11.pdf
4d17b186-065f-47bc-8c5d-acd191516622,CIBOLA,NM,\\smb.dc2isilon.na.drillinginfo.com\County_Scans_Beta\cs_digital\nm\cibola\4d17,s3://enverus-courthouse-prod-chd-plants/nm/cibola/4d17/4d17b186-065f-47bc-8c5d-acd191516622.pdf
4d48fe10-bb2a-47ac-bd16-a482dc7f11f3,CIBOLA,NM,\\smb.dc2isilon.na.drillinginfo.com\County_Scans_Beta\cs_digital\nm\cibola\4d48,s3://enverus-courthouse-prod-chd-plants/nm/cibola/4d48/4d48fe10-bb2a-47ac-bd16-a482dc7f11f3.pdf
4dc6ebfd-2708-44f3-927c-184319d98383,CIBOLA,NM,\\smb.dc2isilon.na.drillinginfo.com\County_Scans_Beta\cs_digital\nm\cibola\4dc6,s3://enverus-courthouse-prod-chd-plants/nm/cibola/4dc6/4dc6ebfd-2708-44f3-927c-184319d98383.pdf
506a9c5f-8535-4810-a070-025601452b24,CIBOLA,NM,\\smb.dc2isilon.na.drillinginfo.com\County_Scans_Beta\cs_digital\nm\cibola\506a,s3://enverus-courthouse-prod-chd-plants/nm/cibola/506a/506a9c5f-8535-4810-a070-025601452b24.pdf
50c1a71c-3d0e-4ca7-8789-bdf4db3666bc,CIBOLA,NM,\\smb.dc2isilon.na.drillinginfo.com\County_Scans_Beta\cs_digital\nm\cibola\50c1,s3://enverus-courthouse-prod-chd-plants/nm/cibola/50c1/50c1a71c-3d0e-4ca7-8789-bdf4db3666bc.pdf
5359b9a8-ce43-4c02-aff9-7b21e18e69c8,CIBOLA,NM,\\smb.dc2isilon.na.drillinginfo.com\County_Scans_Beta\cs_digital\nm\cibola\5359,s3://enverus-courthouse-prod-chd-plants/nm/cibola/5359/5359b9a8-ce43-4c02-aff9-7b21e18e69c8.pdf
5a9e5da5-8c19-4e7d-90f3-5e17e36cfc62,CIBOLA,NM,\\smb.dc2isilon.na.drillinginfo.com\County_Scans_Beta\cs_digital\nm\cibola\5a9e,s3://enverus-courthouse-prod-chd-plants/nm/cibola/5a9e/5a9e5da5-8c19-4e7d-90f3-5e17e36cfc62.pdf
5d3b8d47-ceaa-454b-b007-82cb024d391f,CIBOLA,NM,\\smb.dc2isilon.na.drillinginfo.com\County_Scans_Beta\cs_digital\nm\cibola\5d3b,s3://enverus-courthouse-prod-chd-plants/nm/cibola/5d3b/5d3b8d47-ceaa-454b-b007-82cb024d391f.pdf
5d454870-5e5b-4945-a68e-87183ae7c59f,CIBOLA,NM,\\smb.dc2isilon.na.drillinginfo.com\County_Scans_Beta\cs_digital\nm\cibola\5d45,s3://enverus-courthouse-prod-chd-plants/nm/cibola/5d45/5d454870-5e5b-4945-a68e-87183ae7c59f.pdf
5ee32116-d4eb-4d99-a0d9-0448c411ed35,CIBOLA,NM,\\smb.dc2isilon.na.drillinginfo.com\County_Scans_Beta\cs_digital\nm\cibola\5ee3,s3://enverus-courthouse-prod-chd-plants/nm/cibola/5ee3/5ee32116-d4eb-4d99-a0d9-0448c411ed35.pdf
5f70147d-4152-4145-9666-168a1d6dfc81,CIBOLA,NM,\\smb.dc2isilon.na.drillinginfo.com\County_Scans_Beta\cs_digital\nm\cibola\5f70,s3://enverus-courthouse-prod-chd-plants/nm/cibola/5f70/5f70147d-4152-4145-9666-168a1d6dfc81.pdf
5fac014f-3b9f-4449-9e4a-6f3f79f48c89,CIBOLA,NM,\\smb.dc2isilon.na.drillinginfo.com\County_Scans_Beta\cs_digital\nm\cibola\5fac,s3://enverus-courthouse-prod-chd-plants/nm/cibola/5fac/5fac014f-3b9f-4449-9e4a-6f3f79f48c89.pdf
60d6b22a-24c2-438b-87a6-f8913f613da5,CIBOLA,NM,\\smb.dc2isilon.na.drillinginfo.com\County_Scans_Beta\cs_digital\nm\cibola\60d6,s3://enverus-courthouse-prod-chd-plants/nm/cibola/60d6/60d6b22a-24c2-438b-87a6-f8913f613da5.pdf
647847c8-3f17-4730-8d4a-d9e7273fac4a,CIBOLA,NM,\\smb.dc2isilon.na.drillinginfo.com\County_Scans_Beta\cs_digital\nm\cibola\6478,s3://enverus-courthouse-prod-chd-plants/nm/cibola/6478/647847c8-3f17-4730-8d4a-d9e7273fac4a.pdf
648c02a0-5090-41c0-8740-04b35a4548b0,CIBOLA,NM,\\smb.dc2isilon.na.drillinginfo.com\County_Scans_Beta\cs_digital\nm\cibola\648c,s3://enverus-courthouse-prod-chd-plants/nm/cibola/648c/648c02a0-5090-41c0-8740-04b35a4548b0.pdf
649e42e0-cad1-4002-9009-307125851bcf,CIBOLA,NM,\\smb.dc2isilon.na.drillinginfo.com\County_Scans_Beta\cs_digital\nm\cibola\649e,s3://enverus-courthouse-prod-chd-plants/nm/cibola/649e/649e42e0-cad1-4002-9009-307125851bcf.pdf
655fd2d4-80dd-46f4-8e0c-08b1bef9921c,CIBOLA,NM,\\smb.dc2isilon.na.drillinginfo.com\County_Scans_Beta\cs_digital\nm\cibola\655f,s3://enverus-courthouse-prod-chd-plants/nm/cibola/655f/655fd2d4-80dd-46f4-8e0c-08b1bef9921c.pdf
693a1486-330a-4051-988d-eb69a088b0db,CIBOLA,NM,\\smb.dc2isilon.na.drillinginfo.com\county_scans_beta\cs_digital\nm\cibola\693a,s3://enverus-courthouse-prod-chd-plants/tx/bernalillo/693a/693a1486-330a-4051-988d-eb69a088b0db.pdf
6a583596-7002-4ab2-bf9c-78e186e70f0b,CIBOLA,NM,\\smb.dc2isilon.na.drillinginfo.com\County_Scans_Beta\cs_digital\nm\cibola\6a58,s3://enverus-courthouse-prod-chd-plants/nm/cibola/6a58/6a583596-7002-4ab2-bf9c-78e186e70f0b.pdf
6ae64d2a-21f2-4938-8e27-319cf1d15140,CIBOLA,NM,\\smb.dc2isilon.na.drillinginfo.com\County_Scans_Beta\cs_digital\nm\cibola\6ae6,s3://enverus-courthouse-prod-chd-plants/nm/cibola/6ae6/6ae64d2a-21f2-4938-8e27-319cf1d15140.pdf
6c0d9dad-abe9-4fb0-bcd9-9fe6bafe72ab,CIBOLA,NM,\\smb.dc2isilon.na.drillinginfo.com\County_Scans_Beta\cs_digital\nm\cibola\6c0d,s3://enverus-courthouse-prod-chd-plants/nm/cibola/6c0d/6c0d9dad-abe9-4fb0-bcd9-9fe6bafe72ab.pdf
6da9c992-3708-4a02-ab64-3f9387331974,CIBOLA,NM,\\smb.dc2isilon.na.drillinginfo.com\County_Scans_Beta\cs_digital\nm\cibola\6da9,s3://enverus-courthouse-prod-chd-plants/nm/cibola/6da9/6da9c992-3708-4a02-ab64-3f9387331974.pdf
6e9c041f-5403-42a1-8015-d4aa0cb73e8a,CIBOLA,NM,\\smb.dc2isilon.na.drillinginfo.com\County_Scans_Beta\cs_digital\nm\cibola\6e9c,s3://enverus-courthouse-prod-chd-plants/nm/cibola/6e9c/6e9c041f-5403-42a1-8015-d4aa0cb73e8a.pdf
75be8a08-aca9-4fc4-bb80-938811d196d3,CIBOLA,NM,\\smb.dc2isilon.na.drillinginfo.com\County_Scans_Beta\cs_digital\nm\cibola\75be,s3://enverus-courthouse-prod-chd-plants/nm/cibola/75be/75be8a08-aca9-4fc4-bb80-938811d196d3.pdf
7660efbc-9c42-4ab8-ad0f-3580fa81ba6b,CIBOLA,NM,\\smb.dc2isilon.na.drillinginfo.com\County_Scans_Beta\cs_digital\nm\cibola\7660,s3://enverus-courthouse-prod-chd-plants/nm/cibola/7660/7660efbc-9c42-4ab8-ad0f-3580fa81ba6b.pdf
7a36baa4-0f6d-4b6d-af3f-66268743b39d,CIBOLA,NM,\\smb.dc2isilon.na.drillinginfo.com\County_Scans_Beta\cs_digital\nm\cibola\7a36,s3://enverus-courthouse-prod-chd-plants/nm/cibola/7a36/7a36baa4-0f6d-4b6d-af3f-66268743b39d.pdf
7ab087f1-c293-470f-9468-32c9f6e046d7,CIBOLA,NM,\\smb.dc2isilon.na.drillinginfo.com\County_Scans_Beta\cs_digital\nm\cibola\7ab0,s3://enverus-courthouse-prod-chd-plants/nm/cibola/7ab0/7ab087f1-c293-470f-9468-32c9f6e046d7.pdf
7bdc6691-2ee9-4189-bf5a-ebe2aaa68686,CIBOLA,NM,\\smb.dc2isilon.na.drillinginfo.com\County_Scans_Beta\cs_digital\nm\cibola\7bdc,s3://enverus-courthouse-prod-chd-plants/nm/cibola/7bdc/7bdc6691-2ee9-4189-bf5a-ebe2aaa68686.pdf
7c94f6c9-3eb9-4ae6-b4c2-32ecc8e56d89,CIBOLA,NM,\\smb.dc2isilon.na.drillinginfo.com\County_Scans_Beta\cs_digital\nm\cibola\7c94,s3://enverus-courthouse-prod-chd-plants/nm/cibola/7c94/7c94f6c9-3eb9-4ae6-b4c2-32ecc8e56d89.pdf
7cdadfaa-dcb1-40fc-8e6e-3c326071fae7,CIBOLA,NM,\\smb.dc2isilon.na.drillinginfo.com\County_Scans_Beta\cs_digital\nm\cibola\7cda,s3://enverus-courthouse-prod-chd-plants/nm/cibola/7cda/7cdadfaa-dcb1-40fc-8e6e-3c326071fae7.pdf
7ce00ec9-12dd-4945-bb35-9cf24eec36c3,CIBOLA,NM,\\smb.dc2isilon.na.drillinginfo.com\County_Scans_Beta\cs_digital\nm\cibola\7ce0,s3://enverus-courthouse-prod-chd-plants/nm/cibola/7ce0/7ce00ec9-12dd-4945-bb35-9cf24eec36c3.pdf
80d6146f-26f0-4c3f-bed3-52c284265570,CIBOLA,NM,\\smb.dc2isilon.na.drillinginfo.com\County_Scans_Beta\cs_digital\nm\cibola\80d6,s3://enverus-courthouse-prod-chd-plants/nm/cibola/80d6/80d6146f-26f0-4c3f-bed3-52c284265570.pdf
82e85f53-6616-48e5-a5f0-878ebd1767c9,CIBOLA,NM,\\smb.dc2isilon.na.drillinginfo.com\County_Scans_Beta\cs_digital\nm\cibola\82e8,s3://enverus-courthouse-prod-chd-plants/nm/cibola/82e8/82e85f53-6616-48e5-a5f0-878ebd1767c9.pdf
840e7729-9cc5-41d6-87ce-3590bcfa3eb2,CIBOLA,NM,\\smb.dc2isilon.na.drillinginfo.com\County_Scans_Beta\cs_digital\nm\cibola\840e,s3://enverus-courthouse-prod-chd-plants/nm/cibola/840e/840e7729-9cc5-41d6-87ce-3590bcfa3eb2.pdf
84ab5a92-0e29-4aae-af42-101d3a12cdf8,CIBOLA,NM,\\smb.dc2isilon.na.drillinginfo.com\County_Scans_Beta\cs_digital\nm\cibola\84ab,s3://enverus-courthouse-prod-chd-plants/nm/cibola/84ab/84ab5a92-0e29-4aae-af42-101d3a12cdf8.pdf
879bb185-f277-4eeb-8240-6aae37e6988b,CIBOLA,NM,\\smb.dc2isilon.na.drillinginfo.com\County_Scans_Beta\cs_digital\nm\cibola\879b,s3://enverus-courthouse-prod-chd-plants/nm/cibola/879b/879bb185-f277-4eeb-8240-6aae37e6988b.pdf
887f4efe-bf8a-4c87-bf07-5beb8474dde6,CIBOLA,NM,\\smb.dc2isilon.na.drillinginfo.com\County_Scans_Beta\cs_digital\nm\cibola\887f,s3://enverus-courthouse-prod-chd-plants/nm/cibola/887f/887f4efe-bf8a-4c87-bf07-5beb8474dde6.pdf
8b255cce-5bf3-4582-aead-71f3d2097220,CIBOLA,NM,\\smb.dc2isilon.na.drillinginfo.com\County_Scans_Beta\cs_digital\nm\cibola\8b25,s3://enverus-courthouse-prod-chd-plants/nm/cibola/8b25/8b255cce-5bf3-4582-aead-71f3d2097220.pdf
8b66e0fc-8c31-4e29-9646-491821ad3293,CIBOLA,NM,\\smb.dc2isilon.na.drillinginfo.com\County_Scans_Beta\cs_digital\nm\cibola\8b66,s3://enverus-courthouse-prod-chd-plants/nm/cibola/8b66/8b66e0fc-8c31-4e29-9646-491821ad3293.pdf
8ef7da84-851b-42cd-b4a5-eae11285ca2e,CIBOLA,NM,\\smb.dc2isilon.na.drillinginfo.com\County_Scans_Beta\cs_digital\nm\cibola\8ef7,s3://enverus-courthouse-prod-chd-plants/nm/cibola/8ef7/8ef7da84-851b-42cd-b4a5-eae11285ca2e.pdf
8fcb0066-d510-494b-aa3e-1a27f141cdfe,CIBOLA,NM,\\smb.dc2isilon.na.drillinginfo.com\County_Scans_Beta\cs_digital\nm\cibola\8fcb,s3://enverus-courthouse-prod-chd-plants/nm/cibola/8fcb/8fcb0066-d510-494b-aa3e-1a27f141cdfe.pdf
8fd89908-d26b-4c32-b2b3-95edaf842d12,CIBOLA,NM,\\smb.dc2isilon.na.drillinginfo.com\County_Scans_Beta\cs_digital\nm\cibola\8fd8,s3://enverus-courthouse-prod-chd-plants/nm/cibola/8fd8/8fd89908-d26b-4c32-b2b3-95edaf842d12.pdf
93b21ce0-fb77-4bbc-9d68-74d8e9764637,CIBOLA,NM,\\smb.dc2isilon.na.drillinginfo.com\County_Scans_Beta\cs_digital\nm\cibola\93b2,s3://enverus-courthouse-prod-chd-plants/nm/cibola/93b2/93b21ce0-fb77-4bbc-9d68-74d8e9764637.pdf
9465d926-459b-42e7-86bd-39fea0fab8c4,CIBOLA,NM,\\smb.dc2isilon.na.drillinginfo.com\County_Scans_Beta\cs_digital\nm\cibola\9465,s3://enverus-courthouse-prod-chd-plants/nm/cibola/9465/9465d926-459b-42e7-86bd-39fea0fab8c4.pdf
94eded78-af8e-49ed-a70a-21f7abb06e4a,CIBOLA,NM,\\smb.dc2isilon.na.drillinginfo.com\County_Scans_Beta\cs_digital\nm\cibola\94ed,s3://enverus-courthouse-prod-chd-plants/nm/cibola/94ed/94eded78-af8e-49ed-a70a-21f7abb06e4a.pdf
95fc5fcc-46e9-4f08-beab-974f20396594,CIBOLA,NM,\\smb.dc2isilon.na.drillinginfo.com\County_Scans_Beta\cs_digital\nm\cibola\95fc,s3://enverus-courthouse-prod-chd-plants/nm/cibola/95fc/95fc5fcc-46e9-4f08-beab-974f20396594.pdf
960a4049-8704-44e3-995b-b1f5efbbd877,CIBOLA,NM,\\smb.dc2isilon.na.drillinginfo.com\County_Scans_Beta\cs_digital\nm\cibola\960a,s3://enverus-courthouse-prod-chd-plants/nm/cibola/960a/960a4049-8704-44e3-995b-b1f5efbbd877.pdf
96de901c-401b-4f6a-a7b1-bdd0b5df31ae,CIBOLA,NM,\\smb.dc2isilon.na.drillinginfo.com\County_Scans_Beta\cs_digital\nm\cibola\96de,s3://enverus-courthouse-prod-chd-plants/nm/cibola/96de/96de901c-401b-4f6a-a7b1-bdd0b5df31ae.pdf
975ea14c-fa43-4d5a-be54-ac73b5e07a73,CIBOLA,NM,\\smb.dc2isilon.na.drillinginfo.com\County_Scans_Beta\cs_digital\nm\cibola\975e,s3://enverus-courthouse-prod-chd-plants/nm/cibola/975e/975ea14c-fa43-4d5a-be54-ac73b5e07a73.pdf
983f69c5-bbc5-4656-b9e5-cc9a75c45515,CIBOLA,NM,\\smb.dc2isilon.na.drillinginfo.com\County_Scans_Beta\cs_digital\nm\cibola\983f,s3://enverus-courthouse-prod-chd-plants/nm/cibola/983f/983f69c5-bbc5-4656-b9e5-cc9a75c45515.pdf
984afdc4-6054-4a24-ae69-af5c224f94c0,CIBOLA,NM,\\smb.dc2isilon.na.drillinginfo.com\County_Scans_Beta\cs_digital\nm\cibola\984a,s3://enverus-courthouse-prod-chd-plants/nm/cibola/984a/984afdc4-6054-4a24-ae69-af5c224f94c0.pdf
9b5154fc-805f-46f8-914a-406445ae4a2e,CIBOLA,NM,\\smb.dc2isilon.na.drillinginfo.com\County_Scans_Beta\cs_digital\nm\cibola\9b51,s3://enverus-courthouse-prod-chd-plants/nm/cibola/9b51/9b5154fc-805f-46f8-914a-406445ae4a2e.pdf
9b696f22-c86d-44b5-9947-63af18a2f495,CIBOLA,NM,\\smb.dc2isilon.na.drillinginfo.com\County_Scans_Beta\cs_digital\nm\cibola\9b69,s3://enverus-courthouse-prod-chd-plants/nm/cibola/9b69/9b696f22-c86d-44b5-9947-63af18a2f495.pdf
9f5a16c6-02be-446f-8c57-0e3344c168af,CIBOLA,NM,\\smb.dc2isilon.na.drillinginfo.com\County_Scans_Beta\cs_digital\nm\cibola\9f5a,s3://enverus-courthouse-prod-chd-plants/nm/cibola/9f5a/9f5a16c6-02be-446f-8c57-0e3344c168af.pdf
a138376d-34ad-4965-b1f3-0fbbd02d0222,CIBOLA,NM,\\smb.dc2isilon.na.drillinginfo.com\County_Scans_Beta\cs_digital\nm\cibola\a138,s3://enverus-courthouse-prod-chd-plants/nm/cibola/a138/a138376d-34ad-4965-b1f3-0fbbd02d0222.pdf
a1b58ea2-684b-47f8-9792-b93f4f64827f,CIBOLA,NM,\\smb.dc2isilon.na.drillinginfo.com\County_Scans_Beta\cs_digital\nm\cibola\a1b5,s3://enverus-courthouse-prod-chd-plants/nm/cibola/a1b5/a1b58ea2-684b-47f8-9792-b93f4f64827f.pdf
a280b26e-1a96-4abd-8018-f4786141b594,CIBOLA,NM,\\smb.dc2isilon.na.drillinginfo.com\County_Scans_Beta\cs_digital\nm\cibola\a280,s3://enverus-courthouse-prod-chd-plants/nm/cibola/a280/a280b26e-1a96-4abd-8018-f4786141b594.pdf
a2f014cc-15a7-4a8e-8809-2926d03d001e,CIBOLA,NM,\\smb.dc2isilon.na.drillinginfo.com\County_Scans_Beta\cs_digital\nm\cibola\a2f0,s3://enverus-courthouse-prod-chd-plants/nm/cibola/a2f0/a2f014cc-15a7-4a8e-8809-2926d03d001e.pdf
a5f1f0ee-f310-48b1-b6ce-edaf3dcd24c8,CIBOLA,NM,\\smb.dc2isilon.na.drillinginfo.com\County_Scans_Beta\cs_digital\nm\cibola\a5f1,s3://enverus-courthouse-prod-chd-plants/nm/cibola/a5f1/a5f1f0ee-f310-48b1-b6ce-edaf3dcd24c8.pdf
a8f03c7c-e4e8-4806-b62f-3b4df4825c8e,CIBOLA,NM,\\smb.dc2isilon.na.drillinginfo.com\County_Scans_Beta\cs_digital\nm\cibola\a8f0,s3://enverus-courthouse-prod-chd-plants/nm/cibola/a8f0/a8f03c7c-e4e8-4806-b62f-3b4df4825c8e.pdf
aa47e69a-57eb-43e2-9492-12e4cbc72eed,CIBOLA,NM,\\smb.dc2isilon.na.drillinginfo.com\County_Scans_Beta\cs_digital\nm\cibola\aa47,s3://enverus-courthouse-prod-chd-plants/nm/cibola/aa47/aa47e69a-57eb-43e2-9492-12e4cbc72eed.pdf
ab276db2-742c-4e17-b7dd-fe972aed0286,CIBOLA,NM,\\smb.dc2isilon.na.drillinginfo.com\County_Scans_Beta\cs_digital\nm\cibola\ab27,s3://enverus-courthouse-prod-chd-plants/nm/cibola/ab27/ab276db2-742c-4e17-b7dd-fe972aed0286.pdf
ac988f1e-ad77-4149-a0ab-c4245431dc43,CIBOLA,NM,\\smb.dc2isilon.na.drillinginfo.com\County_Scans_Beta\cs_digital\nm\cibola\ac98,s3://enverus-courthouse-prod-chd-plants/nm/cibola/ac98/ac988f1e-ad77-4149-a0ab-c4245431dc43.pdf
ad61b6de-0218-42b0-9fe7-c26b72a261b6,CIBOLA,NM,\\smb.dc2isilon.na.drillinginfo.com\County_Scans_Beta\cs_digital\nm\cibola\ad61,s3://enverus-courthouse-prod-chd-plants/nm/cibola/ad61/ad61b6de-0218-42b0-9fe7-c26b72a261b6.pdf
ad8eba1f-5874-41a8-9662-ceaef619b983,CIBOLA,NM,\\smb.dc2isilon.na.drillinginfo.com\County_Scans_Beta\cs_digital\nm\cibola\ad8e,s3://enverus-courthouse-prod-chd-plants/nm/cibola/ad8e/ad8eba1f-5874-41a8-9662-ceaef619b983.pdf
b0b4f117-04b2-47ab-a9a9-8b767a01278a,CIBOLA,NM,\\smb.dc2isilon.na.drillinginfo.com\County_Scans_Beta\cs_digital\nm\cibola\b0b4,s3://enverus-courthouse-prod-chd-plants/nm/cibola/b0b4/b0b4f117-04b2-47ab-a9a9-8b767a01278a.pdf
b135cfca-73f0-4bcb-8ce6-a0ddf4c2d11a,CIBOLA,NM,\\smb.dc2isilon.na.drillinginfo.com\County_Scans_Beta\cs_digital\nm\cibola\b135,s3://enverus-courthouse-prod-chd-plants/nm/cibola/b135/b135cfca-73f0-4bcb-8ce6-a0ddf4c2d11a.pdf
b69d6d78-77db-440a-b970-df102dd1269b,CIBOLA,NM,\\smb.dc2isilon.na.drillinginfo.com\County_Scans_Beta\cs_digital\nm\cibola\b69d,s3://enverus-courthouse-prod-chd-plants/nm/cibola/b69d/b69d6d78-77db-440a-b970-df102dd1269b.pdf
b7d25477-e770-4d57-927e-af54959fcfe9,CIBOLA,NM,\\smb.dc2isilon.na.drillinginfo.com\County_Scans_Beta\cs_digital\nm\cibola\b7d2,s3://enverus-courthouse-prod-chd-plants/nm/cibola/b7d2/b7d25477-e770-4d57-927e-af54959fcfe9.pdf
bb1b1f75-f1b7-4292-9644-4b61bf04d203,CIBOLA,NM,\\smb.dc2isilon.na.drillinginfo.com\County_Scans_Beta\cs_digital\nm\cibola\bb1b,s3://enverus-courthouse-prod-chd-plants/nm/cibola/bb1b/bb1b1f75-f1b7-4292-9644-4b61bf04d203.pdf
bb666ddb-0e69-4e86-89b3-c7e399571aab,CIBOLA,NM,\\smb.dc2isilon.na.drillinginfo.com\County_Scans_Beta\cs_digital\nm\cibola\bb66,s3://enverus-courthouse-prod-chd-plants/nm/cibola/bb66/bb666ddb-0e69-4e86-89b3-c7e399571aab.pdf
bbf08f12-e573-4b30-9724-172426c4d2f9,CIBOLA,NM,\\smb.dc2isilon.na.drillinginfo.com\County_Scans_Beta\cs_digital\nm\cibola\bbf0,s3://enverus-courthouse-prod-chd-plants/nm/cibola/bbf0/bbf08f12-e573-4b30-9724-172426c4d2f9.pdf
be25119e-f7eb-47d9-84b4-7cd2ab2fb52b,CIBOLA,NM,\\smb.dc2isilon.na.drillinginfo.com\County_Scans_Beta\cs_digital\nm\cibola\be25,s3://enverus-courthouse-prod-chd-plants/nm/cibola/be25/be25119e-f7eb-47d9-84b4-7cd2ab2fb52b.pdf
bf18e6b5-ff82-4a44-a8eb-a86a0256a4e0,CIBOLA,NM,\\smb.dc2isilon.na.drillinginfo.com\County_Scans_Beta\cs_digital\nm\cibola\bf18,s3://enverus-courthouse-prod-chd-plants/nm/cibola/bf18/bf18e6b5-ff82-4a44-a8eb-a86a0256a4e0.pdf
bf24531f-5029-42f5-815a-d89c7e338366,CIBOLA,NM,\\smb.dc2isilon.na.drillinginfo.com\County_Scans_Beta\cs_digital\nm\cibola\bf24,s3://enverus-courthouse-prod-chd-plants/nm/cibola/bf24/bf24531f-5029-42f5-815a-d89c7e338366.pdf
bf6fed37-76d4-40e3-951f-7d0074bb0a25,CIBOLA,NM,\\smb.dc2isilon.na.drillinginfo.com\County_Scans_Beta\cs_digital\nm\cibola\bf6f,s3://enverus-courthouse-prod-chd-plants/nm/cibola/bf6f/bf6fed37-76d4-40e3-951f-7d0074bb0a25.pdf
c2f243ba-f19b-42f9-8c22-29e5383d907e,CIBOLA,NM,\\smb.dc2isilon.na.drillinginfo.com\County_Scans_Beta\cs_digital\nm\cibola\c2f2,s3://enverus-courthouse-prod-chd-plants/nm/cibola/c2f2/c2f243ba-f19b-42f9-8c22-29e5383d907e.pdf
c571d7c3-2291-4385-aa8e-02bffe95aef9,CIBOLA,NM,\\smb.dc2isilon.na.drillinginfo.com\County_Scans_Beta\cs_digital\nm\cibola\c571,s3://enverus-courthouse-prod-chd-plants/nm/cibola/c571/c571d7c3-2291-4385-aa8e-02bffe95aef9.pdf
c5c1b6a1-bcc4-45de-a8fd-955badbd1a88,CIBOLA,NM,\\smb.dc2isilon.na.drillinginfo.com\County_Scans_Beta\cs_digital\nm\cibola\c5c1,s3://enverus-courthouse-prod-chd-plants/nm/cibola/c5c1/c5c1b6a1-bcc4-45de-a8fd-955badbd1a88.pdf
c6253d32-ad2b-4360-a493-8b5cd11b290d,CIBOLA,NM,\\smb.dc2isilon.na.drillinginfo.com\County_Scans_Beta\cs_digital\nm\cibola\c625,s3://enverus-courthouse-prod-chd-plants/nm/cibola/c625/c6253d32-ad2b-4360-a493-8b5cd11b290d.pdf
c64ec8f3-e22b-4b5a-a582-7342a44dbffa,CIBOLA,NM,\\smb.dc2isilon.na.drillinginfo.com\County_Scans_Beta\cs_digital\nm\cibola\c64e,s3://enverus-courthouse-prod-chd-plants/nm/cibola/c64e/c64ec8f3-e22b-4b5a-a582-7342a44dbffa.pdf
c833a6f9-2b8a-45f3-9a3d-6875134daacb,CIBOLA,NM,\\smb.dc2isilon.na.drillinginfo.com\County_Scans_Beta\cs_digital\nm\cibola\c833,s3://enverus-courthouse-prod-chd-plants/nm/cibola/c833/c833a6f9-2b8a-45f3-9a3d-6875134daacb.pdf
c8bba72e-c4ef-409b-b89d-482d28aa92de,CIBOLA,NM,\\smb.dc2isilon.na.drillinginfo.com\County_Scans_Beta\cs_digital\nm\cibola\c8bb,s3://enverus-courthouse-prod-chd-plants/nm/cibola/c8bb/c8bba72e-c4ef-409b-b89d-482d28aa92de.pdf
c99e8785-02f3-4f78-a79b-291fc69f39ec,CIBOLA,NM,\\smb.dc2isilon.na.drillinginfo.com\County_Scans_Beta\cs_digital\nm\cibola\c99e,s3://enverus-courthouse-prod-chd-plants/nm/cibola/c99e/c99e8785-02f3-4f78-a79b-291fc69f39ec.pdf
cab80cbc-6138-40ba-89aa-9f0a69e035b5,CIBOLA,NM,\\smb.dc2isilon.na.drillinginfo.com\County_Scans_Beta\cs_digital\nm\cibola\cab8,s3://enverus-courthouse-prod-chd-plants/nm/cibola/cab8/cab80cbc-6138-40ba-89aa-9f0a69e035b5.pdf
cd9912f1-c4c8-432a-80dd-68adaa8d8d56,CIBOLA,NM,\\smb.dc2isilon.na.drillinginfo.com\County_Scans_Beta\cs_digital\nm\cibola\cd99,s3://enverus-courthouse-prod-chd-plants/nm/cibola/cd99/cd9912f1-c4c8-432a-80dd-68adaa8d8d56.pdf
d2786cca-0dbd-4919-b4ce-24d6f582faab,CIBOLA,NM,\\smb.dc2isilon.na.drillinginfo.com\County_Scans_Beta\cs_digital\nm\cibola\d278,s3://enverus-courthouse-prod-chd-plants/nm/cibola/d278/d2786cca-0dbd-4919-b4ce-24d6f582faab.pdf
d2b08c1d-88a9-45f9-bf83-061d10888388,CIBOLA,NM,\\smb.dc2isilon.na.drillinginfo.com\County_Scans_Beta\cs_digital\nm\cibola\d2b0,s3://enverus-courthouse-prod-chd-plants/nm/cibola/d2b0/d2b08c1d-88a9-45f9-bf83-061d10888388.pdf
d38bd01b-368b-45a4-bf22-24e6226d2231,CIBOLA,NM,\\smb.dc2isilon.na.drillinginfo.com\County_Scans_Beta\cs_digital\nm\cibola\d38b,s3://enverus-courthouse-prod-chd-plants/nm/cibola/d38b/d38bd01b-368b-45a4-bf22-24e6226d2231.pdf
d606513c-0185-4d89-a0ef-33ad508708a4,CIBOLA,NM,\\smb.dc2isilon.na.drillinginfo.com\County_Scans_Beta\cs_digital\nm\cibola\d606,s3://enverus-courthouse-prod-chd-plants/nm/cibola/d606/d606513c-0185-4d89-a0ef-33ad508708a4.pdf
d7ec284d-3b20-44f8-a2f6-6bf9356247a0,CIBOLA,NM,\\smb.dc2isilon.na.drillinginfo.com\County_Scans_Beta\cs_digital\nm\cibola\d7ec,s3://enverus-courthouse-prod-chd-plants/nm/cibola/d7ec/d7ec284d-3b20-44f8-a2f6-6bf9356247a0.pdf
d96d1f89-2b48-4cdf-9939-0e7b3e6a60b1,CIBOLA,NM,\\smb.dc2isilon.na.drillinginfo.com\County_Scans_Beta\cs_digital\nm\cibola\d96d,s3://enverus-courthouse-prod-chd-plants/nm/cibola/d96d/d96d1f89-2b48-4cdf-9939-0e7b3e6a60b1.pdf
d9a24043-d23d-4db8-880a-a47fa2b7cb85,CIBOLA,NM,\\smb.dc2isilon.na.drillinginfo.com\County_Scans_Beta\cs_digital\nm\cibola\d9a2,s3://enverus-courthouse-prod-chd-plants/nm/cibola/d9a2/d9a24043-d23d-4db8-880a-a47fa2b7cb85.pdf
d9aed2ae-4057-4a79-ae77-9a7bfaf6a65a,CIBOLA,NM,\\smb.dc2isilon.na.drillinginfo.com\County_Scans_Beta\cs_digital\nm\cibola\d9ae,s3://enverus-courthouse-prod-chd-plants/nm/cibola/d9ae/d9aed2ae-4057-4a79-ae77-9a7bfaf6a65a.pdf
dae4da61-b419-4195-86b8-56349f35d9fe,CIBOLA,NM,\\smb.dc2isilon.na.drillinginfo.com\County_Scans_Beta\cs_digital\nm\cibola\dae4,s3://enverus-courthouse-prod-chd-plants/nm/cibola/dae4/dae4da61-b419-4195-86b8-56349f35d9fe.pdf
db4b0058-2583-4b27-860c-dbe502ae2387,CIBOLA,NM,\\smb.dc2isilon.na.drillinginfo.com\County_Scans_Beta\cs_digital\nm\cibola\db4b,s3://enverus-courthouse-prod-chd-plants/nm/cibola/db4b/db4b0058-2583-4b27-860c-dbe502ae2387.pdf
de1444fc-661c-43f7-8f8e-b9db7effa1fd,CIBOLA,NM,\\smb.dc2isilon.na.drillinginfo.com\County_Scans_Beta\cs_digital\nm\cibola\de14,s3://enverus-courthouse-prod-chd-plants/nm/cibola/de14/de1444fc-661c-43f7-8f8e-b9db7effa1fd.pdf
de193c8c-1df4-4cf2-9f91-c7a14093ea2f,CIBOLA,NM,\\smb.dc2isilon.na.drillinginfo.com\County_Scans_Beta\cs_digital\nm\cibola\de19,s3://enverus-courthouse-prod-chd-plants/nm/cibola/de19/de193c8c-1df4-4cf2-9f91-c7a14093ea2f.pdf
df475747-7745-41b0-82d8-93f7a41f0539,CIBOLA,NM,\\smb.dc2isilon.na.drillinginfo.com\County_Scans_Beta\cs_digital\nm\cibola\df47,s3://enverus-courthouse-prod-chd-plants/nm/cibola/df47/df475747-7745-41b0-82d8-93f7a41f0539.pdf
e0a35998-9081-41c3-9233-8c198ec0a004,CIBOLA,NM,\\smb.dc2isilon.na.drillinginfo.com\County_Scans_Beta\cs_digital\nm\cibola\e0a3,s3://enverus-courthouse-prod-chd-plants/nm/cibola/e0a3/e0a35998-9081-41c3-9233-8c198ec0a004.pdf
e14a03c0-8c4d-44ed-895f-71459a28b44f,CIBOLA,NM,\\smb.dc2isilon.na.drillinginfo.com\County_Scans_Beta\cs_digital\nm\cibola\e14a,s3://enverus-courthouse-prod-chd-plants/nm/cibola/e14a/e14a03c0-8c4d-44ed-895f-71459a28b44f.pdf
e1702f42-11fd-41cf-a014-69397b53bed9,CIBOLA,NM,\\smb.dc2isilon.na.drillinginfo.com\County_Scans_Beta\cs_digital\nm\cibola\e170,s3://enverus-courthouse-prod-chd-plants/nm/cibola/e170/e1702f42-11fd-41cf-a014-69397b53bed9.pdf
e1d0bda3-8a00-4133-99cb-17f2bf0f05c5,CIBOLA,NM,\\smb.dc2isilon.na.drillinginfo.com\County_Scans_Beta\cs_digital\nm\cibola\e1d0,s3://enverus-courthouse-prod-chd-plants/nm/cibola/e1d0/e1d0bda3-8a00-4133-99cb-17f2bf0f05c5.pdf
e3ed9439-427e-47b2-b4fe-01730e6595e4,CIBOLA,NM,\\smb.dc2isilon.na.drillinginfo.com\County_Scans_Beta\cs_digital\nm\cibola\e3ed,s3://enverus-courthouse-prod-chd-plants/nm/cibola/e3ed/e3ed9439-427e-47b2-b4fe-01730e6595e4.pdf
e5ddbb43-94f9-4eb6-ac77-207fc1050479,CIBOLA,NM,\\smb.dc2isilon.na.drillinginfo.com\County_Scans_Beta\cs_digital\nm\cibola\e5dd,s3://enverus-courthouse-prod-chd-plants/nm/cibola/e5dd/e5ddbb43-94f9-4eb6-ac77-207fc1050479.pdf
e8b7947f-449c-49b0-b7fd-af9db7afdc6d,CIBOLA,NM,\\smb.dc2isilon.na.drillinginfo.com\County_Scans_Beta\cs_digital\nm\cibola\e8b7,s3://enverus-courthouse-prod-chd-plants/nm/cibola/e8b7/e8b7947f-449c-49b0-b7fd-af9db7afdc6d.pdf
e922a8e7-f76c-4a75-b32f-3a8cec07ecca,CIBOLA,NM,\\smb.dc2isilon.na.drillinginfo.com\County_Scans_Beta\cs_digital\nm\cibola\e922,s3://enverus-courthouse-prod-chd-plants/nm/cibola/e922/e922a8e7-f76c-4a75-b32f-3a8cec07ecca.pdf
e9a19053-ffde-431b-a4fd-3b8ad4156e73,CIBOLA,NM,\\smb.dc2isilon.na.drillinginfo.com\County_Scans_Beta\cs_digital\nm\cibola\e9a1,s3://enverus-courthouse-prod-chd-plants/nm/cibola/e9a1/e9a19053-ffde-431b-a4fd-3b8ad4156e73.pdf
eb338af1-529c-4ccd-9de3-fa15e153f378,CIBOLA,NM,\\smb.dc2isilon.na.drillinginfo.com\County_Scans_Beta\cs_digital\nm\cibola\eb33,s3://enverus-courthouse-prod-chd-plants/nm/cibola/eb33/eb338af1-529c-4ccd-9de3-fa15e153f378.pdf
ee9544eb-8bc8-4bfd-8b9c-b9a7493b007e,CIBOLA,NM,\\smb.dc2isilon.na.drillinginfo.com\County_Scans_Beta\cs_digital\nm\cibola\ee95,s3://enverus-courthouse-prod-chd-plants/nm/cibola/ee95/ee9544eb-8bc8-4bfd-8b9c-b9a7493b007e.pdf
eec74202-3d2f-4769-b071-cbec369942e1,CIBOLA,NM,\\smb.dc2isilon.na.drillinginfo.com\County_Scans_Beta\cs_digital\nm\cibola\eec7,s3://enverus-courthouse-prod-chd-plants/nm/cibola/eec7/eec74202-3d2f-4769-b071-cbec369942e1.pdf
efd5c790-d8a5-4f26-9fde-0acc93c99dfe,CIBOLA,NM,\\smb.dc2isilon.na.drillinginfo.com\County_Scans_Beta\cs_digital\nm\cibola\efd5,s3://enverus-courthouse-prod-chd-plants/nm/cibola/efd5/efd5c790-d8a5-4f26-9fde-0acc93c99dfe.pdf
f5ebbdb8-2f2c-41ee-a8af-9c73e550786f,CIBOLA,NM,\\smb.dc2isilon.na.drillinginfo.com\County_Scans_Beta\cs_digital\nm\cibola\f5eb,s3://enverus-courthouse-prod-chd-plants/nm/cibola/f5eb/f5ebbdb8-2f2c-41ee-a8af-9c73e550786f.pdf
f83c6d6f-a34e-47ac-a610-34cd50f57ed7,CIBOLA,NM,\\smb.dc2isilon.na.drillinginfo.com\County_Scans_Beta\cs_digital\nm\cibola\f83c,s3://enverus-courthouse-prod-chd-plants/nm/cibola/f83c/f83c6d6f-a34e-47ac-a610-34cd50f57ed7.pdf
fa03cecc-58fe-466e-b712-4013d0ad55e6,CIBOLA,NM,\\smb.dc2isilon.na.drillinginfo.com\County_Scans_Beta\cs_digital\nm\cibola\fa03,s3://enverus-courthouse-prod-chd-plants/nm/cibola/fa03/fa03cecc-58fe-466e-b712-4013d0ad55e6.pdf
fa52e958-faab-4e51-ab2e-75db2d7d82db,CIBOLA,NM,\\smb.dc2isilon.na.drillinginfo.com\County_Scans_Beta\cs_digital\nm\cibola\fa52,s3://enverus-courthouse-prod-chd-plants/nm/cibola/fa52/fa52e958-faab-4e51-ab2e-75db2d7d82db.pdf
fad147eb-7786-43ff-91c3-564d259ffce2,CIBOLA,NM,\\smb.dc2isilon.na.drillinginfo.com\County_Scans_Beta\cs_digital\nm\cibola\fad1,s3://enverus-courthouse-prod-chd-plants/nm/cibola/fad1/fad147eb-7786-43ff-91c3-564d259ffce2.pdf
fbcd63cb-2b80-48ed-b5af-e140383c0262,CIBOLA,NM,\\smb.dc2isilon.na.drillinginfo.com\County_Scans_Beta\cs_digital\nm\cibola\fbcd,s3://enverus-courthouse-prod-chd-plants/nm/cibola/fbcd/fbcd63cb-2b80-48ed-b5af-e140383c0262.pdf
fce642fb-8fba-4ddd-86a7-574738321362,CIBOLA,NM,\\smb.dc2isilon.na.drillinginfo.com\County_Scans_Beta\cs_digital\nm\cibola\fce6,s3://enverus-courthouse-prod-chd-plants/nm/cibola/fce6/fce642fb-8fba-4ddd-86a7-574738321362.pdf
fd6e385a-68a2-45a5-b600-6277ed47d6f7,CIBOLA,NM,\\smb.dc2isilon.na.drillinginfo.com\County_Scans_Beta\cs_digital\nm\cibola\fd6e,s3://enverus-courthouse-prod-chd-plants/nm/cibola/fd6e/fd6e385a-68a2-45a5-b600-6277ed47d6f7.pdf
