recordID,CountyID,CountyName,StateAbbreviation,recordNumber,fileDate,statusID,originalFileName,storageFilePath
045a18d4-50ad-4b90-ad73-eecd21ca2cc0,184,Parker,TX,202211471,2022-03-25 00:00:00,17,045a18d4-50ad-4b90-ad73-eecd21ca2cc0,\\aus2-cs-fss01.na.drillinginfo.com\CS_TitleImages\CountyScansTitleImages\gpdm_imagestore\PARKER_IMAGES\045A
058fa9be-f621-4ceb-bbcc-5a1ac53bb350,184,Parker,TX,202207998,2022-03-02 00:00:00,17,058fa9be-f621-4ceb-bbcc-5a1ac53bb350,\\aus2-cs-fss01.na.drillinginfo.com\CS_TitleImages\CountyScansTitleImages\gpdm_imagestore\PARKER_IMAGES\058F
07dd15c9-7cd1-40c3-ace2-52a5703550b2,184,Parker,TX,202206800,2022-02-23 00:00:00,17,07dd15c9-7cd1-40c3-ace2-52a5703550b2,\\aus2-cs-fss01.na.drillinginfo.com\CS_TitleImages\CountyScansTitleImages\gpdm_imagestore\PARKER_IMAGES\07DD
080ae8e8-1a67-46e5-94df-22dff6a0b9fa,184,Parker,TX,202215996,2022-04-27 00:00:00,17,080ae8e8-1a67-46e5-94df-22dff6a0b9fa,\\aus2-cs-fss01.na.drillinginfo.com\CS_TitleImages\CountyScansTitleImages\gpdm_imagestore\PARKER_IMAGES\080A
0d5d5f6e-6d17-4287-9061-8b8e14807083,184,Parker,TX,202209884,2022-03-15 00:00:00,17,0d5d5f6e-6d17-4287-9061-8b8e14807083,\\aus2-cs-fss01.na.drillinginfo.com\CS_TitleImages\CountyScansTitleImages\gpdm_imagestore\PARKER_IMAGES\0D5D
0e350e4e-ffa4-4bf5-806c-28b610fc00d3,184,Parker,TX,202211981,2022-03-29 00:00:00,17,0e350e4e-ffa4-4bf5-806c-28b610fc00d3,\\aus2-cs-fss01.na.drillinginfo.com\CS_TitleImages\CountyScansTitleImages\gpdm_imagestore\PARKER_IMAGES\0E35
0f77bdf9-90cc-4bd1-8fef-0c70b21bbc10,184,Parker,TX,202210235,2022-03-17 00:00:00,17,0f77bdf9-90cc-4bd1-8fef-0c70b21bbc10,\\aus2-cs-fss01.na.drillinginfo.com\CS_TitleImages\CountyScansTitleImages\gpdm_imagestore\PARKER_IMAGES\0F77
1068dce8-0c53-4bcf-87ea-2eec8d3ebf85,184,Parker,TX,202212921,2022-04-04 00:00:00,17,1068dce8-0c53-4bcf-87ea-2eec8d3ebf85,\\aus2-cs-fss01.na.drillinginfo.com\CS_TitleImages\CountyScansTitleImages\gpdm_imagestore\PARKER_IMAGES\1068
1084227d-4e89-47be-a70e-4847263ba900,184,Parker,TX,202207652,2022-03-01 00:00:00,17,1084227d-4e89-47be-a70e-4847263ba900,\\aus2-cs-fss01.na.drillinginfo.com\CS_TitleImages\CountyScansTitleImages\gpdm_imagestore\PARKER_IMAGES\1084
11318ef5-355d-4366-a97a-ad8bb6819ab1,184,Parker,TX,202211602,2022-03-28 00:00:00,17,11318ef5-355d-4366-a97a-ad8bb6819ab1,\\aus2-cs-fss01.na.drillinginfo.com\CS_TitleImages\CountyScansTitleImages\gpdm_imagestore\PARKER_IMAGES\1131
11416f93-3ad0-4bbc-a733-c67b52b3b151,184,Parker,TX,202209977,2022-03-15 00:00:00,17,11416f93-3ad0-4bbc-a733-c67b52b3b151,\\aus2-cs-fss01.na.drillinginfo.com\CS_TitleImages\CountyScansTitleImages\gpdm_imagestore\PARKER_IMAGES\1141
12b23a3a-e466-4cf9-80bc-98ceb1592a00,184,Parker,TX,202214190,2022-04-13 00:00:00,17,12b23a3a-e466-4cf9-80bc-98ceb1592a00,\\aus2-cs-fss01.na.drillinginfo.com\CS_TitleImages\CountyScansTitleImages\gpdm_imagestore\PARKER_IMAGES\12B2
12f607b7-795c-40d2-aa57-81421694885c,184,Parker,TX,202211564,2022-03-28 00:00:00,17,12f607b7-795c-40d2-aa57-81421694885c,\\aus2-cs-fss01.na.drillinginfo.com\CS_TitleImages\CountyScansTitleImages\gpdm_imagestore\PARKER_IMAGES\12F6
13401781-febd-4950-bf2c-8b499cadd261,184,Parker,TX,202209659,2022-03-14 00:00:00,17,13401781-febd-4950-bf2c-8b499cadd261,\\aus2-cs-fss01.na.drillinginfo.com\CS_TitleImages\CountyScansTitleImages\gpdm_imagestore\PARKER_IMAGES\1340
156b0c2e-eb66-4fbb-ba6f-a984525693ff,184,Parker,TX,202204925,2022-02-08 00:00:00,17,156b0c2e-eb66-4fbb-ba6f-a984525693ff,\\aus2-cs-fss01.na.drillinginfo.com\CS_TitleImages\CountyScansTitleImages\gpdm_imagestore\PARKER_IMAGES\156B
1b181013-4c52-49f8-b8b2-b9037f6e319f,184,Parker,TX,202216180,2022-04-27 00:00:00,17,1b181013-4c52-49f8-b8b2-b9037f6e319f,\\aus2-cs-fss01.na.drillinginfo.com\CS_TitleImages\CountyScansTitleImages\gpdm_imagestore\PARKER_IMAGES\1B18
1c1faefe-f47f-40c4-9c73-9068435dc3c4,184,Parker,TX,202212646,2022-04-01 00:00:00,17,1c1faefe-f47f-40c4-9c73-9068435dc3c4,\\aus2-cs-fss01.na.drillinginfo.com\CS_TitleImages\CountyScansTitleImages\gpdm_imagestore\PARKER_IMAGES\1C1F
1c95cbba-7502-45a1-8529-117de9b49ba9,184,Parker,TX,202212232,2022-03-30 00:00:00,4,1c95cbba-7502-45a1-8529-117de9b49ba9,\\aus2-cs-fss01.na.drillinginfo.com\CS_TitleImages\CountyScansTitleImages\gpdm_imagestore\PARKER_IMAGES\1C95
1cc9f891-e276-4a06-97ab-a0d813526b73,184,Parker,TX,202206885,2022-02-23 00:00:00,17,1cc9f891-e276-4a06-97ab-a0d813526b73,\\aus2-cs-fss01.na.drillinginfo.com\CS_TitleImages\CountyScansTitleImages\gpdm_imagestore\PARKER_IMAGES\1CC9
1d11771e-b14f-4e5c-a136-8f2e27b17da6,184,Parker,TX,202210271,2022-03-17 00:00:00,17,1d11771e-b14f-4e5c-a136-8f2e27b17da6,\\aus2-cs-fss01.na.drillinginfo.com\CS_TitleImages\CountyScansTitleImages\gpdm_imagestore\PARKER_IMAGES\1D11
1de1224e-2ffe-4c40-b868-11ed7d50b14f,184,Parker,TX,202213691,2022-04-11 00:00:00,17,1de1224e-2ffe-4c40-b868-11ed7d50b14f,\\aus2-cs-fss01.na.drillinginfo.com\CS_TitleImages\CountyScansTitleImages\gpdm_imagestore\PARKER_IMAGES\1DE1
20aaebc1-c082-4b76-9f2a-aad6552b3c31,184,Parker,TX,202209112,2022-03-09 00:00:00,17,20aaebc1-c082-4b76-9f2a-aad6552b3c31,\\aus2-cs-fss01.na.drillinginfo.com\CS_TitleImages\CountyScansTitleImages\gpdm_imagestore\PARKER_IMAGES\20AA
21fd9098-8da3-4afa-ae14-9998c259f79f,184,Parker,TX,202207387,2022-02-28 00:00:00,17,21fd9098-8da3-4afa-ae14-9998c259f79f,\\aus2-cs-fss01.na.drillinginfo.com\CS_TitleImages\CountyScansTitleImages\gpdm_imagestore\PARKER_IMAGES\21FD
2786012d-a4a7-42df-94d6-7f9c49f4d9d3,184,Parker,TX,202206617,2022-02-22 00:00:00,17,2786012d-a4a7-42df-94d6-7f9c49f4d9d3,\\aus2-cs-fss01.na.drillinginfo.com\CS_TitleImages\CountyScansTitleImages\gpdm_imagestore\PARKER_IMAGES\2786
28da9045-7b35-40ea-9405-1bda33c7e4a0,184,Parker,TX,202211020,2022-03-23 00:00:00,17,28da9045-7b35-40ea-9405-1bda33c7e4a0,\\aus2-cs-fss01.na.drillinginfo.com\CS_TitleImages\CountyScansTitleImages\gpdm_imagestore\PARKER_IMAGES\28DA
2bed5437-7032-48cd-8d42-664214fe8e96,184,Parker,TX,202207821,2022-03-02 00:00:00,17,2bed5437-7032-48cd-8d42-664214fe8e96,\\aus2-cs-fss01.na.drillinginfo.com\CS_TitleImages\CountyScansTitleImages\gpdm_imagestore\PARKER_IMAGES\2BED
30a9617c-8708-4be8-9f65-e9411996dbdd,184,Parker,TX,202205829,2022-02-15 00:00:00,17,30a9617c-8708-4be8-9f65-e9411996dbdd,\\aus2-cs-fss01.na.drillinginfo.com\CS_TitleImages\CountyScansTitleImages\gpdm_imagestore\PARKER_IMAGES\30A9
321dcfd1-45d5-420b-8346-ec7f8eda1bd2,184,Parker,TX,202211734,2022-03-28 00:00:00,17,321dcfd1-45d5-420b-8346-ec7f8eda1bd2,\\aus2-cs-fss01.na.drillinginfo.com\CS_TitleImages\CountyScansTitleImages\gpdm_imagestore\PARKER_IMAGES\321D
32a8e4cc-7ae3-4e59-bef1-b454a39e1320,184,Parker,TX,202210675,2022-03-21 00:00:00,17,32a8e4cc-7ae3-4e59-bef1-b454a39e1320,\\aus2-cs-fss01.na.drillinginfo.com\CS_TitleImages\CountyScansTitleImages\gpdm_imagestore\PARKER_IMAGES\32A8
33152dbd-35ed-4f03-960c-41cf66852717,184,Parker,TX,202206457,2022-02-18 00:00:00,17,33152dbd-35ed-4f03-960c-41cf66852717,\\aus2-cs-fss01.na.drillinginfo.com\CS_TitleImages\CountyScansTitleImages\gpdm_imagestore\PARKER_IMAGES\3315
359013e4-e9a2-484c-a983-3b0cb28e6026,184,Parker,TX,202205896,2022-02-15 00:00:00,17,359013e4-e9a2-484c-a983-3b0cb28e6026,\\aus2-cs-fss01.na.drillinginfo.com\CS_TitleImages\CountyScansTitleImages\gpdm_imagestore\PARKER_IMAGES\3590
3600b21f-99d0-4123-b91f-a14d262fb894,184,Parker,TX,202211296,2022-03-24 00:00:00,17,3600b21f-99d0-4123-b91f-a14d262fb894,\\aus2-cs-fss01.na.drillinginfo.com\CS_TitleImages\CountyScansTitleImages\gpdm_imagestore\PARKER_IMAGES\3600
36267f5a-8db7-4570-9628-d0f5e52c9caf,184,Parker,TX,202212852,2022-04-04 00:00:00,17,36267f5a-8db7-4570-9628-d0f5e52c9caf,\\aus2-cs-fss01.na.drillinginfo.com\CS_TitleImages\CountyScansTitleImages\gpdm_imagestore\PARKER_IMAGES\3626
391e72f1-aeb8-4aa2-a769-b9b32276233a,184,Parker,TX,202210735,2022-03-21 00:00:00,17,391e72f1-aeb8-4aa2-a769-b9b32276233a,\\aus2-cs-fss01.na.drillinginfo.com\CS_TitleImages\CountyScansTitleImages\gpdm_imagestore\PARKER_IMAGES\391E
39f87808-194a-4a15-bd8d-0be20ba8adcb,184,Parker,TX,202207447,2022-02-28 00:00:00,17,39f87808-194a-4a15-bd8d-0be20ba8adcb,\\aus2-cs-fss01.na.drillinginfo.com\CS_TitleImages\CountyScansTitleImages\gpdm_imagestore\PARKER_IMAGES\39F8
3a100ddd-c366-480b-896d-af43a8e07d5d,184,Parker,TX,202206684,2022-02-22 00:00:00,17,3a100ddd-c366-480b-896d-af43a8e07d5d,\\aus2-cs-fss01.na.drillinginfo.com\CS_TitleImages\CountyScansTitleImages\gpdm_imagestore\PARKER_IMAGES\3A10
3b595f4d-3669-4e51-93a3-b73698442389,184,Parker,TX,202212911,2022-04-04 00:00:00,17,3b595f4d-3669-4e51-93a3-b73698442389,\\aus2-cs-fss01.na.drillinginfo.com\CS_TitleImages\CountyScansTitleImages\gpdm_imagestore\PARKER_IMAGES\3B59
3deace98-c723-471e-84b2-ee7fc76aa42e,184,Parker,TX,202214872,2022-04-19 00:00:00,17,3deace98-c723-471e-84b2-ee7fc76aa42e,\\aus2-cs-fss01.na.drillinginfo.com\CS_TitleImages\CountyScansTitleImages\gpdm_imagestore\PARKER_IMAGES\3DEA
40eb2672-0aad-44e4-8265-f03eaafde002,184,Parker,TX,202208338,2022-03-04 00:00:00,17,40eb2672-0aad-44e4-8265-f03eaafde002,\\aus2-cs-fss01.na.drillinginfo.com\CS_TitleImages\CountyScansTitleImages\gpdm_imagestore\PARKER_IMAGES\40EB
41e949e8-491c-41f0-a0d0-5d9dca8101aa,184,Parker,TX,202211871,2022-03-29 00:00:00,17,41e949e8-491c-41f0-a0d0-5d9dca8101aa,\\aus2-cs-fss01.na.drillinginfo.com\CS_TitleImages\CountyScansTitleImages\gpdm_imagestore\PARKER_IMAGES\41E9
444d0d91-d778-4d3e-bbf1-2164ec47167f,184,Parker,TX,202216577,2022-04-29 00:00:00,17,444d0d91-d778-4d3e-bbf1-2164ec47167f,\\aus2-cs-fss01.na.drillinginfo.com\CS_TitleImages\CountyScansTitleImages\gpdm_imagestore\PARKER_IMAGES\444D
453dfbb3-4979-405f-8f26-540cb31d65c1,184,Parker,TX,202211729,2022-03-28 00:00:00,17,453dfbb3-4979-405f-8f26-540cb31d65c1,\\aus2-cs-fss01.na.drillinginfo.com\CS_TitleImages\CountyScansTitleImages\gpdm_imagestore\PARKER_IMAGES\453D
472d81b4-84b3-49d3-9b95-5dc4468a2034,184,Parker,TX,202210670,2022-03-21 00:00:00,17,472d81b4-84b3-49d3-9b95-5dc4468a2034,\\aus2-cs-fss01.na.drillinginfo.com\CS_TitleImages\CountyScansTitleImages\gpdm_imagestore\PARKER_IMAGES\472D
48926f97-83fd-44c1-b77d-049263e239f6,184,Parker,TX,202207116,2022-02-25 00:00:00,4,48926f97-83fd-44c1-b77d-049263e239f6,\\aus2-cs-fss01.na.drillinginfo.com\CS_TitleImages\CountyScansTitleImages\gpdm_imagestore\PARKER_IMAGES\4892
4c906f1a-107c-42e7-a452-a5f0d7d1c037,184,Parker,TX,202208922,2022-03-08 00:00:00,17,4c906f1a-107c-42e7-a452-a5f0d7d1c037,\\aus2-cs-fss01.na.drillinginfo.com\CS_TitleImages\CountyScansTitleImages\gpdm_imagestore\PARKER_IMAGES\4C90
511f2b8b-9786-49cd-bc40-ba992161aec6,184,Parker,TX,202204644,2022-02-07 00:00:00,17,511f2b8b-9786-49cd-bc40-ba992161aec6,\\aus2-cs-fss01.na.drillinginfo.com\CS_TitleImages\CountyScansTitleImages\gpdm_imagestore\PARKER_IMAGES\511F
51f28b5f-aa58-4232-a994-9e8275e1d926,184,Parker,TX,202205545,2022-02-14 00:00:00,17,51f28b5f-aa58-4232-a994-9e8275e1d926,\\aus2-cs-fss01.na.drillinginfo.com\CS_TitleImages\CountyScansTitleImages\gpdm_imagestore\PARKER_IMAGES\51F2
52d741e6-9a46-49a5-a88d-cdae5b23b586,184,Parker,TX,202214039,2022-04-12 00:00:00,17,52d741e6-9a46-49a5-a88d-cdae5b23b586,\\aus2-cs-fss01.na.drillinginfo.com\CS_TitleImages\CountyScansTitleImages\gpdm_imagestore\PARKER_IMAGES\52D7
539dd7cb-761d-4781-a589-1b5dd391c6c5,184,Parker,TX,202207235,2022-02-28 00:00:00,17,539dd7cb-761d-4781-a589-1b5dd391c6c5,\\aus2-cs-fss01.na.drillinginfo.com\CS_TitleImages\CountyScansTitleImages\gpdm_imagestore\PARKER_IMAGES\539D
53fd43dd-0b60-4800-89f4-4080cd8ea28a,184,Parker,TX,202206801,2022-02-23 00:00:00,17,53fd43dd-0b60-4800-89f4-4080cd8ea28a,\\aus2-cs-fss01.na.drillinginfo.com\CS_TitleImages\CountyScansTitleImages\gpdm_imagestore\PARKER_IMAGES\53FD
568a9055-64d9-4e17-bfd4-2da46b84c01d,184,Parker,TX,202214839,2022-04-19 00:00:00,17,568a9055-64d9-4e17-bfd4-2da46b84c01d,\\aus2-cs-fss01.na.drillinginfo.com\CS_TitleImages\CountyScansTitleImages\gpdm_imagestore\PARKER_IMAGES\568A
56d35442-56f0-4dc7-845d-c991f4c363e5,184,Parker,TX,202212978,2022-04-05 00:00:00,17,56d35442-56f0-4dc7-845d-c991f4c363e5,\\aus2-cs-fss01.na.drillinginfo.com\CS_TitleImages\CountyScansTitleImages\gpdm_imagestore\PARKER_IMAGES\56D3
5a479176-8c0f-45c2-9165-c6052826d8c8,184,Parker,TX,202212664,2022-04-01 00:00:00,17,5a479176-8c0f-45c2-9165-c6052826d8c8,\\aus2-cs-fss01.na.drillinginfo.com\CS_TitleImages\CountyScansTitleImages\gpdm_imagestore\PARKER_IMAGES\5A47
5ca1d807-47ee-40eb-8cda-e59fa577567b,184,Parker,TX,202213301,2022-04-07 00:00:00,17,5ca1d807-47ee-40eb-8cda-e59fa577567b,\\aus2-cs-fss01.na.drillinginfo.com\CS_TitleImages\CountyScansTitleImages\gpdm_imagestore\PARKER_IMAGES\5CA1
5f687f80-4b47-4fcd-a48e-e1de8dc61272,184,Parker,TX,202211229,2022-03-24 00:00:00,17,5f687f80-4b47-4fcd-a48e-e1de8dc61272,\\aus2-cs-fss01.na.drillinginfo.com\CS_TitleImages\CountyScansTitleImages\gpdm_imagestore\PARKER_IMAGES\5F68
6027dd53-a757-466c-b312-b81d0ab8ec74,184,Parker,TX,202213938,2022-04-12 00:00:00,17,6027dd53-a757-466c-b312-b81d0ab8ec74,\\aus2-cs-fss01.na.drillinginfo.com\CS_TitleImages\CountyScansTitleImages\gpdm_imagestore\PARKER_IMAGES\6027
6099ca86-255a-4247-aeff-f0b5352124ab,184,Parker,TX,202216265,2022-04-28 00:00:00,17,6099ca86-255a-4247-aeff-f0b5352124ab,\\aus2-cs-fss01.na.drillinginfo.com\CS_TitleImages\CountyScansTitleImages\gpdm_imagestore\PARKER_IMAGES\6099
60cb8800-cd08-4038-bb91-f465cd81201b,184,Parker,TX,202209109,2022-03-09 00:00:00,17,60cb8800-cd08-4038-bb91-f465cd81201b,\\aus2-cs-fss01.na.drillinginfo.com\CS_TitleImages\CountyScansTitleImages\gpdm_imagestore\PARKER_IMAGES\60CB
62985a21-be98-4581-b388-fa621b70f24b,184,Parker,TX,202213611,2022-04-08 00:00:00,17,62985a21-be98-4581-b388-fa621b70f24b,\\aus2-cs-fss01.na.drillinginfo.com\CS_TitleImages\CountyScansTitleImages\gpdm_imagestore\PARKER_IMAGES\6298
62ca3eb7-5832-454a-9430-194322d4f2b2,184,Parker,TX,202207742,2022-03-01 00:00:00,17,62ca3eb7-5832-454a-9430-194322d4f2b2,\\aus2-cs-fss01.na.drillinginfo.com\CS_TitleImages\CountyScansTitleImages\gpdm_imagestore\PARKER_IMAGES\62CA
641d8ef8-902a-457d-92c7-83bd9a97d4a0,184,Parker,TX,202216463,2022-04-29 00:00:00,17,641d8ef8-902a-457d-92c7-83bd9a97d4a0,\\aus2-cs-fss01.na.drillinginfo.com\CS_TitleImages\CountyScansTitleImages\gpdm_imagestore\PARKER_IMAGES\641D
64a9abe2-0636-4ce6-8622-e4f69ea8194d,184,Parker,TX,202209942,2022-03-15 00:00:00,17,64a9abe2-0636-4ce6-8622-e4f69ea8194d,\\aus2-cs-fss01.na.drillinginfo.com\CS_TitleImages\CountyScansTitleImages\gpdm_imagestore\PARKER_IMAGES\64A9
655c59cf-d2d3-425a-b370-aa8808c8c725,184,Parker,TX,202210131,2022-03-16 00:00:00,17,655c59cf-d2d3-425a-b370-aa8808c8c725,\\aus2-cs-fss01.na.drillinginfo.com\CS_TitleImages\CountyScansTitleImages\gpdm_imagestore\PARKER_IMAGES\655C
6b308da1-19f7-43b4-a4a0-38b09e81685a,184,Parker,TX,202210547,2022-03-18 00:00:00,17,6b308da1-19f7-43b4-a4a0-38b09e81685a,\\aus2-cs-fss01.na.drillinginfo.com\CS_TitleImages\CountyScansTitleImages\gpdm_imagestore\PARKER_IMAGES\6B30
6d627a83-ff26-4e7d-8029-4a40414f851d,184,Parker,TX,202209783,2022-03-15 00:00:00,17,6d627a83-ff26-4e7d-8029-4a40414f851d,\\aus2-cs-fss01.na.drillinginfo.com\CS_TitleImages\CountyScansTitleImages\gpdm_imagestore\PARKER_IMAGES\6D62
6dda1754-3da1-4031-9681-13f4f17ba274,184,Parker,TX,202216102,2022-04-27 00:00:00,17,6dda1754-3da1-4031-9681-13f4f17ba274,\\aus2-cs-fss01.na.drillinginfo.com\CS_TitleImages\CountyScansTitleImages\gpdm_imagestore\PARKER_IMAGES\6DDA
7104b862-7e9a-43cd-8e76-272e10707a42,184,Parker,TX,202212523,2022-04-01 00:00:00,17,7104b862-7e9a-43cd-8e76-272e10707a42,\\aus2-cs-fss01.na.drillinginfo.com\CS_TitleImages\CountyScansTitleImages\gpdm_imagestore\PARKER_IMAGES\7104
7b3c4bf1-884a-4a1b-9e8f-fc653c1dc7bc,184,Parker,TX,202213308,2022-04-07 00:00:00,17,7b3c4bf1-884a-4a1b-9e8f-fc653c1dc7bc,\\aus2-cs-fss01.na.drillinginfo.com\CS_TitleImages\CountyScansTitleImages\gpdm_imagestore\PARKER_IMAGES\7B3C
7b465a88-00e7-4bf7-b2a9-e72c6150c938,184,Parker,TX,202216435,2022-04-29 00:00:00,17,7b465a88-00e7-4bf7-b2a9-e72c6150c938,\\aus2-cs-fss01.na.drillinginfo.com\CS_TitleImages\CountyScansTitleImages\gpdm_imagestore\PARKER_IMAGES\7B46
7c279a48-a6cc-4910-9603-8a2b0530263e,184,Parker,TX,202212434,2022-03-31 00:00:00,17,7c279a48-a6cc-4910-9603-8a2b0530263e,\\aus2-cs-fss01.na.drillinginfo.com\CS_TitleImages\CountyScansTitleImages\gpdm_imagestore\PARKER_IMAGES\7C27
7cd8f634-edce-487c-a23f-bc3b767a913d,184,Parker,TX,202205679,2022-02-14 00:00:00,17,7cd8f634-edce-487c-a23f-bc3b767a913d,\\aus2-cs-fss01.na.drillinginfo.com\CS_TitleImages\CountyScansTitleImages\gpdm_imagestore\PARKER_IMAGES\7CD8
7e81df06-f39f-4567-a20c-9ec31d98c4b5,184,Parker,TX,202216491,2022-04-29 00:00:00,17,7e81df06-f39f-4567-a20c-9ec31d98c4b5,\\aus2-cs-fss01.na.drillinginfo.com\CS_TitleImages\CountyScansTitleImages\gpdm_imagestore\PARKER_IMAGES\7E81
7eae886d-14fd-4840-96f3-84962b77ee08,184,Parker,TX,202210106,2022-03-16 00:00:00,17,7eae886d-14fd-4840-96f3-84962b77ee08,\\aus2-cs-fss01.na.drillinginfo.com\CS_TitleImages\CountyScansTitleImages\gpdm_imagestore\PARKER_IMAGES\7EAE
80e0350f-28cd-471b-bb28-496357582acc,184,Parker,TX,202207414,2022-02-28 00:00:00,17,80e0350f-28cd-471b-bb28-496357582acc,\\aus2-cs-fss01.na.drillinginfo.com\CS_TitleImages\CountyScansTitleImages\gpdm_imagestore\PARKER_IMAGES\80E0
81b7c039-1238-4dd6-817d-050074ba2f73,184,Parker,TX,202206832,2022-02-23 00:00:00,17,81b7c039-1238-4dd6-817d-050074ba2f73,\\aus2-cs-fss01.na.drillinginfo.com\CS_TitleImages\CountyScansTitleImages\gpdm_imagestore\PARKER_IMAGES\81B7
83a60b3d-d17b-4611-b4bd-86a78963a8d8,184,Parker,TX,202208000,2022-03-02 00:00:00,17,83a60b3d-d17b-4611-b4bd-86a78963a8d8,\\aus2-cs-fss01.na.drillinginfo.com\CS_TitleImages\CountyScansTitleImages\gpdm_imagestore\PARKER_IMAGES\83A6
83abded8-16c5-4465-998f-17b0106ceedb,184,Parker,TX,202213137,2022-04-06 00:00:00,17,83abded8-16c5-4465-998f-17b0106ceedb,\\aus2-cs-fss01.na.drillinginfo.com\CS_TitleImages\CountyScansTitleImages\gpdm_imagestore\PARKER_IMAGES\83AB
899ebbe6-5032-4698-8e83-f9b9a9df6ba2,184,Parker,TX,202216580,2022-04-29 00:00:00,17,899ebbe6-5032-4698-8e83-f9b9a9df6ba2,\\aus2-cs-fss01.na.drillinginfo.com\CS_TitleImages\CountyScansTitleImages\gpdm_imagestore\PARKER_IMAGES\899E
8aa023b8-6ade-4515-9883-04fe1d02095d,184,Parker,TX,202214584,2022-04-18 00:00:00,17,8aa023b8-6ade-4515-9883-04fe1d02095d,\\aus2-cs-fss01.na.drillinginfo.com\CS_TitleImages\CountyScansTitleImages\gpdm_imagestore\PARKER_IMAGES\8AA0
8afa85c4-8b6c-48ae-baba-e800bae06434,184,Parker,TX,202207997,2022-03-02 00:00:00,17,8afa85c4-8b6c-48ae-baba-e800bae06434,\\aus2-cs-fss01.na.drillinginfo.com\CS_TitleImages\CountyScansTitleImages\gpdm_imagestore\PARKER_IMAGES\8AFA
8ba917c8-698c-4203-91b5-2af8650a8338,184,Parker,TX,202211021,2022-03-23 00:00:00,17,8ba917c8-698c-4203-91b5-2af8650a8338,\\aus2-cs-fss01.na.drillinginfo.com\CS_TitleImages\CountyScansTitleImages\gpdm_imagestore\PARKER_IMAGES\8BA9
8df3f580-2f17-4ef4-a651-a016aef7ca20,184,Parker,TX,202211715,2022-03-28 00:00:00,17,8df3f580-2f17-4ef4-a651-a016aef7ca20,\\aus2-cs-fss01.na.drillinginfo.com\CS_TitleImages\CountyScansTitleImages\gpdm_imagestore\PARKER_IMAGES\8DF3
8df40fd7-55fb-4cb9-b681-0b977bfb3c78,184,Parker,TX,202209858,2022-03-15 00:00:00,17,8df40fd7-55fb-4cb9-b681-0b977bfb3c78,\\aus2-cs-fss01.na.drillinginfo.com\CS_TitleImages\CountyScansTitleImages\gpdm_imagestore\PARKER_IMAGES\8DF4
8efddac2-bea4-4d3c-9b7e-f6aaea0e250f,184,Parker,TX,202212681,2022-04-01 00:00:00,17,8efddac2-bea4-4d3c-9b7e-f6aaea0e250f,\\aus2-cs-fss01.na.drillinginfo.com\CS_TitleImages\CountyScansTitleImages\gpdm_imagestore\PARKER_IMAGES\8EFD
8f090c8f-b063-40af-ad12-f7acf4658fec,184,Parker,TX,202207308,2022-02-28 00:00:00,17,8f090c8f-b063-40af-ad12-f7acf4658fec,\\aus2-cs-fss01.na.drillinginfo.com\CS_TitleImages\CountyScansTitleImages\gpdm_imagestore\PARKER_IMAGES\8F09
90b018e0-c545-491f-9349-4559837a039f,184,Parker,TX,202205437,2022-02-11 00:00:00,17,90b018e0-c545-491f-9349-4559837a039f,\\aus2-cs-fss01.na.drillinginfo.com\CS_TitleImages\CountyScansTitleImages\gpdm_imagestore\PARKER_IMAGES\90B0
916487b1-181a-4949-8ff8-063e7b63ae93,184,Parker,TX,202216068,2022-04-27 00:00:00,17,916487b1-181a-4949-8ff8-063e7b63ae93,\\aus2-cs-fss01.na.drillinginfo.com\CS_TitleImages\CountyScansTitleImages\gpdm_imagestore\PARKER_IMAGES\9164
92b1432f-2887-451b-8bc9-af0b738b79d2,184,Parker,TX,202209108,2022-03-09 00:00:00,17,92b1432f-2887-451b-8bc9-af0b738b79d2,\\aus2-cs-fss01.na.drillinginfo.com\CS_TitleImages\CountyScansTitleImages\gpdm_imagestore\PARKER_IMAGES\92B1
95f7a9c5-f9ac-4486-8652-9258e77474c8,184,Parker,TX,202213020,2022-04-05 00:00:00,17,95f7a9c5-f9ac-4486-8652-9258e77474c8,\\aus2-cs-fss01.na.drillinginfo.com\CS_TitleImages\CountyScansTitleImages\gpdm_imagestore\PARKER_IMAGES\95F7
96e4d83d-97b4-4b8d-9806-c96db03da440,184,Parker,TX,202212354,2022-03-31 00:00:00,17,96e4d83d-97b4-4b8d-9806-c96db03da440,\\aus2-cs-fss01.na.drillinginfo.com\CS_TitleImages\CountyScansTitleImages\gpdm_imagestore\PARKER_IMAGES\96E4
9752fa15-0bcd-4192-9fc6-f008c41357a8,184,Parker,TX,202214444,2022-04-14 00:00:00,17,9752fa15-0bcd-4192-9fc6-f008c41357a8,\\aus2-cs-fss01.na.drillinginfo.com\CS_TitleImages\CountyScansTitleImages\gpdm_imagestore\PARKER_IMAGES\9752
988046af-8be3-4a16-8885-fcf35615d8ba,184,Parker,TX,202206638,2022-02-22 00:00:00,17,988046af-8be3-4a16-8885-fcf35615d8ba,\\aus2-cs-fss01.na.drillinginfo.com\CS_TitleImages\CountyScansTitleImages\gpdm_imagestore\PARKER_IMAGES\9880
98c926ca-4763-4c22-bf9c-c70d680e5772,184,Parker,TX,202204934,2022-02-08 00:00:00,17,98c926ca-4763-4c22-bf9c-c70d680e5772,\\aus2-cs-fss01.na.drillinginfo.com\CS_TitleImages\CountyScansTitleImages\gpdm_imagestore\PARKER_IMAGES\98C9
99ba178e-4f3a-4fe7-96e0-240ae3e822ed,184,Parker,TX,202207565,2022-03-01 00:00:00,17,99ba178e-4f3a-4fe7-96e0-240ae3e822ed,\\aus2-cs-fss01.na.drillinginfo.com\CS_TitleImages\CountyScansTitleImages\gpdm_imagestore\PARKER_IMAGES\99BA
9b40a78b-03f2-4637-8615-f98bc3adb0f7,184,Parker,TX,202212284,2022-03-31 00:00:00,17,9b40a78b-03f2-4637-8615-f98bc3adb0f7,\\aus2-cs-fss01.na.drillinginfo.com\CS_TitleImages\CountyScansTitleImages\gpdm_imagestore\PARKER_IMAGES\9B40
9ba23835-12e9-4331-9b79-b73ee1c88201,184,Parker,TX,202207364,2022-02-28 00:00:00,17,9ba23835-12e9-4331-9b79-b73ee1c88201,\\aus2-cs-fss01.na.drillinginfo.com\CS_TitleImages\CountyScansTitleImages\gpdm_imagestore\PARKER_IMAGES\9BA2
9bfbf764-0f83-4311-b5fd-eb83e53c47f4,184,Parker,TX,202206835,2022-02-23 00:00:00,17,9bfbf764-0f83-4311-b5fd-eb83e53c47f4,\\aus2-cs-fss01.na.drillinginfo.com\CS_TitleImages\CountyScansTitleImages\gpdm_imagestore\PARKER_IMAGES\9BFB
9c7912e5-d85f-4d61-b1b9-e4ef1289ade6,184,Parker,TX,202216605,2022-04-29 00:00:00,17,9c7912e5-d85f-4d61-b1b9-e4ef1289ade6,\\aus2-cs-fss01.na.drillinginfo.com\CS_TitleImages\CountyScansTitleImages\gpdm_imagestore\PARKER_IMAGES\9C79
9ccd51c2-c1e0-40a2-afa9-a3297415551d,184,Parker,TX,202213133,2022-04-06 00:00:00,17,9ccd51c2-c1e0-40a2-afa9-a3297415551d,\\aus2-cs-fss01.na.drillinginfo.com\CS_TitleImages\CountyScansTitleImages\gpdm_imagestore\PARKER_IMAGES\9CCD
a01b9e79-69e2-4ce7-8b0f-b9694c9e8dc3,184,Parker,TX,202209660,2022-03-14 00:00:00,17,a01b9e79-69e2-4ce7-8b0f-b9694c9e8dc3,\\aus2-cs-fss01.na.drillinginfo.com\CS_TitleImages\CountyScansTitleImages\gpdm_imagestore\PARKER_IMAGES\A01B
a076178b-08e4-4c7a-8612-a8b428f67d0d,184,Parker,TX,202215447,2022-04-22 00:00:00,17,a076178b-08e4-4c7a-8612-a8b428f67d0d,\\aus2-cs-fss01.na.drillinginfo.com\CS_TitleImages\CountyScansTitleImages\gpdm_imagestore\PARKER_IMAGES\A076
a2de1dbb-f49f-4f37-8c3d-8d40324cd645,184,Parker,TX,202214686,2022-04-18 00:00:00,17,a2de1dbb-f49f-4f37-8c3d-8d40324cd645,\\aus2-cs-fss01.na.drillinginfo.com\CS_TitleImages\CountyScansTitleImages\gpdm_imagestore\PARKER_IMAGES\A2DE
a4254c00-0828-48bd-bf2a-9fda5febd8ab,184,Parker,TX,202215698,2022-04-25 00:00:00,17,a4254c00-0828-48bd-bf2a-9fda5febd8ab,\\aus2-cs-fss01.na.drillinginfo.com\CS_TitleImages\CountyScansTitleImages\gpdm_imagestore\PARKER_IMAGES\A425
a6135687-3f9e-4377-bc44-23f9789f9b4a,184,Parker,TX,202207380,2022-02-28 00:00:00,17,a6135687-3f9e-4377-bc44-23f9789f9b4a,\\aus2-cs-fss01.na.drillinginfo.com\CS_TitleImages\CountyScansTitleImages\gpdm_imagestore\PARKER_IMAGES\A613
a61759c1-f6ea-4795-8de2-7065336025e2,184,Parker,TX,202206829,2022-02-23 00:00:00,17,a61759c1-f6ea-4795-8de2-7065336025e2,\\aus2-cs-fss01.na.drillinginfo.com\CS_TitleImages\CountyScansTitleImages\gpdm_imagestore\PARKER_IMAGES\A617
a6bb9286-f27f-408c-9d4f-89f70b9ffbbc,184,Parker,TX,202210914,2022-03-22 00:00:00,17,a6bb9286-f27f-408c-9d4f-89f70b9ffbbc,\\aus2-cs-fss01.na.drillinginfo.com\CS_TitleImages\CountyScansTitleImages\gpdm_imagestore\PARKER_IMAGES\A6BB
a7ca5556-3a3a-4bcc-a967-0e5035e05f6d,184,Parker,TX,202207377,2022-02-28 00:00:00,17,a7ca5556-3a3a-4bcc-a967-0e5035e05f6d,\\aus2-cs-fss01.na.drillinginfo.com\CS_TitleImages\CountyScansTitleImages\gpdm_imagestore\PARKER_IMAGES\A7CA
a8e11c3b-0fed-4b97-9d2f-400b85c86d33,184,Parker,TX,202211848,2022-03-29 00:00:00,17,a8e11c3b-0fed-4b97-9d2f-400b85c86d33,\\aus2-cs-fss01.na.drillinginfo.com\CS_TitleImages\CountyScansTitleImages\gpdm_imagestore\PARKER_IMAGES\A8E1
a8ecbda4-26fc-4704-b25c-a144184e669b,184,Parker,TX,202208685,2022-03-07 00:00:00,17,a8ecbda4-26fc-4704-b25c-a144184e669b,\\aus2-cs-fss01.na.drillinginfo.com\CS_TitleImages\CountyScansTitleImages\gpdm_imagestore\PARKER_IMAGES\A8EC
a9a930e0-fcaf-4e18-8386-ac6dc5b51c44,184,Parker,TX,202206712,2022-02-22 00:00:00,17,a9a930e0-fcaf-4e18-8386-ac6dc5b51c44,\\aus2-cs-fss01.na.drillinginfo.com\CS_TitleImages\CountyScansTitleImages\gpdm_imagestore\PARKER_IMAGES\A9A9
a9c952c5-deb5-4291-8fef-7267511f533e,184,Parker,TX,202209782,2022-03-15 00:00:00,17,a9c952c5-deb5-4291-8fef-7267511f533e,\\aus2-cs-fss01.na.drillinginfo.com\CS_TitleImages\CountyScansTitleImages\gpdm_imagestore\PARKER_IMAGES\A9C9
aa18dcf4-246a-4cc3-94b8-6e9bc1810a30,184,Parker,TX,202213349,2022-04-07 00:00:00,17,aa18dcf4-246a-4cc3-94b8-6e9bc1810a30,\\aus2-cs-fss01.na.drillinginfo.com\CS_TitleImages\CountyScansTitleImages\gpdm_imagestore\PARKER_IMAGES\AA18
aeda5113-e1c7-4d3f-adc3-f82808cfdd4e,184,Parker,TX,202214583,2022-04-18 00:00:00,17,aeda5113-e1c7-4d3f-adc3-f82808cfdd4e,\\aus2-cs-fss01.na.drillinginfo.com\CS_TitleImages\CountyScansTitleImages\gpdm_imagestore\PARKER_IMAGES\AEDA
b1564891-492e-4986-9894-ca654d92261d,184,Parker,TX,202207985,2022-03-02 00:00:00,17,b1564891-492e-4986-9894-ca654d92261d,\\aus2-cs-fss01.na.drillinginfo.com\CS_TitleImages\CountyScansTitleImages\gpdm_imagestore\PARKER_IMAGES\B156
b234e693-15ca-4c40-85c4-bbe4192c47fd,184,Parker,TX,202213057,2022-04-05 00:00:00,17,b234e693-15ca-4c40-85c4-bbe4192c47fd,\\aus2-cs-fss01.na.drillinginfo.com\CS_TitleImages\CountyScansTitleImages\gpdm_imagestore\PARKER_IMAGES\B234
b3227f34-1160-4c7b-be6c-198496756d79,184,Parker,TX,202211552,2022-03-28 00:00:00,17,b3227f34-1160-4c7b-be6c-198496756d79,\\aus2-cs-fss01.na.drillinginfo.com\CS_TitleImages\CountyScansTitleImages\gpdm_imagestore\PARKER_IMAGES\B322
b32e18f4-6962-4680-83b4-1419f8ad6e64,184,Parker,TX,202209292,2022-03-10 00:00:00,17,b32e18f4-6962-4680-83b4-1419f8ad6e64,\\aus2-cs-fss01.na.drillinginfo.com\CS_TitleImages\CountyScansTitleImages\gpdm_imagestore\PARKER_IMAGES\B32E
b45a43a2-a66e-43e0-9278-aee9be38860d,184,Parker,TX,202212381,2022-03-31 00:00:00,17,b45a43a2-a66e-43e0-9278-aee9be38860d,\\aus2-cs-fss01.na.drillinginfo.com\CS_TitleImages\CountyScansTitleImages\gpdm_imagestore\PARKER_IMAGES\B45A
b78bef1a-a213-43ce-9dae-1d6d43a18db2,184,Parker,TX,202215211,2022-04-21 00:00:00,17,b78bef1a-a213-43ce-9dae-1d6d43a18db2,\\aus2-cs-fss01.na.drillinginfo.com\CS_TitleImages\CountyScansTitleImages\gpdm_imagestore\PARKER_IMAGES\B78B
b9002a36-3945-49e9-92e0-7588ba1fee89,184,Parker,TX,202216331,2022-04-28 00:00:00,17,b9002a36-3945-49e9-92e0-7588ba1fee89,\\aus2-cs-fss01.na.drillinginfo.com\CS_TitleImages\CountyScansTitleImages\gpdm_imagestore\PARKER_IMAGES\B900
ba332421-6bb1-4168-9a52-ae0a40e1b0c5,184,Parker,TX,202206802,2022-02-23 00:00:00,17,ba332421-6bb1-4168-9a52-ae0a40e1b0c5,\\aus2-cs-fss01.na.drillinginfo.com\CS_TitleImages\CountyScansTitleImages\gpdm_imagestore\PARKER_IMAGES\BA33
bb48cf67-94b2-42f0-b25b-49f2ba12bea0,184,Parker,TX,202215898,2022-04-26 00:00:00,17,bb48cf67-94b2-42f0-b25b-49f2ba12bea0,\\aus2-cs-fss01.na.drillinginfo.com\CS_TitleImages\CountyScansTitleImages\gpdm_imagestore\PARKER_IMAGES\BB48
bdb9069b-9bcf-49e3-ac15-b8ce35212ea9,184,Parker,TX,202212128,2022-03-30 00:00:00,17,bdb9069b-9bcf-49e3-ac15-b8ce35212ea9,\\aus2-cs-fss01.na.drillinginfo.com\CS_TitleImages\CountyScansTitleImages\gpdm_imagestore\PARKER_IMAGES\BDB9
c1df66b9-0018-4010-b528-6245b12f6eaf,184,Parker,TX,202216490,2022-04-29 00:00:00,17,c1df66b9-0018-4010-b528-6245b12f6eaf,\\aus2-cs-fss01.na.drillinginfo.com\CS_TitleImages\CountyScansTitleImages\gpdm_imagestore\PARKER_IMAGES\C1DF
c1f3a0f7-e995-4a65-8585-aee99504fd77,184,Parker,TX,202213348,2022-04-07 00:00:00,17,c1f3a0f7-e995-4a65-8585-aee99504fd77,\\aus2-cs-fss01.na.drillinginfo.com\CS_TitleImages\CountyScansTitleImages\gpdm_imagestore\PARKER_IMAGES\C1F3
c40b4efb-4fcd-4d70-8d9f-22ce246f6be3,184,Parker,TX,202212627,2022-04-01 00:00:00,17,c40b4efb-4fcd-4d70-8d9f-22ce246f6be3,\\aus2-cs-fss01.na.drillinginfo.com\CS_TitleImages\CountyScansTitleImages\gpdm_imagestore\PARKER_IMAGES\C40B
c4609ba1-f2ef-497d-93be-90dc5432e489,184,Parker,TX,202207139,2022-02-25 00:00:00,17,c4609ba1-f2ef-497d-93be-90dc5432e489,\\aus2-cs-fss01.na.drillinginfo.com\CS_TitleImages\CountyScansTitleImages\gpdm_imagestore\PARKER_IMAGES\C460
c6537094-6de4-4bc0-afff-916587f0910f,184,Parker,TX,202216258,2022-04-28 00:00:00,17,c6537094-6de4-4bc0-afff-916587f0910f,\\aus2-cs-fss01.na.drillinginfo.com\CS_TitleImages\CountyScansTitleImages\gpdm_imagestore\PARKER_IMAGES\C653
c6cd3138-da4b-4713-b3ce-d2c21282b163,184,Parker,TX,202212949,2022-04-05 00:00:00,17,c6cd3138-da4b-4713-b3ce-d2c21282b163,\\aus2-cs-fss01.na.drillinginfo.com\CS_TitleImages\CountyScansTitleImages\gpdm_imagestore\PARKER_IMAGES\C6CD
c726bd8a-de11-45b7-b38e-d3d6f953d912,184,Parker,TX,202209293,2022-03-10 00:00:00,17,c726bd8a-de11-45b7-b38e-d3d6f953d912,\\aus2-cs-fss01.na.drillinginfo.com\CS_TitleImages\CountyScansTitleImages\gpdm_imagestore\PARKER_IMAGES\C726
c74e0e85-2921-4097-ad02-b23395c3b7c9,184,Parker,TX,202212363,2022-03-31 00:00:00,17,c74e0e85-2921-4097-ad02-b23395c3b7c9,\\aus2-cs-fss01.na.drillinginfo.com\CS_TitleImages\CountyScansTitleImages\gpdm_imagestore\PARKER_IMAGES\C74E
ca3dac5b-3642-4427-bf46-08096ed9aa27,184,Parker,TX,202210852,2022-03-22 00:00:00,17,ca3dac5b-3642-4427-bf46-08096ed9aa27,\\aus2-cs-fss01.na.drillinginfo.com\CS_TitleImages\CountyScansTitleImages\gpdm_imagestore\PARKER_IMAGES\CA3D
cd8118df-479d-4264-a9cf-30f878204e52,184,Parker,TX,202207388,2022-02-28 00:00:00,17,cd8118df-479d-4264-a9cf-30f878204e52,\\aus2-cs-fss01.na.drillinginfo.com\CS_TitleImages\CountyScansTitleImages\gpdm_imagestore\PARKER_IMAGES\CD81
d1c02dfd-098c-4589-95e0-8706f55cedae,184,Parker,TX,202215599,2022-04-25 00:00:00,17,d1c02dfd-098c-4589-95e0-8706f55cedae,\\aus2-cs-fss01.na.drillinginfo.com\CS_TitleImages\CountyScansTitleImages\gpdm_imagestore\PARKER_IMAGES\D1C0
d51dae5a-67da-4d34-adfa-4184c08a4626,184,Parker,TX,202207313,2022-02-28 00:00:00,17,d51dae5a-67da-4d34-adfa-4184c08a4626,\\aus2-cs-fss01.na.drillinginfo.com\CS_TitleImages\CountyScansTitleImages\gpdm_imagestore\PARKER_IMAGES\D51D
d5393b43-aeb2-42c8-94f8-483cc0512bd8,184,Parker,TX,202212293,2022-03-31 00:00:00,17,d5393b43-aeb2-42c8-94f8-483cc0512bd8,\\aus2-cs-fss01.na.drillinginfo.com\CS_TitleImages\CountyScansTitleImages\gpdm_imagestore\PARKER_IMAGES\D539
d7b99428-062c-4967-a9cc-5d1e8d299501,184,Parker,TX,202204820,2022-02-08 00:00:00,17,d7b99428-062c-4967-a9cc-5d1e8d299501,\\aus2-cs-fss01.na.drillinginfo.com\CS_TitleImages\CountyScansTitleImages\gpdm_imagestore\PARKER_IMAGES\D7B9
d9328732-4264-40e9-b05c-c86f6cb07f4e,184,Parker,TX,202210389,2022-03-17 00:00:00,17,d9328732-4264-40e9-b05c-c86f6cb07f4e,\\aus2-cs-fss01.na.drillinginfo.com\CS_TitleImages\CountyScansTitleImages\gpdm_imagestore\PARKER_IMAGES\D932
dc88b7f9-ebf2-4250-9828-e4c5dc72f645,184,Parker,TX,202209126,2022-03-09 00:00:00,17,dc88b7f9-ebf2-4250-9828-e4c5dc72f645,\\aus2-cs-fss01.na.drillinginfo.com\CS_TitleImages\CountyScansTitleImages\gpdm_imagestore\PARKER_IMAGES\DC88
e1075324-ed03-4c99-b15d-15f5061c4397,184,Parker,TX,202210443,2022-03-18 00:00:00,17,e1075324-ed03-4c99-b15d-15f5061c4397,\\aus2-cs-fss01.na.drillinginfo.com\CS_TitleImages\CountyScansTitleImages\gpdm_imagestore\PARKER_IMAGES\E107
e4d11477-e81c-485f-b404-77493ea6469b,184,Parker,TX,202208873,2022-03-08 00:00:00,17,e4d11477-e81c-485f-b404-77493ea6469b,\\aus2-cs-fss01.na.drillinginfo.com\CS_TitleImages\CountyScansTitleImages\gpdm_imagestore\PARKER_IMAGES\E4D1
e7033cfe-90a9-4b4e-a386-3d291d82530b,184,Parker,TX,202207015,2022-02-25 00:00:00,17,e7033cfe-90a9-4b4e-a386-3d291d82530b,\\aus2-cs-fss01.na.drillinginfo.com\CS_TitleImages\CountyScansTitleImages\gpdm_imagestore\PARKER_IMAGES\E703
e7b5f97b-d28c-4c02-a4c6-4fc97cccfc31,184,Parker,TX,202207740,2022-03-01 00:00:00,17,e7b5f97b-d28c-4c02-a4c6-4fc97cccfc31,\\aus2-cs-fss01.na.drillinginfo.com\CS_TitleImages\CountyScansTitleImages\gpdm_imagestore\PARKER_IMAGES\E7B5
eb9984c6-9a94-4646-bd84-d8a331fe2b5a,184,Parker,TX,202215065,2022-04-20 00:00:00,17,eb9984c6-9a94-4646-bd84-d8a331fe2b5a,\\aus2-cs-fss01.na.drillinginfo.com\CS_TitleImages\CountyScansTitleImages\gpdm_imagestore\PARKER_IMAGES\EB99
ed65fae2-a5da-4781-a40d-b7dab7c7ed57,184,Parker,TX,202213055,2022-04-05 00:00:00,17,ed65fae2-a5da-4781-a40d-b7dab7c7ed57,\\aus2-cs-fss01.na.drillinginfo.com\CS_TitleImages\CountyScansTitleImages\gpdm_imagestore\PARKER_IMAGES\ED65
ef1041bd-af04-469e-836d-4e7cc35574b7,184,Parker,TX,202207786,2022-03-01 00:00:00,17,ef1041bd-af04-469e-836d-4e7cc35574b7,\\aus2-cs-fss01.na.drillinginfo.com\CS_TitleImages\CountyScansTitleImages\gpdm_imagestore\PARKER_IMAGES\EF10
f08c7bca-c159-4b6b-b2f0-eff1f51e4ef8,184,Parker,TX,202205376,2022-02-11 00:00:00,17,f08c7bca-c159-4b6b-b2f0-eff1f51e4ef8,\\aus2-cs-fss01.na.drillinginfo.com\CS_TitleImages\CountyScansTitleImages\gpdm_imagestore\PARKER_IMAGES\F08C
f0d29b9b-d988-4367-a28c-43693a70f70d,184,Parker,TX,202205130,2022-02-09 00:00:00,17,f0d29b9b-d988-4367-a28c-43693a70f70d,\\aus2-cs-fss01.na.drillinginfo.com\CS_TitleImages\CountyScansTitleImages\gpdm_imagestore\PARKER_IMAGES\F0D2
f2a5bded-aa36-4007-b252-390afec00f0b,184,Parker,TX,202214294,2022-04-14 00:00:00,17,f2a5bded-aa36-4007-b252-390afec00f0b,\\aus2-cs-fss01.na.drillinginfo.com\CS_TitleImages\CountyScansTitleImages\gpdm_imagestore\PARKER_IMAGES\F2A5
f5e2c4f0-a8f4-4856-945c-6ab542a6fd2e,184,Parker,TX,202211305,2022-03-24 00:00:00,17,f5e2c4f0-a8f4-4856-945c-6ab542a6fd2e,\\aus2-cs-fss01.na.drillinginfo.com\CS_TitleImages\CountyScansTitleImages\gpdm_imagestore\PARKER_IMAGES\F5E2
f9148e80-2498-480f-b146-9689bd6020bb,184,Parker,TX,202206364,2022-02-18 00:00:00,17,f9148e80-2498-480f-b146-9689bd6020bb,\\aus2-cs-fss01.na.drillinginfo.com\CS_TitleImages\CountyScansTitleImages\gpdm_imagestore\PARKER_IMAGES\F914
fc25d50f-d151-4185-a10e-04a5b2537354,184,Parker,TX,202207747,2022-03-01 00:00:00,17,fc25d50f-d151-4185-a10e-04a5b2537354,\\aus2-cs-fss01.na.drillinginfo.com\CS_TitleImages\CountyScansTitleImages\gpdm_imagestore\PARKER_IMAGES\FC25
fe4160ba-8f8d-43de-b8b0-dbca407dc876,184,Parker,TX,202205228,2022-02-10 00:00:00,17,fe4160ba-8f8d-43de-b8b0-dbca407dc876,\\aus2-cs-fss01.na.drillinginfo.com\CS_TitleImages\CountyScansTitleImages\gpdm_imagestore\PARKER_IMAGES\FE41
