12517,2672243,7118de1c-f359-4d71-88e3-48d70c645ee2,ok/lincoln,c4ar1mdksi2g00c072jg,c4ar1mdksi2g00c072jg/c4ar1mftarsg00atd2r0/2672243.pdf,enverus-courthouse-prod-chd-plants/ok/lincoln/7118/7118de1c-f359-4d71-88e3-48d70c645ee2.pdf,1,287856,processed,1,7118de1c-f359-4d71-88e3-48d70c645ee2,\\smb.dc2isilon.na.drillinginfo.com\didocuments\leaseTracts\f128\81783CF47F0000012A278A8D9C1E8DA5.tif,,81783CF47F0000012A278A8D9C1E8DA5.tif,.tif,.tif,10,2025-07-07 14:19:42.140,17,604,40,1992,244,10,NULL,1,NULL,NULL,90,NULL,NULL,NULL,NULL,NULL,NULL,0,0,0,0,NULL,NULL,NULL,0,NULL,2012-08-06 00:00:00.000,NULL,OGL,12517,2012-06-08 00:00:00.000,2012-08-06 00:00:00.000,LND-6732(2),0,40,0,0,No Data,NULL,NULL,1,NULL,NULL,NULL,0,0,3,0,0,0.1875,0,NULL,NULL,NULL,NULL,0,NULL,NULL,NULL,NULL,NULL,NULL,NULL,NULL,0,NULL,NULL,2025-07-07 15:20:31.733,NA\donald.massey,2025-07-08 00:15:49.490,cs_updates,NULL,NULL,NULL,0,NULL,NULL,1,0,0,NULL,NULL,NULL,NULL,NULL,72636
12518,2672244,3661686b-2f07-4b10-a2db-dbfdddc8b002,ok/lincoln,c4ar1mggdkfg00cjp2e0,c4ar1mggdkfg00cjp2e0/c4ar1n3vdq3000ev2t8g/2672244.pdf,enverus-courthouse-prod-chd-plants/ok/lincoln/3661/3661686b-2f07-4b10-a2db-dbfdddc8b002.pdf,1,293157,processed,2,3661686b-2f07-4b10-a2db-dbfdddc8b002,\\smb.dc2isilon.na.drillinginfo.com\didocuments\leaseTracts\f223\8178FDB57F0000012A278A8DF8F7F990.tif,,8178FDB57F0000012A278A8DF8F7F990.tif,.tif,.tif,10,2025-07-07 14:19:42.140,17,604,40,1992,246,10,NULL,1,NULL,NULL,90,NULL,NULL,NULL,NULL,NULL,NULL,0,0,0,0,NULL,NULL,NULL,0,NULL,2012-08-06 00:00:00.000,NULL,OGL,12518,2012-07-27 00:00:00.000,2012-08-06 00:00:00.000,LND-6732(2),0,160,0,0,No Data,NULL,NULL,1,NULL,NULL,NULL,0,0,3,0,0,0.1875,0,NULL,NULL,NULL,NULL,0,NULL,NULL,NULL,NULL,NULL,NULL,NULL,NULL,0,NULL,NULL,2025-07-07 15:20:31.733,NA\donald.massey,2025-07-08 00:15:49.490,cs_updates,NULL,NULL,NULL,0,NULL,NULL,1,0,0,NULL,NULL,NULL,NULL,NULL,72636
12520,2672245,14219b63-8006-4fa0-a73a-37e533487650,ok/lincoln,c4an5ksfjb0000cl5l50,c4an5ksfjb0000cl5l50/c4an5kulljag0089sq80/2672245.pdf,enverus-courthouse-prod-chd-plants/ok/lincoln/1421/14219b63-8006-4fa0-a73a-37e533487650.pdf,1,289047,processed,3,14219b63-8006-4fa0-a73a-37e533487650,\\smb.dc2isilon.na.drillinginfo.com\didocuments\leaseTracts\f170\4381BDC07F0000017A2145E65F1BF304.tif,,4381BDC07F0000017A2145E65F1BF304.tif,.tif,.tif,10,2025-07-07 14:19:42.140,17,604,40,1992,250,10,NULL,1,NULL,NULL,90,NULL,NULL,NULL,NULL,NULL,NULL,0,0,0,0,NULL,NULL,NULL,0,NULL,2012-08-06 00:00:00.000,NULL,OGL,12520,2012-07-18 00:00:00.000,2012-08-06 00:00:00.000,LND-6732(2),0,198.880004882813,0,0,No Data,NULL,NULL,1,NULL,NULL,NULL,0,0,3,0,0,0.1875,0,NULL,NULL,NULL,NULL,0,NULL,NULL,NULL,NULL,NULL,NULL,NULL,NULL,0,NULL,NULL,2025-07-07 15:20:31.733,NA\donald.massey,2025-07-08 00:15:49.490,cs_updates,NULL,NULL,NULL,0,NULL,NULL,1,0,0,NULL,NULL,NULL,NULL,NULL,72636
12521,2672246,0afc6c98-05c3-48b3-bb1c-f33f9cadc5f3,ok/lincoln,c4ar1nbvdq3000ev2t90,c4ar1nbvdq3000ev2t90/c4ar1nco26gg008pv94g/2672246.pdf,enverus-courthouse-prod-chd-plants/ok/lincoln/0afc/0afc6c98-05c3-48b3-bb1c-f33f9cadc5f3.pdf,1,292539,processed,4,0afc6c98-05c3-48b3-bb1c-f33f9cadc5f3,\\smb.dc2isilon.na.drillinginfo.com\didocuments\leaseTracts\f19\4902FDD67F0000010B43C677C73B2670.tif,,4902FDD67F0000010B43C677C73B2670.tif,.tif,.tif,10,2025-07-07 14:19:42.140,17,604,40,1992,253,10,NULL,1,NULL,NULL,90,NULL,NULL,NULL,NULL,NULL,NULL,0,0,0,0,NULL,NULL,NULL,0,NULL,2012-08-06 00:00:00.000,NULL,OGL,12521,2012-07-23 00:00:00.000,2012-08-06 00:00:00.000,LND-6732(2),0,160,0,0,No Data,NULL,NULL,1,NULL,NULL,NULL,0,0,3,0,0,0.1875,0,NULL,NULL,NULL,NULL,0,NULL,NULL,NULL,NULL,NULL,NULL,NULL,NULL,0,NULL,NULL,2025-07-07 15:20:31.733,NA\donald.massey,2025-07-08 00:15:49.490,cs_updates,NULL,NULL,NULL,0,NULL,NULL,1,0,0,NULL,NULL,NULL,NULL,NULL,72636
12522,2672247,b786da00-d084-41f2-b620-f5ab19a54270,ok/lincoln,c4ar1nbvdq3000ev2t9g,c4ar1nbvdq3000ev2t9g/c4ar1ncfjb0000cl6pp0/2672247.pdf,enverus-courthouse-prod-chd-plants/ok/lincoln/b786/b786da00-d084-41f2-b620-f5ab19a54270.pdf,1,274270,processed,5,b786da00-d084-41f2-b620-f5ab19a54270,\\smb.dc2isilon.na.drillinginfo.com\didocuments\leaseTracts\f174\81754D6B7F0000012A278A8D111404ED.tif,,81754D6B7F0000012A278A8D111404ED.tif,.tif,.tif,10,2025-07-07 14:19:42.140,17,604,40,1992,255,10,NULL,1,NULL,NULL,90,NULL,NULL,NULL,NULL,NULL,NULL,0,0,0,0,NULL,NULL,NULL,0,NULL,2012-08-06 00:00:00.000,NULL,OGL,12522,2012-07-12 00:00:00.000,2012-08-06 00:00:00.000,LND-6732(2),0,160,0,0,No Data,NULL,NULL,1,NULL,NULL,NULL,0,0,3,0,0,0.1875,0,NULL,NULL,NULL,NULL,0,NULL,NULL,NULL,NULL,NULL,NULL,NULL,NULL,0,NULL,NULL,2025-07-07 15:20:31.733,NA\donald.massey,2025-07-08 00:15:49.490,cs_updates,NULL,NULL,NULL,0,NULL,NULL,1,0,0,NULL,NULL,NULL,NULL,NULL,72636
2016-017846,3987367,fa1617b8-6577-47d9-8f85-66cd43c1bba4,ok/grady,c47v69elljag0089e6r0,c47v69elljag0089e6r0/c47v6996lb7g00cdd630/3987367.pdf,enverus-courthouse-prod-chd-plants/ok/grady/fa16/fa1617b8-6577-47d9-8f85-66cd43c1bba4.pdf,2,826442,processed,1,fa1617b8-6577-47d9-8f85-66cd43c1bba4,\\smb.dc2isilon.na.drillinginfo.com\didocuments\leaseTracts\fn244\E791EA557F0001017F593791CB9CC5F2.tif,,E791EA557F0001017F593791CB9CC5F2.tif,.tif,.tif,10,2025-07-07 14:19:42.140,17,590,40,5106,317,10,NULL,1,NULL,NULL,90,NULL,NULL,NULL,NULL,NULL,NULL,0,0,0,0,NULL,NULL,NULL,0,NULL,2016-09-28 00:00:00.000,NULL,OGL,2016-017846,2015-11-20 00:00:00.000,2016-09-28 00:00:00.000,LND-6732(2),0,140,0,0,No Data,0,NULL,0,0,NULL,NULL,0,0,3,0,0,0.1875,0,NULL,NULL,NULL,NULL,0,NULL,NULL,NULL,NULL,NULL,NULL,NULL,NULL,0,NULL,NULL,2025-07-07 15:20:31.733,NA\donald.massey,2025-07-08 00:15:49.490,cs_updates,NULL,NULL,NULL,0,NULL,NULL,1,0,0,NULL,NULL,NULL,NULL,NULL,72636
201034982,2040129,d6c05274-be30-4045-8313-92318a1ce3c9,pa/washington,c4hqnnjvdq3000f0gek0,c4hqnnjvdq3000f0gek0/c4hqnnso26gg008rbtqg/2040129.pdf,enverus-courthouse-prod-chd-plants/pa/washington/d6c0/d6c05274-be30-4045-8313-92318a1ce3c9.pdf,2,70203,processed,2,d6c05274-be30-4045-8313-92318a1ce3c9,\\smb.dc2isilon.na.drillinginfo.com\didocuments\leaseTracts\fn79\BF6A8FF07F00000154781C3D5D568A2F.tif,,BF6A8FF07F00000154781C3D5D568A2F.tif,.tif,.tif,10,2025-07-07 14:19:42.140,17,654,43,201034982,NULL,10,NULL,1,NULL,NULL,90,NULL,NULL,NULL,NULL,NULL,NULL,0,0,0,0,NULL,NULL,NULL,0,NULL,2010-11-02 00:00:00.000,NULL,MOGL,201034982,2010-07-25 00:00:00.000,2010-11-02 00:00:00.000,LND-6732(2),0,13,0,0,No Data,0,0,1,36,Months,NULL,0,0,5,0,0,NULL,0,NULL,NULL,NULL,NULL,0,NULL,NULL,NULL,NULL,NULL,NULL,NULL,NULL,0,NULL,NULL,2025-07-07 15:20:31.733,NA\donald.massey,2025-07-08 00:15:49.490,cs_updates,NULL,NULL,NULL,0,NULL,NULL,1,0,0,NULL,NULL,NULL,NULL,NULL,67507
2017-00668,4037254,cdc48307-290d-460b-864a-97a70fbc375e,ok/lincoln,c4ap5qe22pr000dq08c0,c4ap5qe22pr000dq08c0/c4ap5qko26gg008pupog/4037254.pdf,enverus-courthouse-prod-chd-plants/ok/lincoln/cdc4/cdc48307-290d-460b-864a-97a70fbc375e.pdf,2,181702,processed,3,cdc48307-290d-460b-864a-97a70fbc375e,\\smb.dc2isilon.na.drillinginfo.com\didocuments\leaseTracts\fn30\FF0CA0407F0001016E26A4CE753C6450.pdf,,FF0CA0407F0001016E26A4CE753C6450.pdf,.pdf,.pdf,10,2025-07-07 14:19:42.140,17,604,40,2240,66,10,NULL,1,NULL,NULL,90,NULL,NULL,NULL,NULL,NULL,NULL,0,0,0,0,NULL,NULL,NULL,0,NULL,2017-01-27 00:00:00.000,NULL,OGL,2017-00668,2017-01-01 00:00:00.000,2017-01-27 00:00:00.000,LND-6732(2),0,79.6900024414063,0,0,No Data,0,NULL,1,24,Months,NULL,0,0,3,0,0,0.2,0,NULL,NULL,NULL,NULL,0,NULL,NULL,NULL,NULL,NULL,NULL,NULL,NULL,0,NULL,NULL,2025-07-07 15:20:31.733,NA\donald.massey,2025-07-08 00:15:49.490,cs_updates,NULL,NULL,NULL,0,NULL,NULL,1,0,0,NULL,NULL,NULL,NULL,NULL,72636
2016-017748,3987480,0fa190d2-8c6b-4f23-89f2-834460cd4ed6,ok/grady,c47v91h2rh1g009e0v80,c47v91h2rh1g009e0v80/c47v91nf3f9g00fvku50/3987480.pdf,enverus-courthouse-prod-chd-plants/ok/grady/0fa1/0fa190d2-8c6b-4f23-89f2-834460cd4ed6.pdf,2,808933,processed,4,0fa190d2-8c6b-4f23-89f2-834460cd4ed6,\\smb.dc2isilon.na.drillinginfo.com\didocuments\leaseTracts\fn77\E76FD7627F0001017F593791410B09A1.tif,,E76FD7627F0001017F593791410B09A1.tif,.tif,.tif,10,2025-07-07 14:19:42.140,17,590,40,5106,79,10,NULL,1,NULL,NULL,90,NULL,NULL,NULL,NULL,NULL,NULL,0,0,0,0,NULL,NULL,NULL,0,NULL,2016-09-27 00:00:00.000,NULL,OGL,2016-017748,2016-08-15 00:00:00.000,2016-09-27 00:00:00.000,LND-6732(2),0,1.46000003814697,0,0,No Data,0,NULL,1,24,Months,NULL,0,0,3,0,0,0.1875,0,NULL,NULL,NULL,NULL,0,NULL,NULL,NULL,NULL,NULL,NULL,NULL,NULL,0,NULL,NULL,2025-07-07 15:20:31.733,NA\donald.massey,2025-07-08 00:15:49.490,cs_updates,NULL,NULL,NULL,0,NULL,NULL,1,0,0,NULL,NULL,NULL,NULL,NULL,72636
2017-00667,4037259,394554d6-8c0a-44d6-b1c1-d487f61aa20c,ok/lincoln,c4ap5qdnv8a0008gjhc0,c4ap5qdnv8a0008gjhc0/c4ap5qbvdq3000ev2cqg/4037259.pdf,enverus-courthouse-prod-chd-plants/ok/lincoln/3945/394554d6-8c0a-44d6-b1c1-d487f61aa20c.pdf,2,181505,processed,5,394554d6-8c0a-44d6-b1c1-d487f61aa20c,\\smb.dc2isilon.na.drillinginfo.com\didocuments\leaseTracts\fn69\FF0649B07F0001010F2DEC590F07D2DF.pdf,,FF0649B07F0001010F2DEC590F07D2DF.pdf,.pdf,.pdf,10,2025-07-07 14:19:42.140,17,604,40,2240,64,10,NULL,1,NULL,NULL,90,NULL,NULL,NULL,NULL,NULL,NULL,0,0,0,0,NULL,NULL,NULL,0,NULL,2017-01-27 00:00:00.000,NULL,OGL,2017-00667,2017-01-01 00:00:00.000,2017-01-27 00:00:00.000,LND-6732(2),0,79.6900024414063,0,0,No Data,0,NULL,1,24,Months,NULL,0,0,3,0,0,0.2,0,NULL,NULL,NULL,NULL,0,NULL,NULL,NULL,NULL,NULL,NULL,NULL,NULL,0,NULL,NULL,2025-07-07 15:20:31.733,NA\donald.massey,2025-07-08 00:15:49.490,cs_updates,NULL,NULL,NULL,0,NULL,NULL,1,0,0,NULL,NULL,NULL,NULL,NULL,72636
138518,278211,a6497151-6509-4bef-bf8f-507e57fc3332,tx/zapata,c4jaiefdeto0008am3og,c4jaiefdeto0008am3og/c4jaie92rh1g009fsuqg/278211.pdf,enverus-courthouse-prod-chd-plants/tx/zapata/a649/a6497151-6509-4bef-bf8f-507e57fc3332.pdf,3,1824296,processed,1,a6497151-6509-4bef-bf8f-507e57fc3332,\\smb.dc2isilon.na.drillinginfo.com\didocuments\leaseTracts\fn18\129DC0587F0000011A5A7C8920ADF5F4.tif,,129DC0587F0000011A5A7C8920ADF5F4.tif,.tif,.tif,10,2025-07-07 14:19:42.140,17,253,48,742,416,10,NULL,1,NULL,NULL,90,NULL,NULL,NULL,NULL,NULL,NULL,0,0,0,0,NULL,NULL,NULL,0,NULL,2005-07-28 00:00:00.000,NULL,OGL,138518,2005-06-01 00:00:00.000,2005-07-28 00:00:00.000,LND-6732(2),0,NULL,-1,0,No Data,NULL,NULL,1,NULL,NULL,NULL,0,0,3,0,0,0.2,0,NULL,NULL,NULL,NULL,0,NULL,NULL,NULL,NULL,NULL,NULL,NULL,NULL,0,NULL,NULL,2025-07-07 15:20:31.733,NA\donald.massey,2025-07-08 00:15:49.490,cs_updates,NULL,NULL,NULL,0,NULL,NULL,1,0,0,NULL,NULL,NULL,NULL,NULL,72636
I-2016-013296,3992666,3db6c4b3-65e7-44f1-8282-4841f3da1f0f,ok/mcclain,c483cdu22pr000dpjnmg,c483cdu22pr000dpjnmg/c483cdsu12qg0095ineg/3992666.pdf,enverus-courthouse-prod-chd-plants/ok/mcclain/3db6/3db6c4b3-65e7-44f1-8282-4841f3da1f0f.pdf,3,208913,processed,2,3db6c4b3-65e7-44f1-8282-4841f3da1f0f,\\smb.dc2isilon.na.drillinginfo.com\didocuments\leaseTracts\fn46\2563DC777F0001013841C453072F2294.pdf,,2563DC777F0001013841C453072F2294.pdf,.pdf,.pdf,10,2025-07-07 14:19:42.140,17,607,40,2329,727,10,NULL,1,NULL,NULL,90,NULL,NULL,NULL,NULL,NULL,NULL,0,0,0,0,NULL,NULL,NULL,0,NULL,2016-10-28 00:00:00.000,NULL,OGL,I-2016-013296,2016-10-14 00:00:00.000,2016-10-28 00:00:00.000,LND-6732(2),0,640,0,0,No Data,NULL,NULL,1,NULL,NULL,NULL,0,0,3,0,0,0.125,0,NULL,NULL,NULL,NULL,0,NULL,NULL,NULL,NULL,NULL,NULL,NULL,NULL,0,NULL,NULL,2025-07-07 15:20:31.733,NA\donald.massey,2025-07-08 00:15:49.490,cs_updates,NULL,NULL,NULL,0,NULL,NULL,1,0,0,NULL,NULL,NULL,NULL,NULL,72636
2005154214,279696,f6b68477-0b3a-4af1-960c-7b444de3554d,ok/mcintosh,c4bqhr7deto00089d4u0,c4bqhr7deto00089d4u0/c4bqhr4vfoog00drju40/279696.pdf,enverus-courthouse-prod-chd-plants/ok/mcintosh/f6b6/f6b68477-0b3a-4af1-960c-7b444de3554d.pdf,3,609993,processed,3,f6b68477-0b3a-4af1-960c-7b444de3554d,\\smb.dc2isilon.na.drillinginfo.com\didocuments\leaseTracts\fn66\48AB2C52422D7849010E8647F80405FB.tif,,48AB2C52422D7849010E8647F80405FB.tif,.tif,.tif,10,2025-07-07 14:19:42.140,17,608,40,716,575,10,NULL,1,NULL,NULL,90,NULL,NULL,NULL,NULL,NULL,NULL,0,0,0,0,NULL,NULL,NULL,0,NULL,2005-08-09 00:00:00.000,NULL,OGL,2005154214,2005-04-05 00:00:00.000,2005-08-09 00:00:00.000,LND-6732(2),0,95,0,0,No Data,NULL,NULL,1,NULL,NULL,NULL,0,0,3,0,0,0.1875,0,NULL,NULL,NULL,NULL,0,NULL,NULL,NULL,NULL,NULL,NULL,NULL,NULL,0,NULL,NULL,2025-07-07 15:20:31.733,NA\donald.massey,2025-07-08 00:15:49.490,cs_updates,NULL,NULL,NULL,0,NULL,NULL,1,0,0,NULL,NULL,NULL,NULL,NULL,72636
135192,216180,cedcf2bd-d2fa-46dc-8c75-8a8975221629,tx/zapata,c4jaddsu12qg0097l5o0,c4jaddsu12qg0097l5o0/c4jaddqlpbg0009opg5g/216180.pdf,enverus-courthouse-prod-chd-plants/tx/zapata/cedc/cedcf2bd-d2fa-46dc-8c75-8a8975221629.pdf,3,273828,processed,4,cedcf2bd-d2fa-46dc-8c75-8a8975221629,\\smb.dc2isilon.na.drillinginfo.com\didocuments\leaseTracts\f248\213CE7C0422D7843010278C5D55A6580.pdf,,213CE7C0422D7843010278C5D55A6580.pdf,.pdf,.pdf,10,2025-07-07 14:19:42.140,17,253,48,722,812,10,NULL,1,NULL,NULL,90,NULL,NULL,NULL,NULL,NULL,NULL,0,0,0,0,NULL,NULL,NULL,0,NULL,2004-11-04 00:00:00.000,NULL,OGL,135192,2004-07-31 00:00:00.000,2004-11-04 00:00:00.000,LND-6732(2),0,0.449999988079071,0,0,No Data,NULL,NULL,1,NULL,NULL,NULL,0,0,3,0,0,0.2,0,NULL,NULL,NULL,NULL,0,NULL,NULL,NULL,NULL,NULL,NULL,NULL,NULL,0,NULL,NULL,2025-07-07 15:20:31.733,NA\donald.massey,2025-07-08 00:15:49.490,cs_updates,NULL,NULL,NULL,0,NULL,NULL,1,0,0,NULL,NULL,NULL,NULL,NULL,72636
I-2014-002630,3548319,ee9911d9-317e-406d-a9ea-626f7f35fe2a,ok/murray,c4c5dvjjknf000ama3t0,c4c5dvjjknf000ama3t0/c4c5dvkmi4og00d1ut9g/3548319.pdf,enverus-courthouse-prod-chd-plants/ok/murray/ee99/ee9911d9-317e-406d-a9ea-626f7f35fe2a.pdf,3,1783797,processed,5,ee9911d9-317e-406d-a9ea-626f7f35fe2a,\\smb.dc2isilon.na.drillinginfo.com\didocuments\leaseTracts\fn23\C4A796417F0000016488A2DB347BCBF7.tif,,C4A796417F0000016488A2DB347BCBF7.tif,.tif,.tif,10,2025-07-07 14:19:42.140,17,611,40,1182,89,10,NULL,1,NULL,NULL,90,NULL,NULL,NULL,NULL,NULL,NULL,0,0,0,0,NULL,NULL,NULL,0,NULL,2014-09-08 00:00:00.000,NULL,OGL,I-2014-002630,2014-07-08 00:00:00.000,2014-09-08 00:00:00.000,LND-6732(2),0,145.5,0,0,No Data,NULL,NULL,1,NULL,NULL,NULL,0,0,3,0,0,0.25,0,NULL,NULL,NULL,NULL,0,NULL,NULL,NULL,NULL,NULL,NULL,NULL,NULL,0,NULL,NULL,2025-07-07 15:20:31.733,NA\donald.massey,2025-07-08 00:15:49.490,cs_updates,NULL,NULL,NULL,0,NULL,NULL,1,0,0,NULL,NULL,NULL,NULL,NULL,72636
4307440,4111587,b19185aa-c39a-4ad4-bb02-89cc6edb45a3,co/weld,c4i41rtksi2g00c1ifn0,c4i41rtksi2g00c1ifn0/c4i41rsu12qg0097d290/4111587.pdf,enverus-courthouse-prod-chd-plants/co/weld/b191/b19185aa-c39a-4ad4-bb02-89cc6edb45a3.pdf,4,431390,processed,1,b19185aa-c39a-4ad4-bb02-89cc6edb45a3,\\smb.dc2isilon.na.drillinginfo.com\didocuments\leaseTracts\f139\A1793E777F00010106E301E03835958B.pdf,,A1793E777F00010106E301E03835958B.pdf,.pdf,.pdf,10,2025-07-07 14:19:42.140,17,360,8,NULL,NULL,10,NULL,1,NULL,NULL,90,NULL,NULL,NULL,NULL,NULL,NULL,0,0,0,0,NULL,NULL,NULL,0,NULL,2017-06-05 00:00:00.000,2017-05-25 00:00:00.000,OGL,4307440,2017-05-25 00:00:00.000,2017-06-05 00:00:00.000,LND-6732(2),0,160,0,0,No Data,0,NULL,1,24,Months,NULL,0,0,4,0,0,0.1875,0,NULL,NULL,NULL,NULL,0,NULL,NULL,NULL,NULL,NULL,NULL,NULL,NULL,0,NULL,NULL,2025-07-07 15:20:31.733,NA\donald.massey,2025-07-08 00:15:49.490,cs_updates,NULL,NULL,NULL,0,NULL,NULL,1,0,0,NULL,NULL,NULL,NULL,NULL,72636
200709956,943196,d85bb763-b300-4e00-805c-10a01921ec67,ar/cleburne,c4628sjvdq3000etvveg,c4628sjvdq3000etvveg/c4628sggdkfg00civ76g/943196.pdf,enverus-courthouse-prod-chd-plants/ar/cleburne/d85b/d85bb763-b300-4e00-805c-10a01921ec67.pdf,4,909507,processed,2,d85bb763-b300-4e00-805c-10a01921ec67,\\smb.dc2isilon.na.drillinginfo.com\didocuments\leaseTracts\fn28\F8D9711F422D784701E69E9950B59534.tif,,F8D9711F422D784701E69E9950B59534.tif,.tif,.tif,10,2025-07-07 14:19:42.140,17,302,5,200709956,NULL,10,NULL,1,NULL,NULL,90,NULL,NULL,NULL,NULL,NULL,NULL,0,0,0,0,NULL,NULL,NULL,0,NULL,2007-11-09 00:00:00.000,NULL,OGL,200709956,2007-09-04 00:00:00.000,2007-11-09 00:00:00.000,LND-6732(2),0,0.360000014305115,0,0,No Data,NULL,NULL,1,60,Months,NULL,0,0,5,0,0,0.1667,0,NULL,NULL,NULL,NULL,0,NULL,NULL,NULL,NULL,NULL,NULL,NULL,NULL,0,NULL,NULL,2025-07-07 15:20:31.733,NA\donald.massey,2025-07-08 00:15:49.490,cs_updates,NULL,NULL,NULL,0,NULL,NULL,1,0,0,NULL,NULL,NULL,NULL,NULL,72636
200905060016734,2150219,3dc38f4c-9da0-4084-a4a8-5a60fbc6c97e,pa/westmoreland,c4i7tgqc0ku000appeig,c4i7tgqc0ku000appeig/c4i7tgplms9g00dfc4rg/2150219.pdf,enverus-courthouse-prod-chd-plants/pa/westmoreland/3dc3/3dc38f4c-9da0-4084-a4a8-5a60fbc6c97e.pdf,4,504972,processed,3,3dc38f4c-9da0-4084-a4a8-5a60fbc6c97e,\\smb.dc2isilon.na.drillinginfo.com\didocuments\leaseTracts\f149\D52CACB87F0000012802480838BB61A7.tif,,D52CACB87F0000012802480838BB61A7.tif,.tif,.tif,10,2025-07-07 14:19:42.140,17,655,43,NULL,NULL,10,NULL,1,NULL,NULL,90,NULL,NULL,NULL,NULL,NULL,NULL,0,0,0,0,NULL,NULL,NULL,0,NULL,2009-05-06 00:00:00.000,2009-03-23 00:00:00.000,OGL,200905060016734,2009-03-23 00:00:00.000,2009-05-06 00:00:00.000,LND-6732(2),0,0.400000005960464,0,0,No Data,0,0,1,60,Months,NULL,0,0,5,0,0,0.125,0,NULL,NULL,NULL,NULL,0,NULL,NULL,NULL,NULL,NULL,NULL,NULL,NULL,0,NULL,NULL,2025-07-07 15:20:31.733,NA\donald.massey,2025-07-08 00:15:49.490,cs_updates,NULL,NULL,NULL,0,NULL,NULL,1,0,0,NULL,NULL,NULL,NULL,NULL,72636
2017-1909,4109677,5c042314-85db-4cf6-b49f-8697d7c36513,tx/dawson,c41sb9h2rh1g009cuj40,c41sb9h2rh1g009cuj40/c41sb9ic0ku000amhsj0/4109677.pdf,enverus-courthouse-prod-chd-plants/tx/dawson/5c04/5c042314-85db-4cf6-b49f-8697d7c36513.pdf,4,347603,processed,4,5c042314-85db-4cf6-b49f-8697d7c36513,\\smb.dc2isilon.na.drillinginfo.com\didocuments\leaseTracts\fn183\881664307F0001013A4F51E8C221DA17.tif,,881664307F0001013A4F51E8C221DA17.tif,.tif,.tif,10,2025-07-07 14:19:42.140,17,58,48,817,25,10,NULL,1,NULL,NULL,90,NULL,NULL,NULL,NULL,NULL,NULL,0,0,0,0,NULL,NULL,NULL,0,NULL,2017-05-25 00:00:00.000,2017-05-09 00:00:00.000,MOGL,2017-1909,2017-05-13 00:00:00.000,2017-05-25 00:00:00.000,LND-6732(2),0,88.5599975585938,0,0,No Data,0,NULL,0,0,NULL,NULL,0,0,3,0,0,NULL,0,NULL,NULL,NULL,NULL,0,NULL,NULL,NULL,NULL,NULL,NULL,NULL,NULL,0,NULL,NULL,2025-07-07 15:20:31.733,NA\donald.massey,2025-07-08 00:15:49.490,cs_updates,NULL,NULL,NULL,0,NULL,NULL,1,0,0,NULL,NULL,NULL,NULL,NULL,67507
4233415,4012634,85046cdc-1565-494d-b3e2-318506cec75a,co/weld,c4i56v7orvtg00d0so5g,c4i56v7orvtg00d0so5g/c4i56vf2551g00d22rj0/4012634.pdf,enverus-courthouse-prod-chd-plants/co/weld/8504/85046cdc-1565-494d-b3e2-318506cec75a.pdf,4,124219,processed,5,85046cdc-1565-494d-b3e2-318506cec75a,\\smb.dc2isilon.na.drillinginfo.com\didocuments\leaseTracts\fn47\F8AEC42C7F00010150C91C070C7B4DF4.pdf,,F8AEC42C7F00010150C91C070C7B4DF4.pdf,.pdf,.pdf,10,2025-07-07 14:19:42.140,17,360,8,NULL,NULL,10,NULL,1,NULL,NULL,90,NULL,NULL,NULL,NULL,NULL,NULL,0,0,0,0,NULL,NULL,NULL,0,NULL,2016-09-01 00:00:00.000,2016-09-02 00:00:00.000,OGLEXT,4233415,2016-08-22 00:00:00.000,2016-09-01 00:00:00.000,LND-6732(2),0,0.28,0,0,No Data,0,NULL,0,0,NULL,NULL,0,0,2,0,0,NULL,0,NULL,NULL,NULL,NULL,0,NULL,NULL,NULL,NULL,NULL,NULL,NULL,NULL,0,NULL,NULL,2025-07-07 15:20:31.733,NA\donald.massey,2025-07-08 00:15:49.490,cs_updates,NULL,NULL,NULL,0,NULL,NULL,1,0,0,NULL,NULL,NULL,NULL,NULL,72604
585257,3478358,25fbde44-8f7b-40b4-bb0c-e8ef0b4d3ce8,mt/richland,c4e2rg47bhug00af8uv0,c4e2rg47bhug00af8uv0/c4e2rg72551g00d1dm3g/3478358.pdf,enverus-courthouse-prod-chd-plants/mt/richland/25fb/25fbde44-8f7b-40b4-bb0c-e8ef0b4d3ce8.pdf,5,1930996,processed,1,25fbde44-8f7b-40b4-bb0c-e8ef0b4d3ce8,\\smb.dc2isilon.na.drillinginfo.com\didocuments\leaseTracts\f31\9754EBEB7F0001017F593791F2849829.tif,,9754EBEB7F0001017F593791F2849829.tif,.tif,.tif,10,2025-07-07 14:19:42.140,17,524,30,411,773,10,NULL,1,NULL,NULL,90,NULL,NULL,NULL,NULL,NULL,NULL,0,0,0,0,NULL,NULL,NULL,0,NULL,2014-06-13 00:00:00.000,NULL,OGL,585257,2014-04-10 00:00:00.000,2014-06-13 00:00:00.000,LND-6732(2),0,605.070007324219,0,0,No Data,NULL,NULL,1,NULL,NULL,NULL,0,0,3,0,0,0.2,0,NULL,NULL,NULL,NULL,0,NULL,NULL,NULL,NULL,NULL,NULL,NULL,NULL,0,NULL,NULL,2025-07-07 15:20:31.733,NA\donald.massey,2025-07-08 00:15:49.490,cs_updates,NULL,NULL,NULL,0,NULL,NULL,1,0,0,NULL,NULL,NULL,NULL,NULL,72636
200306574,1926668,9e26a30c-1ce9-4cd8-8b4f-394e2403b6a5,pa/bradford,c456jiggdkfg00cimms0,c456jiggdkfg00cimms0/c456jikbq3o000aa4s3g/1926668.pdf,enverus-courthouse-prod-chd-plants/pa/bradford/9e26/9e26a30c-1ce9-4cd8-8b4f-394e2403b6a5.pdf,5,261460,processed,2,9e26a30c-1ce9-4cd8-8b4f-394e2403b6a5,\\smb.dc2isilon.na.drillinginfo.com\didocuments\leaseTracts\f8\7503F0BC7F000001451CF8E95DF1EA53.tif,,7503F0BC7F000001451CF8E95DF1EA53.tif,.tif,.tif,10,2025-07-07 14:19:42.140,17,633,43,200306574,NULL,10,NULL,1,NULL,NULL,90,NULL,NULL,NULL,NULL,NULL,NULL,0,0,0,0,NULL,NULL,NULL,0,NULL,2003-05-09 00:00:00.000,NULL,OGL,200306574,2003-04-01 00:00:00.000,2003-05-09 00:00:00.000,LND-6732(2),0,3.90000009536743,0,0,No Data,0,0,0,0,NULL,NULL,0,0,5,0,0,0.125,0,NULL,NULL,NULL,NULL,0,NULL,NULL,NULL,NULL,NULL,NULL,NULL,NULL,0,NULL,NULL,2025-07-07 15:20:31.733,NA\donald.massey,2025-07-08 00:15:49.490,cs_updates,NULL,NULL,NULL,0,NULL,NULL,1,0,0,NULL,NULL,NULL,NULL,NULL,72636
200306575,1926669,92f4a17c-44fe-483f-aef1-067159821264,pa/bradford,c456jivorvtg00cugrf0,c456jivorvtg00cugrf0/c456jitnv8a0008fbug0/1926669.pdf,enverus-courthouse-prod-chd-plants/pa/bradford/92f4/92f4a17c-44fe-483f-aef1-067159821264.pdf,5,264857,processed,3,92f4a17c-44fe-483f-aef1-067159821264,\\smb.dc2isilon.na.drillinginfo.com\didocuments\leaseTracts\fn138\74EBF8547F0000015BECF473FC2FFC46.tif,,74EBF8547F0000015BECF473FC2FFC46.tif,.tif,.tif,10,2025-07-07 14:19:42.140,17,633,43,200306575,NULL,10,NULL,1,NULL,NULL,90,NULL,NULL,NULL,NULL,NULL,NULL,0,0,0,0,NULL,NULL,NULL,0,NULL,2003-05-09 00:00:00.000,NULL,OGL,200306575,2003-04-06 00:00:00.000,2003-05-09 00:00:00.000,LND-6732(2),0,2,0,0,No Data,0,0,0,0,NULL,NULL,0,0,3,0,0,0.125,0,NULL,NULL,NULL,NULL,0,NULL,NULL,NULL,NULL,NULL,NULL,NULL,NULL,0,NULL,NULL,2025-07-07 15:20:31.733,NA\donald.massey,2025-07-08 00:15:49.490,cs_updates,NULL,NULL,NULL,0,NULL,NULL,1,0,0,NULL,NULL,NULL,NULL,NULL,72636
5014480,309842,f04d63b4-9308-434f-9e25-09b7dced9526,tx/harrison,c438ilgkqp4g00a8lstg,c438ilgkqp4g00a8lstg/c438ilh2rh1g009d357g/309842.pdf,enverus-courthouse-prod-chd-plants/tx/harrison/f04d/f04d63b4-9308-434f-9e25-09b7dced9526.pdf,5,1613087,processed,4,f04d63b4-9308-434f-9e25-09b7dced9526,\\smb.dc2isilon.na.drillinginfo.com\didocuments\leaseTracts\fn98\AE866E18422D7847007210EC1EF3776A.tif,,AE866E18422D7847007210EC1EF3776A.tif,.tif,.tif,10,2025-07-07 14:19:42.140,17,102,48,3177,237,10,NULL,1,NULL,NULL,90,NULL,NULL,NULL,NULL,NULL,NULL,0,0,0,0,NULL,NULL,NULL,0,NULL,2005-09-01 00:00:00.000,NULL,OGL,5014480,2005-07-29 00:00:00.000,2005-09-01 00:00:00.000,LND-6732(2),0,167.070007324219,0,0,All,0,2147483647,1,NULL,NULL,NULL,0,0,3,0,0,0.1875,0,NULL,NULL,NULL,NULL,0,NULL,NULL,NULL,NULL,NULL,NULL,NULL,NULL,0,NULL,NULL,2025-07-07 15:20:31.733,NA\donald.massey,2025-07-08 00:15:49.490,cs_updates,NULL,NULL,NULL,0,NULL,NULL,1,0,0,NULL,NULL,NULL,NULL,NULL,72636
201700010877,4181830,5a5e1eb4-4d53-457c-a877-34dda7887af5,ok/pottawatomie,c4dva716lb7g00cecst0,c4dva716lb7g00cecst0/c4dva78kqp4g00aahd1g/4181830.pdf,enverus-courthouse-prod-chd-plants/ok/pottawatomie/5a5e/5a5e1eb4-4d53-457c-a877-34dda7887af5.pdf,5,2966747,processed,5,5a5e1eb4-4d53-457c-a877-34dda7887af5,\\smb.dc2isilon.na.drillinginfo.com\didocuments\leaseTracts\f94\0D2E00577F00010100B20DAE15EF5852.tif,,0D2E00577F00010100B20DAE15EF5852.tif,.tif,.tif,10,2025-07-07 14:19:42.140,17,621,40,NULL,NULL,10,NULL,1,NULL,NULL,90,NULL,NULL,NULL,NULL,NULL,NULL,0,0,0,0,NULL,NULL,NULL,0,NULL,2017-09-15 00:00:00.000,NULL,OGL,201700010877,2017-08-29 00:00:00.000,2017-09-15 00:00:00.000,LND-6732(2),0,40,0,0,No Data,NULL,NULL,1,NULL,NULL,NULL,0,0,3,0,0,0.1875,0,NULL,NULL,NULL,NULL,0,NULL,NULL,NULL,NULL,NULL,NULL,NULL,NULL,0,NULL,NULL,2025-07-07 15:20:31.733,NA\donald.massey,2025-07-08 00:15:49.490,cs_updates,NULL,NULL,NULL,0,NULL,NULL,1,0,0,NULL,NULL,NULL,NULL,NULL,72636
201200001287,2439523,15e49868-2490-4a3f-b222-beaf54d0e482,pa/greene,c4890m0kqp4g00a9l500,c4890m0kqp4g00a9l500/c4890m4mi4og00d1a5n0/2439523.pdf,enverus-courthouse-prod-chd-plants/pa/greene/15e4/15e49868-2490-4a3f-b222-beaf54d0e482.pdf,6,583109,processed,1,15e49868-2490-4a3f-b222-beaf54d0e482,\\smb.dc2isilon.na.drillinginfo.com\didocuments\leaseTracts\f217\9409739C7F00000120CA8D94BA727D93.tif,,9409739C7F00000120CA8D94BA727D93.tif,.tif,.tif,10,2025-07-07 14:19:42.140,17,642,43,448,1560,10,NULL,1,NULL,NULL,90,NULL,NULL,NULL,NULL,NULL,NULL,0,0,0,0,NULL,NULL,NULL,0,NULL,2012-02-14 00:00:00.000,2011-12-08 00:00:00.000,OGL,201200001287,2011-12-08 00:00:00.000,2012-02-14 00:00:00.000,LND-6732(2),0,135.630004882813,0,0,No Data,0,0,1,60,Months,NULL,0,0,5,0,0,0.15,0,NULL,NULL,NULL,NULL,0,NULL,NULL,NULL,NULL,NULL,NULL,NULL,NULL,0,NULL,NULL,2025-07-07 15:20:31.733,NA\donald.massey,2025-07-08 00:15:49.490,cs_updates,NULL,NULL,NULL,0,NULL,NULL,1,0,0,NULL,NULL,NULL,NULL,NULL,72636
201200001286,2439522,50e6d5f1-021c-4f65-8fbb-662feb1a8035,pa/greene,c4890o30tnc000c71fkg,c4890o30tnc000c71fkg/c4890o7deto00088p4f0/2439522.pdf,enverus-courthouse-prod-chd-plants/pa/greene/50e6/50e6d5f1-021c-4f65-8fbb-662feb1a8035.pdf,6,521520,processed,2,50e6d5f1-021c-4f65-8fbb-662feb1a8035,\\smb.dc2isilon.na.drillinginfo.com\didocuments\leaseTracts\f234\9312C9EE7F00000153A7473AEA111421.tif,,9312C9EE7F00000153A7473AEA111421.tif,.tif,.tif,10,2025-07-07 14:19:42.140,17,642,43,448,1554,10,NULL,1,NULL,NULL,90,NULL,NULL,NULL,NULL,NULL,NULL,0,0,0,0,NULL,NULL,NULL,0,NULL,2012-02-14 00:00:00.000,2011-11-21 00:00:00.000,OGL,201200001286,2011-11-21 00:00:00.000,2012-02-14 00:00:00.000,LND-6732(2),0,135.630004882813,0,0,No Data,0,0,0,0,NULL,NULL,0,0,5,0,0,0.15,0,NULL,NULL,NULL,NULL,0,NULL,NULL,NULL,NULL,NULL,NULL,NULL,NULL,0,NULL,NULL,2025-07-07 15:20:31.733,NA\donald.massey,2025-07-08 00:15:49.490,cs_updates,NULL,NULL,NULL,0,NULL,NULL,1,0,0,NULL,NULL,NULL,NULL,NULL,72636
20087119,1310035,aa310040-0d49-4855-836e-482e900bf056,ar/van buren,c4fq3okfjb0000cme080,c4fq3okfjb0000cme080/c4fq3onl13i0009rkuj0/1310035.pdf,enverus-courthouse-prod-chd-plants/ar/van buren/aa31/aa310040-0d49-4855-836e-482e900bf056.pdf,6,4220655,processed,3,aa310040-0d49-4855-836e-482e900bf056,\\smb.dc2isilon.na.drillinginfo.com\didocuments\leaseTracts\fn157\0B87FDB0422D786600686C5E9571B63F.tif,,0B87FDB0422D786600686C5E9571B63F.tif,.tif,.tif,10,2025-07-07 14:19:42.140,17,330,5,20087119,NULL,10,NULL,1,NULL,NULL,90,NULL,NULL,NULL,NULL,NULL,NULL,0,0,0,0,NULL,NULL,NULL,0,NULL,2008-07-15 00:00:00.000,NULL,OGL,20087119,2008-07-12 00:00:00.000,2008-07-15 00:00:00.000,LND-6732(2),0,26.6499996185303,0,0,No Data,NULL,NULL,1,60,Months,1550,0,0,5,0,0,0.2,0,NULL,NULL,NULL,NULL,0,NULL,NULL,NULL,NULL,NULL,NULL,NULL,NULL,0,NULL,NULL,2025-07-07 15:20:31.733,NA\donald.massey,2025-07-08 00:15:49.490,cs_updates,NULL,NULL,NULL,0,NULL,NULL,1,0,0,NULL,NULL,NULL,NULL,NULL,72636
200807300031994,2151502,468c5d3c-b4a6-4a14-bf04-48b50a787bd1,pa/westmoreland,c4i7mk3jknf000an9u70,c4i7mk3jknf000an9u70/c4i7mk92rh1g009fmjhg/2151502.pdf,enverus-courthouse-prod-chd-plants/pa/westmoreland/468c/468c5d3c-b4a6-4a14-bf04-48b50a787bd1.pdf,6,371239,processed,4,468c5d3c-b4a6-4a14-bf04-48b50a787bd1,\\smb.dc2isilon.na.drillinginfo.com\didocuments\leaseTracts\fn4\D4CA333B7F000001280248082EDE42CD.tif,,D4CA333B7F000001280248082EDE42CD.tif,.tif,.tif,10,2025-07-07 14:19:42.140,17,655,43,NULL,NULL,10,NULL,1,NULL,NULL,90,NULL,NULL,NULL,NULL,NULL,NULL,0,0,0,0,NULL,NULL,NULL,0,NULL,2008-07-30 00:00:00.000,NULL,OGL,200807300031994,2008-05-13 00:00:00.000,2008-07-30 00:00:00.000,LND-6732(2),0,31,0,0,No Data,0,0,0,0,NULL,NULL,0,0,3,0,0,0.125,0,NULL,NULL,NULL,NULL,0,NULL,NULL,NULL,NULL,NULL,NULL,NULL,NULL,0,NULL,NULL,2025-07-07 15:20:31.733,NA\donald.massey,2025-07-08 00:15:49.490,cs_updates,NULL,NULL,NULL,0,NULL,NULL,1,0,0,NULL,NULL,NULL,NULL,NULL,72636
104266,3325480,2782b122-2f8c-4c89-8799-03ffcd9c4d96,ms/adams,c44g5oalpbg0009lqkg0,c44g5oalpbg0009lqkg0/c44g5oe22pr000doon10/3325480.pdf,enverus-courthouse-prod-chd-plants/ms/adams/2782/2782b122-2f8c-4c89-8799-03ffcd9c4d96.pdf,6,2739176,processed,5,2782b122-2f8c-4c89-8799-03ffcd9c4d96,\\smb.dc2isilon.na.drillinginfo.com\didocuments\leaseTracts\f71\5090BFE37F0000017A674E9B7AF4E442.tif,,5090BFE37F0000017A674E9B7AF4E442.tif,.tif,.tif,10,2025-07-07 14:19:42.140,17,481,28,305,270,10,NULL,1,NULL,NULL,90,NULL,NULL,NULL,NULL,NULL,NULL,0,0,0,0,NULL,NULL,NULL,0,NULL,2014-02-05 00:00:00.000,NULL,OGL,104266,2013-12-11 00:00:00.000,2014-02-05 00:00:00.000,LND-6732(2),0,89.0999984741211,0,0,No Data,0,NULL,0,0,NULL,NULL,0,0,1,0,0,0.2,0,NULL,NULL,NULL,NULL,0,NULL,NULL,NULL,NULL,NULL,NULL,NULL,NULL,0,NULL,NULL,2025-07-07 15:20:31.733,NA\donald.massey,2025-07-08 00:15:49.490,cs_updates,NULL,NULL,NULL,0,NULL,NULL,1,0,0,NULL,NULL,NULL,NULL,NULL,72636
462570,3189133,2c05b98b-8302-4522-af43-e97d32457635,la/allen,c44i2su1ja2g00caheag,c44i2su1ja2g00caheag/c44i2svf3f9g00fun1fg/3189133.pdf,enverus-courthouse-prod-chd-plants/la/allen/2c05/2c05b98b-8302-4522-af43-e97d32457635.pdf,7,2618879,processed,1,2c05b98b-8302-4522-af43-e97d32457635,\\smb.dc2isilon.na.drillinginfo.com\didocuments\leaseTracts\fn108\029823687F00000147A34181D9194EEF.tif,,029823687F00000147A34181D9194EEF.tif,.tif,.tif,10,2025-07-07 14:19:42.140,17,404,22,NULL,964,10,NULL,1,NULL,NULL,90,NULL,NULL,NULL,NULL,NULL,NULL,0,0,0,0,NULL,NULL,NULL,0,NULL,2010-07-13 00:00:00.000,NULL,OGL,462570,2010-07-13 00:00:00.000,2010-07-13 00:00:00.000,LND-6732(2),0,104.203002929688,0,0,No Data,NULL,NULL,1,NULL,NULL,NULL,0,0,3,0,0,0.25,0,NULL,NULL,NULL,NULL,0,NULL,NULL,NULL,NULL,NULL,NULL,NULL,NULL,0,NULL,NULL,2025-07-07 15:20:31.733,NA\donald.massey,2025-07-08 00:15:49.490,cs_updates,NULL,NULL,NULL,0,NULL,NULL,1,0,0,NULL,NULL,NULL,NULL,NULL,72636
201001030,2052228,78c098b3-9c9a-430c-a1f1-e54efbc81e21,pa/potter,c4du9ngkqp4g00aagpq0,c4du9ngkqp4g00aagpq0/c4du9nkbq3o000abobi0/2052228.pdf,enverus-courthouse-prod-chd-plants/pa/potter/78c0/78c098b3-9c9a-430c-a1f1-e54efbc81e21.pdf,7,342649,processed,2,78c098b3-9c9a-430c-a1f1-e54efbc81e21,\\smb.dc2isilon.na.drillinginfo.com\didocuments\leaseTracts\f212\9C6C59D67F000001591596849173CFF5.tif,,9C6C59D67F000001591596849173CFF5.tif,.tif,.tif,10,2025-07-07 14:19:42.140,17,649,43,201001030,NULL,10,NULL,1,NULL,NULL,90,NULL,NULL,NULL,NULL,NULL,NULL,0,0,0,0,NULL,NULL,NULL,0,NULL,2010-03-03 00:00:00.000,NULL,OGL,201001030,2010-02-22 00:00:00.000,2010-03-03 00:00:00.000,LND-6732(2),0,3.11999988555908,0,0,No Data,0,0,0,0,NULL,NULL,0,0,5,0,0,0.15,0,NULL,NULL,NULL,NULL,0,NULL,NULL,NULL,NULL,NULL,NULL,NULL,NULL,0,NULL,NULL,2025-07-07 15:20:31.733,NA\donald.massey,2025-07-08 00:15:49.490,cs_updates,NULL,NULL,NULL,0,NULL,NULL,1,0,0,NULL,NULL,NULL,NULL,NULL,72636
201407990,3547390,fcfe19cb-64ef-4b3f-a6c0-51d1ba6c3236,pa/tioga,c4fg280kqp4g00ab14h0,c4fg280kqp4g00ab14h0/c4fg2812rh1g009fedq0/3547390.pdf,enverus-courthouse-prod-chd-plants/pa/tioga/fcfe/fcfe19cb-64ef-4b3f-a6c0-51d1ba6c3236.pdf,7,267152,processed,3,fcfe19cb-64ef-4b3f-a6c0-51d1ba6c3236,\\smb.dc2isilon.na.drillinginfo.com\didocuments\leaseTracts\f49\B2A72C937F0000016EDAAE1DA6D809E4.tif,,B2A72C937F0000016EDAAE1DA6D809E4.tif,.tif,.tif,10,2025-07-07 14:19:42.140,17,653,43,NULL,NULL,10,NULL,1,NULL,NULL,90,NULL,NULL,NULL,NULL,NULL,NULL,0,0,0,0,NULL,NULL,NULL,0,NULL,2014-09-26 00:00:00.000,NULL,OGL,201407990,2010-09-05 00:00:00.000,2014-09-26 00:00:00.000,LND-6732(2),0,4.01000022888184,0,0,No Data,0,NULL,1,60,Months,2000,0,0,5,0,0,0.15,0,NULL,NULL,NULL,NULL,0,NULL,NULL,NULL,NULL,NULL,NULL,NULL,NULL,0,NULL,NULL,2025-07-07 15:20:31.733,NA\donald.massey,2025-07-08 00:15:49.490,cs_updates,NULL,NULL,NULL,0,NULL,NULL,1,0,0,NULL,NULL,NULL,NULL,NULL,72636
5012016,309574,629ca925-de9a-4479-8d61-9354cc625f9d,tx/harrison,c437q5m22pr000dom6ig,c437q5m22pr000dom6ig/c437q5lnv8a0008f0hbg/309574.pdf,enverus-courthouse-prod-chd-plants/tx/harrison/629c/629ca925-de9a-4479-8d61-9354cc625f9d.pdf,7,3639188,processed,4,629ca925-de9a-4479-8d61-9354cc625f9d,\\smb.dc2isilon.na.drillinginfo.com\didocuments\leaseTracts\fn75\CEA10AF6422D784701E7ED2DF3C81688.tif,,CEA10AF6422D784701E7ED2DF3C81688.tif,.tif,.tif,10,2025-07-07 14:19:42.140,17,102,48,3146,62,10,NULL,1,NULL,NULL,90,NULL,NULL,NULL,NULL,NULL,NULL,0,0,0,0,NULL,NULL,NULL,0,NULL,2005-07-26 00:00:00.000,NULL,OGL,5012016,2005-07-18 00:00:00.000,2005-07-26 00:00:00.000,LND-6732(2),0,14.7259998321533,0,0,All,0,2147483647,1,NULL,NULL,NULL,0,0,3,0,0,0.2,0,NULL,NULL,NULL,NULL,0,NULL,NULL,NULL,NULL,NULL,NULL,NULL,NULL,0,NULL,NULL,2025-07-07 15:20:31.733,NA\donald.massey,2025-07-08 00:15:49.490,cs_updates,NULL,NULL,NULL,0,NULL,NULL,1,0,0,NULL,NULL,NULL,NULL,NULL,72636
200933225,1910475,42ba7f63-e88b-4beb-8994-52efaf4d9a0f,pa/washington,c4hrfncfjb0000cmile0,c4hrfncfjb0000cmile0/c4hrfnfl13i0009rpfc0/1910475.pdf,enverus-courthouse-prod-chd-plants/pa/washington/42ba/42ba7f63-e88b-4beb-8994-52efaf4d9a0f.pdf,7,701633,processed,5,42ba7f63-e88b-4beb-8994-52efaf4d9a0f,\\smb.dc2isilon.na.drillinginfo.com\didocuments\leaseTracts\f84\C5B769567F000001591FB2BA811FFA0F.tif,,C5B769567F000001591FB2BA811FFA0F.tif,.tif,.tif,10,2025-07-07 14:19:42.140,17,654,43,200933225,NULL,10,NULL,1,NULL,NULL,90,NULL,NULL,NULL,NULL,NULL,NULL,0,0,0,0,NULL,NULL,NULL,0,NULL,2009-09-23 00:00:00.000,NULL,OGL,200933225,2009-06-30 00:00:00.000,2009-09-23 00:00:00.000,LND-6732(2),0,102.699996948242,0,0,No Data,0,0,0,0,NULL,NULL,0,0,5,0,0,0.18,0,NULL,NULL,NULL,NULL,0,NULL,NULL,NULL,NULL,NULL,NULL,NULL,NULL,0,NULL,NULL,2025-07-07 15:20:31.733,NA\donald.massey,2025-07-08 00:15:49.490,cs_updates,NULL,NULL,NULL,0,NULL,NULL,1,0,0,NULL,NULL,NULL,NULL,NULL,72636
48573,560947,b12adc1d-679a-453d-9cbe-ed504c48414f,tx/dewitt,c41u08fl13i0009ok2bg,c41u08fl13i0009ok2bg/c41u08dnv8a0008erv80/560947.pdf,enverus-courthouse-prod-chd-plants/tx/dewitt/b12a/b12adc1d-679a-453d-9cbe-ed504c48414f.pdf,8,1166771,processed,1,b12adc1d-679a-453d-9cbe-ed504c48414f,\\smb.dc2isilon.na.drillinginfo.com\didocuments\leaseTracts\fn96\063AC47E7F0000011A4F3E0CFA245153.tif,,063AC47E7F0000011A4F3E0CFA245153.tif,.tif,.tif,10,2025-07-07 14:19:42.140,17,62,48,202,456,10,NULL,1,NULL,NULL,90,NULL,NULL,NULL,NULL,NULL,NULL,0,0,0,0,NULL,NULL,NULL,0,NULL,2006-08-10 00:00:00.000,NULL,OGL,48573,2006-06-30 00:00:00.000,2006-08-10 00:00:00.000,LND-6732(2),0,349.25,0,0,No Data,0,0,1,24,Months,150,0,0,3,0,0,0.2,0,NULL,NULL,NULL,NULL,0,NULL,NULL,NULL,NULL,NULL,NULL,NULL,NULL,0,NULL,NULL,2025-07-07 15:20:31.733,NA\donald.massey,2025-07-08 00:15:49.490,cs_updates,NULL,NULL,NULL,0,NULL,NULL,1,0,0,NULL,NULL,NULL,NULL,NULL,72636
2007-1279,714241,0c6ab8ff-97ef-4fae-b87b-29a4c5f71fda,tx/shelby,c4elll4fjb0000cm3a70,c4elll4fjb0000cm3a70/c4elll30tnc000c87i40/714241.pdf,enverus-courthouse-prod-chd-plants/tx/shelby/0c6a/0c6ab8ff-97ef-4fae-b87b-29a4c5f71fda.pdf,8,1246127,processed,2,0c6ab8ff-97ef-4fae-b87b-29a4c5f71fda,\\smb.dc2isilon.na.drillinginfo.com\didocuments\leaseTracts\f249\9C773590422D786601223CC613C1157E.tif,,9C773590422D786601223CC613C1157E.tif,.tif,.tif,10,2025-07-07 14:19:42.140,17,210,48,1075,150,10,NULL,1,NULL,NULL,90,NULL,NULL,NULL,NULL,NULL,NULL,0,0,0,0,NULL,NULL,NULL,0,NULL,2007-02-26 00:00:00.000,2007-04-26 00:00:00.000,OGL,2007-1279,2007-01-10 00:00:00.000,2007-02-26 00:00:00.000,LND-6732(2),0,219.770004272461,0,0,All,0,0,0,0,NULL,NULL,0,0,3,0,0,0.2,0,NULL,NULL,NULL,NULL,0,NULL,NULL,NULL,NULL,NULL,NULL,NULL,NULL,0,NULL,NULL,2025-07-07 15:20:31.733,NA\donald.massey,2025-07-08 00:15:49.490,cs_updates,NULL,NULL,NULL,0,NULL,NULL,1,0,0,NULL,NULL,NULL,NULL,NULL,72636
2007008127,922783,8911e371-52f7-4916-a3b2-fcffdf912bbf,tx/shelby,c4dgncelljag008abcjg,c4dgncelljag008abcjg/c4dgncj0tnc000c7rpf0/922783.pdf,enverus-courthouse-prod-chd-plants/tx/shelby/8911/8911e371-52f7-4916-a3b2-fcffdf912bbf.pdf,8,1327038,processed,3,8911e371-52f7-4916-a3b2-fcffdf912bbf,\\smb.dc2isilon.na.drillinginfo.com\didocuments\leaseTracts\fn178\2920BAD87F000001757828EB5FFD5B25.tif,,2920BAD87F000001757828EB5FFD5B25.tif,.tif,.tif,10,2025-07-07 14:19:42.140,17,210,48,2007008127,NULL,10,NULL,1,NULL,NULL,90,NULL,NULL,NULL,NULL,NULL,NULL,0,0,0,0,NULL,NULL,NULL,0,NULL,2007-10-15 00:00:00.000,NULL,OGL,2007008127,2007-04-01 00:00:00.000,2007-10-15 00:00:00.000,LND-6732(2),0,93.0279998779297,0,0,All,0,0,0,0,NULL,NULL,0,0,3,0,0,0.1875,0,NULL,NULL,NULL,NULL,0,NULL,NULL,NULL,NULL,NULL,NULL,NULL,NULL,0,NULL,NULL,2025-07-07 15:20:31.733,NA\donald.massey,2025-07-08 00:15:49.490,cs_updates,NULL,NULL,NULL,0,NULL,NULL,1,0,0,NULL,NULL,NULL,NULL,NULL,72636
201111170046421,3061473,02d67d8d-0395-4b42-949a-a92eaf4fe820,oh/stark,c4er7p72551g00d1mmpg,c4er7p72551g00d1mmpg/c4er7p4u12qg0096vd9g/3061473.pdf,enverus-courthouse-prod-chd-plants/oh/stark/02d6/02d67d8d-0395-4b42-949a-a92eaf4fe820.pdf,8,2284596,processed,4,02d67d8d-0395-4b42-949a-a92eaf4fe820,\\smb.dc2isilon.na.drillinginfo.com\didocuments\leaseTracts\fn69\4FEAFCEB7F0000017A17B96A9310D970.tif,,4FEAFCEB7F0000017A17B96A9310D970.tif,.tif,.tif,10,2025-07-07 14:19:42.140,17,565,39,NULL,NULL,10,NULL,1,NULL,NULL,90,NULL,NULL,NULL,NULL,NULL,NULL,0,0,0,0,NULL,NULL,NULL,0,NULL,2011-11-17 00:00:00.000,2011-04-15 00:00:00.000,MOGL,201111170046421,2011-04-15 00:00:00.000,2011-11-17 00:00:00.000,LND-6732(2),0,1.60000002384186,0,0,No Data,0,NULL,1,36,Months,NULL,0,0,5,0,0,NULL,0,NULL,NULL,NULL,NULL,0,NULL,NULL,NULL,NULL,NULL,NULL,NULL,NULL,0,NULL,NULL,2025-07-07 15:20:31.733,NA\donald.massey,2025-07-08 00:15:49.490,cs_updates,NULL,NULL,NULL,0,NULL,NULL,1,0,0,NULL,NULL,NULL,NULL,NULL,67507
185704,2331863,c91139e8-f505-4289-aeda-e84ae481ce70,tx/lavaca,c4abcflnv8a0008ggj90,c4abcflnv8a0008ggj90/c4abcfvf3f9g00801kl0/2331863.pdf,enverus-courthouse-prod-chd-plants/tx/lavaca/c911/c91139e8-f505-4289-aeda-e84ae481ce70.pdf,8,1015587,processed,5,c91139e8-f505-4289-aeda-e84ae481ce70,\\smb.dc2isilon.na.drillinginfo.com\didocuments\leaseTracts\fn77\3F1E864F7F0000017E15969882E3AB66.tif,,3F1E864F7F0000017E15969882E3AB66.tif,.tif,.tif,10,2025-07-07 14:19:42.140,17,143,48,546,732,10,NULL,1,NULL,NULL,90,NULL,NULL,NULL,NULL,NULL,NULL,0,0,0,0,NULL,NULL,NULL,0,NULL,2011-06-22 00:00:00.000,NULL,MOGL,185704,2011-06-16 00:00:00.000,2011-06-22 00:00:00.000,LND-6732(2),0,19.2399997711182,0,0,No Data,0,0,1,24,Months,NULL,0,0,3,0,0,NULL,0,NULL,NULL,NULL,NULL,0,NULL,NULL,NULL,NULL,NULL,NULL,NULL,NULL,0,NULL,NULL,2025-07-07 15:20:31.733,NA\donald.massey,2025-07-08 00:15:49.490,cs_updates,NULL,NULL,NULL,0,NULL,NULL,1,0,0,NULL,NULL,NULL,NULL,NULL,67507
110976,2152955,9d4ce5e6-d1b7-4182-8911-5376c460b4e5,tx/limestone,c4alr07f3f9g00803ikg,c4alr07f3f9g00803ikg/c4alr04fjb0000cl5b70/2152955.pdf,enverus-courthouse-prod-chd-plants/tx/limestone/9d4c/9d4ce5e6-d1b7-4182-8911-5376c460b4e5.pdf,9,1037813,processed,1,9d4ce5e6-d1b7-4182-8911-5376c460b4e5,\\smb.dc2isilon.na.drillinginfo.com\didocuments\leaseTracts\f55\0845FD7D7F000001255722D7690369DD.tif,,0845FD7D7F000001255722D7690369DD.tif,.tif,.tif,10,2025-07-07 14:19:42.140,17,147,48,1364,372,10,NULL,1,NULL,NULL,90,NULL,NULL,NULL,NULL,NULL,NULL,0,0,0,0,NULL,NULL,NULL,0,NULL,2011-03-14 00:00:00.000,NULL,OGL,110976,2010-05-12 00:00:00.000,2011-03-14 00:00:00.000,LND-6732(2),0,173,0,0,All,0,0,1,24,Months,200,0,0,3,0,0,0.2,0,NULL,NULL,NULL,NULL,0,NULL,NULL,NULL,NULL,NULL,NULL,NULL,NULL,0,NULL,NULL,2025-07-07 15:20:31.733,NA\donald.massey,2025-07-08 00:15:49.490,cs_updates,NULL,NULL,NULL,0,NULL,NULL,1,0,0,NULL,NULL,NULL,NULL,NULL,72636
043127,194909,095da43e-55ae-49e0-8b26-01134302d345,tx/burleson,c419v6fdeto00087hbsg,c419v6fdeto00087hbsg/c419v69lms9g00dcfu2g/194909.pdf,enverus-courthouse-prod-chd-plants/tx/burleson/095d/095da43e-55ae-49e0-8b26-01134302d345.pdf,9,2362378,processed,2,095da43e-55ae-49e0-8b26-01134302d345,\\smb.dc2isilon.na.drillinginfo.com\didocuments\leaseTracts\fn16\403EAC637F00000170E98812DF028EA7.tif,,403EAC637F00000170E98812DF028EA7.tif,.tif,.tif,10,2025-07-07 14:19:42.140,17,26,48,636,635,10,NULL,1,NULL,NULL,90,NULL,NULL,NULL,NULL,NULL,NULL,0,0,0,0,NULL,NULL,NULL,0,NULL,2004-07-26 00:00:00.000,NULL,OGL,043127,1996-07-10 00:00:00.000,2004-07-26 00:00:00.000,LND-6732(2),0,86.431999206543,0,0,No Data,0,0,1,NULL,NULL,NULL,0,0,11,0,0,NULL,0,NULL,NULL,NULL,NULL,0,NULL,NULL,NULL,NULL,NULL,NULL,NULL,NULL,0,NULL,NULL,2025-07-07 15:20:31.733,NA\donald.massey,2025-07-08 00:15:49.490,cs_updates,NULL,NULL,NULL,0,NULL,NULL,1,0,0,NULL,NULL,NULL,NULL,NULL,72636
28183,3188921,60ceb713-bdda-4390-b72f-de2b8910b95d,tx/dimmit,c41va84mi4og00d07dh0,c41va84mi4og00d07dh0/c41va80kqp4g00a8i4hg/3188921.pdf,enverus-courthouse-prod-chd-plants/tx/dimmit/60ce/60ceb713-bdda-4390-b72f-de2b8910b95d.pdf,9,815375,processed,3,60ceb713-bdda-4390-b72f-de2b8910b95d,\\smb.dc2isilon.na.drillinginfo.com\didocuments\leaseTracts\fn126\BD99BBA87F00000115A3622D314C62C7.tif,,BD99BBA87F00000115A3622D314C62C7.tif,.tif,.tif,10,2025-07-07 14:19:42.140,17,64,48,469,347,10,NULL,1,NULL,NULL,90,NULL,NULL,NULL,NULL,NULL,NULL,0,0,0,0,NULL,NULL,NULL,0,NULL,2013-05-01 00:00:00.000,2011-06-24 00:00:00.000,OGLAMD,28183,2013-04-08 00:00:00.000,2013-05-01 00:00:00.000,LND-6732(2),0,40,0,0,No Data,0,NULL,0,0,NULL,NULL,0,0,NULL,0,0,NULL,0,NULL,NULL,NULL,NULL,0,NULL,NULL,NULL,NULL,NULL,NULL,NULL,NULL,0,NULL,NULL,2025-07-07 15:20:31.733,NA\donald.massey,2025-07-08 00:15:49.490,cs_updates,NULL,NULL,NULL,0,NULL,NULL,1,0,0,NULL,NULL,NULL,NULL,NULL,72603
111224,451030,be9ed1d0-f782-41d6-b085-51929ea7f28d,tx/panola,c4dfpd8qui1g00dcje00,c4dfpd8qui1g00dcje00/c4dfpd8qui1g00dcje0g/451030.pdf,enverus-courthouse-prod-chd-plants/tx/panola/be9e/be9ed1d0-f782-41d6-b085-51929ea7f28d.pdf,9,45363594,processed,4,be9ed1d0-f782-41d6-b085-51929ea7f28d,\\smb.dc2isilon.na.drillinginfo.com\didocuments\leaseTracts\f90\D989A6DD422D7843003BFC476635EFAD.tif,,D989A6DD422D7843003BFC476635EFAD.tif,.tif,.tif,10,2025-07-07 14:19:42.140,17,183,48,1323,804,10,NULL,1,NULL,NULL,90,NULL,NULL,NULL,NULL,NULL,NULL,0,0,0,0,NULL,NULL,NULL,0,NULL,2006-06-23 00:00:00.000,NULL,OGL,111224,2005-10-04 00:00:00.000,2006-06-23 00:00:00.000,LND-6732(2),0,609.739990234375,0,0,No Data,NULL,2147483647,1,NULL,NULL,NULL,0,0,3,0,0,0.2,0,NULL,NULL,NULL,NULL,0,NULL,NULL,NULL,NULL,NULL,NULL,NULL,NULL,0,NULL,NULL,2025-07-07 15:20:31.733,NA\donald.massey,2025-07-08 00:15:49.490,cs_updates,NULL,NULL,NULL,0,NULL,NULL,1,0,0,NULL,NULL,NULL,NULL,NULL,72636
043453,194912,f2e23ea6-8f6a-474a-8c77-fda88bfea8ef,tx/burleson,c419v6nf3f9g00fuclq0,c419v6nf3f9g00fuclq0/c419v6ilpbg0009lguc0/194912.pdf,enverus-courthouse-prod-chd-plants/tx/burleson/f2e2/f2e23ea6-8f6a-474a-8c77-fda88bfea8ef.pdf,9,2232305,processed,5,f2e23ea6-8f6a-474a-8c77-fda88bfea8ef,\\smb.dc2isilon.na.drillinginfo.com\didocuments\leaseTracts\f29\4043637A7F00000170E988121F751AD2.tif,,4043637A7F00000170E988121F751AD2.tif,.tif,.tif,10,2025-07-07 14:19:42.140,17,26,48,638,303,10,NULL,1,NULL,NULL,90,NULL,NULL,NULL,NULL,NULL,NULL,0,0,0,0,NULL,NULL,NULL,0,NULL,2004-08-16 00:00:00.000,NULL,OGL,043453,2004-04-26 00:00:00.000,2004-08-16 00:00:00.000,LND-6732(2),0,215.449996948242,0,0,No Data,0,0,1,NULL,NULL,NULL,0,0,11,0,0,NULL,0,NULL,NULL,NULL,NULL,0,NULL,NULL,NULL,NULL,NULL,NULL,NULL,NULL,0,NULL,NULL,2025-07-07 15:20:31.733,NA\donald.massey,2025-07-08 00:15:49.490,cs_updates,NULL,NULL,NULL,0,NULL,NULL,1,0,0,NULL,NULL,NULL,NULL,NULL,72636
4308,3269909,0fa1bea4-7898-4caf-994a-7da55eab64c5,tx/colorado,c41dk5kbq3o000a9kvv0,c41dk5kbq3o000a9kvv0/c41dk5n2551g00cvc3jg/3269909.pdf,enverus-courthouse-prod-chd-plants/tx/colorado/0fa1/0fa1bea4-7898-4caf-994a-7da55eab64c5.pdf,10,5825796,processed,1,0fa1bea4-7898-4caf-994a-7da55eab64c5,\\smb.dc2isilon.na.drillinginfo.com\didocuments\leaseTracts\fn146\B3CC69EA7F00000164B99636672722CE.tif,,B3CC69EA7F00000164B99636672722CE.tif,.tif,.tif,10,2025-07-07 14:19:42.140,17,45,48,738,3,10,NULL,1,NULL,NULL,90,NULL,NULL,NULL,NULL,NULL,NULL,0,0,0,0,NULL,NULL,NULL,0,NULL,2013-10-08 00:00:00.000,2012-10-01 00:00:00.000,OGL,4308,2012-10-01 00:00:00.000,2013-10-08 00:00:00.000,LND-6732(2),0,30,0,0,No Data,0,NULL,0,0,NULL,NULL,0,0,3,0,0,0.2,0,NULL,NULL,NULL,NULL,0,NULL,NULL,NULL,NULL,NULL,NULL,NULL,NULL,0,NULL,NULL,2025-07-07 15:20:31.733,NA\donald.massey,2025-07-08 00:15:49.490,cs_updates,NULL,NULL,NULL,0,NULL,NULL,1,0,0,NULL,NULL,NULL,NULL,NULL,72636
201004123,1960162,94840563-2b8f-4dde-ae0b-4c1ae3d520ea,pa/bradford,c456e3ulljag0088o3gg,c456e3ulljag0088o3gg/c456e47f3f9g00fuuieg/1960162.pdf,enverus-courthouse-prod-chd-plants/pa/bradford/9484/94840563-2b8f-4dde-ae0b-4c1ae3d520ea.pdf,10,700117,processed,2,94840563-2b8f-4dde-ae0b-4c1ae3d520ea,\\smb.dc2isilon.na.drillinginfo.com\didocuments\leaseTracts\f128\74692F537F0000015C1E38D56C4F51F6.tif,,74692F537F0000015C1E38D56C4F51F6.tif,.tif,.tif,10,2025-07-07 14:19:42.140,17,633,43,201004123,NULL,10,NULL,1,NULL,NULL,90,NULL,NULL,NULL,NULL,NULL,NULL,0,0,0,0,NULL,NULL,NULL,0,NULL,2010-03-04 00:00:00.000,NULL,OGL,201004123,2009-10-06 00:00:00.000,2010-03-04 00:00:00.000,LND-6732(2),0,48.3419990539551,0,0,No Data,0,0,1,60,Months,NULL,0,0,5,0,0,0.2,0,NULL,NULL,NULL,NULL,0,NULL,NULL,NULL,NULL,NULL,NULL,NULL,NULL,0,NULL,NULL,2025-07-07 15:20:31.733,NA\donald.massey,2025-07-08 00:15:49.490,cs_updates,NULL,NULL,NULL,0,NULL,NULL,1,0,0,NULL,NULL,NULL,NULL,NULL,72636
20172102,4143808,cd279397-19e0-413c-922c-1682697c2763,tx/wichita,c4ijjqqlpbg0009okha0,c4ijjqqlpbg0009okha0/c4ijjqvtarsg00aup7i0/4143808.pdf,enverus-courthouse-prod-chd-plants/tx/wichita/cd27/cd279397-19e0-413c-922c-1682697c2763.pdf,10,4198220,processed,3,cd279397-19e0-413c-922c-1682697c2763,\\smb.dc2isilon.na.drillinginfo.com\didocuments\leaseTracts\fn96\9DC573A27F00010102D438E46F1D432D.tif,,9DC573A27F00010102D438E46F1D432D.tif,.tif,.tif,10,2025-07-07 14:19:42.140,17,243,48,NULL,NULL,10,NULL,1,NULL,NULL,90,NULL,NULL,NULL,NULL,NULL,NULL,0,0,0,0,NULL,NULL,NULL,0,NULL,2017-02-13 00:00:00.000,2017-03-16 00:00:00.000,OGL,20172102,2017-01-12 00:00:00.000,2017-02-13 00:00:00.000,LND-6732(2),0,560,0,0,No Data,0,NULL,1,24,Months,200,0,0,3,0,0,0.1875,0,NULL,NULL,NULL,NULL,0,NULL,NULL,NULL,NULL,NULL,NULL,NULL,NULL,0,NULL,NULL,2025-07-07 15:20:31.733,NA\donald.massey,2025-07-08 00:15:49.490,cs_updates,NULL,NULL,NULL,0,NULL,NULL,1,0,0,NULL,NULL,NULL,NULL,NULL,72636
2014008866-CO,3526207,08f51ef4-bc17-40b0-ab7d-612c63639093,la/vermilion,c44mh33jknf000ako460,c44mh33jknf000ako460/c44mh31lms9g00dcqj5g/3526207.pdf,enverus-courthouse-prod-chd-plants/la/vermilion/08f5/08f51ef4-bc17-40b0-ab7d-612c63639093.pdf,10,5574938,processed,4,08f51ef4-bc17-40b0-ab7d-612c63639093,\\smb.dc2isilon.na.drillinginfo.com\didocuments\leaseTracts\fn29\0F2EF4E27F00000122C190B5081EAC26.tif,,0F2EF4E27F00000122C190B5081EAC26.tif,.tif,.tif,10,2025-07-07 14:19:42.140,17,451,22,NULL,NULL,10,NULL,1,NULL,NULL,90,NULL,NULL,NULL,NULL,NULL,NULL,0,0,0,0,NULL,NULL,NULL,0,NULL,2014-09-16 00:00:00.000,2014-07-31 00:00:00.000,OGL,2014008866-CO,2014-07-31 00:00:00.000,2014-09-16 00:00:00.000,LND-6732(2),0,23,0,0,No Data,NULL,NULL,1,NULL,NULL,NULL,0,0,5,0,0,0.2,1,150,NULL,NULL,NULL,0,NULL,NULL,NULL,NULL,NULL,NULL,NULL,NULL,0,NULL,NULL,2025-07-07 15:20:31.733,NA\donald.massey,2025-07-08 00:15:49.490,cs_updates,NULL,NULL,NULL,0,NULL,NULL,1,0,0,NULL,NULL,NULL,NULL,NULL,72636
141142,3562998,0f770e88-26f4-436b-ab87-56c520c6fd16,tx/frio,c42pvhvf3f9g00fui5ng,c42pvhvf3f9g00fui5ng/c42pvhokqp4g00a8kbmg/3562998.pdf,enverus-courthouse-prod-chd-plants/tx/frio/0f77/0f770e88-26f4-436b-ab87-56c520c6fd16.pdf,10,912061,processed,5,0f770e88-26f4-436b-ab87-56c520c6fd16,\\smb.dc2isilon.na.drillinginfo.com\didocuments\leaseTracts\fn88\C2BA8E2E7F00010140D5B501FDD2A366.tif,,C2BA8E2E7F00010140D5B501FDD2A366.tif,.tif,.tif,10,2025-07-07 14:19:42.140,17,82,48,163,520,10,NULL,1,NULL,NULL,90,NULL,NULL,NULL,NULL,NULL,NULL,0,0,0,0,NULL,NULL,NULL,0,NULL,2014-08-19 00:00:00.000,2014-07-24 00:00:00.000,MOGL,141142,2014-07-28 00:00:00.000,2014-08-19 00:00:00.000,LND-6732(2),0,1455.22998046875,0,0,No Data,0,NULL,0,0,NULL,NULL,0,0,NULL,0,0,NULL,0,NULL,NULL,NULL,NULL,0,NULL,NULL,NULL,NULL,NULL,NULL,NULL,NULL,0,NULL,NULL,2025-07-07 15:20:31.733,NA\donald.massey,2025-07-08 00:15:49.490,cs_updates,NULL,NULL,NULL,0,NULL,NULL,1,0,0,NULL,NULL,NULL,NULL,NULL,67507
