state_name,created_month,mappings_created,later_revised
Texas,2026-07-01,4753,1
West Virginia,2026-07-01,4549,0
Oklahoma,2026-07-01,1806,0
Ohio,2026-07-01,1450,0
North Dakota,2026-07-01,1350,0
Pennsylvania,2026-07-01,842,0
Louisiana,2026-07-01,627,0
Montana,2026-07-01,519,0
Colorado,2026-07-01,280,0
New Mexico,2026-07-01,219,0
Arkansas,2026-07-01,185,0
California,2026-07-01,51,0
Utah,2026-07-01,46,0
Wyoming,2026-07-01,24,0
Texas,2026-06-01,4608,2
Oklahoma,2026-06-01,4016,0
Montana,2026-06-01,3093,0
West Virginia,2026-06-01,2677,2
Ohio,2026-06-01,2033,0
Colorado,2026-06-01,1716,0
Pennsylvania,2026-06-01,1459,0
Louisiana,2026-06-01,1318,0
North Dakota,2026-06-01,1315,0
Wyoming,2026-06-01,1168,0
Arkansas,2026-06-01,567,0
New Mexico,2026-06-01,349,0
Utah,2026-06-01,202,0
Kansas,2026-06-01,117,0
Mississippi,2026-06-01,23,0
Michigan,2026-06-01,5,0
West Virginia,2026-05-01,8476,0
Texas,2026-05-01,5346,0
Oklahoma,2026-05-01,3735,1
Louisiana,2026-05-01,2440,0
Ohio,2026-05-01,2259,0
Pennsylvania,2026-05-01,1904,0
Montana,2026-05-01,1773,0
Colorado,2026-05-01,1588,0
North Dakota,2026-05-01,1296,0
New Mexico,2026-05-01,1119,0
Arkansas,2026-05-01,531,0
Kansas,2026-05-01,207,0
Utah,2026-05-01,150,0
Michigan,2026-05-01,41,0
Texas,2026-04-01,5807,0
West Virginia,2026-04-01,4437,0
Oklahoma,2026-04-01,2994,0
Ohio,2026-04-01,1777,0
Louisiana,2026-04-01,1340,0
Pennsylvania,2026-04-01,1282,1
North Dakota,2026-04-01,938,0
Wyoming,2026-04-01,909,0
Montana,2026-04-01,837,0
Colorado,2026-04-01,500,0
Utah,2026-04-01,486,0
Arkansas,2026-04-01,431,0
New Mexico,2026-04-01,411,0
Kansas,2026-04-01,192,0
Nevada,2026-04-01,76,0
Mississippi,2026-04-01,6,0
Michigan,2026-04-01,6,0
West Virginia,2026-03-01,6905,0
Texas,2026-03-01,4522,0
Ohio,2026-03-01,3957,0
Oklahoma,2026-03-01,3812,0
Pennsylvania,2026-03-01,2955,0
North Dakota,2026-03-01,545,0
New Mexico,2026-03-01,543,0
Wyoming,2026-03-01,358,0
Colorado,2026-03-01,210,0
Montana,2026-03-01,100,0
Arkansas,2026-03-01,27,0
Utah,2026-03-01,20,0
California,2026-03-01,14,0
Kansas,2026-03-01,13,0
Louisiana,2026-03-01,6,0
Michigan,2026-03-01,3,0
Texas,2026-02-01,3179,0
West Virginia,2026-02-01,1616,0
Oklahoma,2026-02-01,1314,0
North Dakota,2026-02-01,1212,0
Ohio,2026-02-01,751,0
New Mexico,2026-02-01,500,0
Wyoming,2026-02-01,484,0
Montana,2026-02-01,434,0
Pennsylvania,2026-02-01,380,0
Colorado,2026-02-01,365,0
Utah,2026-02-01,74,0
Kansas,2026-02-01,46,0
California,2026-02-01,36,0
Arkansas,2026-02-01,8,0
West Virginia,2026-01-01,3962,0
Texas,2026-01-01,3183,0
Oklahoma,2026-01-01,2560,2
Ohio,2026-01-01,2010,0
Pennsylvania,2026-01-01,1712,0
North Dakota,2026-01-01,829,0
Montana,2026-01-01,821,0
Arkansas,2026-01-01,566,0
New Mexico,2026-01-01,314,0
Wyoming,2026-01-01,270,0
Utah,2026-01-01,236,0
Kansas,2026-01-01,231,0
Louisiana,2026-01-01,224,0
Colorado,2026-01-01,170,0
Michigan,2026-01-01,65,0
California,2026-01-01,34,0
West Virginia,2025-12-01,9534,0
Texas,2025-12-01,4475,0
Pennsylvania,2025-12-01,4041,0
Ohio,2025-12-01,3847,0
Oklahoma,2025-12-01,3733,0
North Dakota,2025-12-01,1713,0
Montana,2025-12-01,1640,0
Louisiana,2025-12-01,870,0
New Mexico,2025-12-01,415,0
Wyoming,2025-12-01,355,0
Arkansas,2025-12-01,232,0
Colorado,2025-12-01,200,0
Kansas,2025-12-01,131,0
Utah,2025-12-01,99,0
California,2025-12-01,3,0
Michigan,2025-12-01,3,0
Texas,2025-11-01,4404,0
Oklahoma,2025-11-01,2357,0
Ohio,2025-11-01,1387,0
North Dakota,2025-11-01,1056,0
West Virginia,2025-11-01,859,0
Pennsylvania,2025-11-01,712,0
Colorado,2025-11-01,689,0
New Mexico,2025-11-01,347,0
Wyoming,2025-11-01,195,0
Arkansas,2025-11-01,41,0
West Virginia,2025-10-01,8414,3
Texas,2025-10-01,4481,2
Oklahoma,2025-10-01,3880,0
Ohio,2025-10-01,2683,0
Pennsylvania,2025-10-01,1795,0
North Dakota,2025-10-01,813,0
Wyoming,2025-10-01,383,0
New Mexico,2025-10-01,358,0
Colorado,2025-10-01,343,0
Utah,2025-10-01,58,0
Arkansas,2025-10-01,25,0
Kansas,2025-10-01,24,0
Louisiana,2025-10-01,13,0
Michigan,2025-10-01,9,0
Mississippi,2025-10-01,8,0
Montana,2025-10-01,5,0
California,2025-10-01,1,0
Texas,2025-09-01,5694,0
West Virginia,2025-09-01,4439,0
Oklahoma,2025-09-01,3622,1
Ohio,2025-09-01,1932,0
Pennsylvania,2025-09-01,1293,0
North Dakota,2025-09-01,1041,0
Louisiana,2025-09-01,672,0
Wyoming,2025-09-01,636,0
Colorado,2025-09-01,555,0
New Mexico,2025-09-01,439,0
Arkansas,2025-09-01,227,0
Kansas,2025-09-01,166,0
Utah,2025-09-01,136,0
Montana,2025-09-01,54,0
Michigan,2025-09-01,43,0
California,2025-09-01,19,0
Texas,2025-08-01,5336,55
Oklahoma,2025-08-01,2123,21
West Virginia,2025-08-01,1916,1
North Dakota,2025-08-01,1665,40
Pennsylvania,2025-08-01,1467,0
Ohio,2025-08-01,962,13
Louisiana,2025-08-01,610,3
Montana,2025-08-01,550,0
New Mexico,2025-08-01,548,0
Arkansas,2025-08-01,370,0
Wyoming,2025-08-01,305,0
Kansas,2025-08-01,178,20
Colorado,2025-08-01,152,1
Utah,2025-08-01,27,0
Michigan,2025-08-01,6,0
West Virginia,2025-07-01,8002,217
Texas,2025-07-01,5288,140
Ohio,2025-07-01,2974,75
Pennsylvania,2025-07-01,2682,71
Oklahoma,2025-07-01,2640,194
North Dakota,2025-07-01,1850,18
Montana,2025-07-01,1111,32
Colorado,2025-07-01,1053,36
Louisiana,2025-07-01,866,53
Arkansas,2025-07-01,452,2
New Mexico,2025-07-01,381,0
Wyoming,2025-07-01,378,6
Utah,2025-07-01,101,0
Kansas,2025-07-01,101,7
California,2025-07-01,26,0
Mississippi,2025-07-01,21,0
Michigan,2025-07-01,13,1
Texas,2025-06-01,4739,117
West Virginia,2025-06-01,3315,64
Oklahoma,2025-06-01,2291,49
Pennsylvania,2025-06-01,2004,32
North Dakota,2025-06-01,1725,16
Ohio,2025-06-01,1458,71
Arkansas,2025-06-01,695,21
Montana,2025-06-01,685,20
Colorado,2025-06-01,533,2
Louisiana,2025-06-01,493,7
New Mexico,2025-06-01,293,2
Wyoming,2025-06-01,280,2
Kansas,2025-06-01,126,7
Mississippi,2025-06-01,92,0
Utah,2025-06-01,91,0
California,2025-06-01,63,42
Michigan,2025-06-01,32,0
West Virginia,2025-05-01,5830,302
Texas,2025-05-01,4412,109
Oklahoma,2025-05-01,3527,58
Ohio,2025-05-01,3522,142
Pennsylvania,2025-05-01,3419,39
North Dakota,2025-05-01,1168,3
Montana,2025-05-01,697,43
Arkansas,2025-05-01,504,1
Wyoming,2025-05-01,493,16
New Mexico,2025-05-01,442,3
Colorado,2025-05-01,380,26
Kansas,2025-05-01,188,13
California,2025-05-01,149,57
Utah,2025-05-01,47,0
Louisiana,2025-05-01,19,2
Michigan,2025-05-01,10,1
North Dakota,2025-04-01,8491,378
West Virginia,2025-04-01,6066,135
Oklahoma,2025-04-01,4590,158
Texas,2025-04-01,3543,134
Ohio,2025-04-01,2331,26
Pennsylvania,2025-04-01,1250,28
Arkansas,2025-04-01,1166,3
Wyoming,2025-04-01,997,100
Louisiana,2025-04-01,664,33
Colorado,2025-04-01,522,19
New Mexico,2025-04-01,308,7
Montana,2025-04-01,250,15
Kansas,2025-04-01,141,17
Michigan,2025-04-01,76,23
Utah,2025-04-01,43,0
Texas,2025-03-01,4810,153
West Virginia,2025-03-01,4488,189
Oklahoma,2025-03-01,2795,34
Ohio,2025-03-01,2486,80
Pennsylvania,2025-03-01,1323,124
Montana,2025-03-01,809,5
Louisiana,2025-03-01,495,30
New Mexico,2025-03-01,414,10
Wyoming,2025-03-01,363,22
Colorado,2025-03-01,258,12
Kansas,2025-03-01,184,16
North Dakota,2025-03-01,170,7
Utah,2025-03-01,126,0
Michigan,2025-03-01,56,4
Nevada,2025-03-01,54,0
Arkansas,2025-03-01,27,3
Mississippi,2025-03-01,23,0
Texas,2025-02-01,7145,157
Oklahoma,2025-02-01,5243,68
Pennsylvania,2025-02-01,1503,129
West Virginia,2025-02-01,1456,58
Ohio,2025-02-01,837,33
Montana,2025-02-01,744,37
Louisiana,2025-02-01,339,26
Arkansas,2025-02-01,322,7
North Dakota,2025-02-01,226,0
New Mexico,2025-02-01,194,14
Wyoming,2025-02-01,174,12
Utah,2025-02-01,84,0
Colorado,2025-02-01,71,16
California,2025-02-01,49,14
Kansas,2025-02-01,12,0
Mississippi,2025-02-01,2,0
West Virginia,2025-01-01,6921,217
Texas,2025-01-01,4313,93
Pennsylvania,2025-01-01,3506,138
Ohio,2025-01-01,3318,34
Oklahoma,2025-01-01,2801,30
Montana,2025-01-01,1667,40
Louisiana,2025-01-01,1175,44
Arkansas,2025-01-01,609,4
Colorado,2025-01-01,571,29
New Mexico,2025-01-01,421,1
Kansas,2025-01-01,381,5
North Dakota,2025-01-01,349,14
Utah,2025-01-01,269,0
Wyoming,2025-01-01,184,0
Michigan,2025-01-01,74,1
Texas,2024-12-01,2557,102
West Virginia,2024-12-01,1792,13
Ohio,2024-12-01,1665,16
Oklahoma,2024-12-01,1605,25
Montana,2024-12-01,475,53
New Mexico,2024-12-01,274,27
Pennsylvania,2024-12-01,243,0
North Dakota,2024-12-01,187,4
Louisiana,2024-12-01,181,0
Colorado,2024-12-01,135,7
Wyoming,2024-12-01,134,1
Utah,2024-12-01,104,0
Arkansas,2024-12-01,79,3
Kansas,2024-12-01,26,1
California,2024-12-01,8,0
Michigan,2024-12-01,7,3
West Virginia,2024-11-01,6111,149
Texas,2024-11-01,3587,39
Ohio,2024-11-01,3130,56
Pennsylvania,2024-11-01,2839,21
Oklahoma,2024-11-01,1405,40
Louisiana,2024-11-01,1336,18
Montana,2024-11-01,882,18
Colorado,2024-11-01,565,5
North Dakota,2024-11-01,545,2
Wyoming,2024-11-01,523,24
Arkansas,2024-11-01,522,40
Utah,2024-11-01,335,1
New Mexico,2024-11-01,260,5
Kansas,2024-11-01,197,2
California,2024-11-01,61,31
Michigan,2024-11-01,8,0
West Virginia,2024-10-01,3965,180
Texas,2024-10-01,3523,62
Ohio,2024-10-01,2582,34
Pennsylvania,2024-10-01,1958,55
Oklahoma,2024-10-01,1922,41
Montana,2024-10-01,490,9
New Mexico,2024-10-01,454,1
Arkansas,2024-10-01,434,15
Wyoming,2024-10-01,382,10
North Dakota,2024-10-01,346,20
Colorado,2024-10-01,306,10
Louisiana,2024-10-01,208,14
Utah,2024-10-01,87,0
Kansas,2024-10-01,79,0
Michigan,2024-10-01,5,0
California,2024-10-01,5,4
West Virginia,2024-09-01,4532,195
Texas,2024-09-01,4114,57
Pennsylvania,2024-09-01,3337,77
Oklahoma,2024-09-01,1897,58
Louisiana,2024-09-01,1257,61
Ohio,2024-09-01,1198,28
North Dakota,2024-09-01,796,11
Montana,2024-09-01,639,3
Arkansas,2024-09-01,591,20
Colorado,2024-09-01,408,49
Kansas,2024-09-01,286,17
New Mexico,2024-09-01,249,4
Wyoming,2024-09-01,215,12
Utah,2024-09-01,166,0
California,2024-09-01,30,3
Michigan,2024-09-01,2,0
West Virginia,2024-08-01,5998,328
Texas,2024-08-01,5621,120
Pennsylvania,2024-08-01,2713,43
Oklahoma,2024-08-01,2452,41
Ohio,2024-08-01,2304,68
Louisiana,2024-08-01,804,54
Colorado,2024-08-01,766,25
Arkansas,2024-08-01,528,10
Montana,2024-08-01,472,11
Wyoming,2024-08-01,398,35
New Mexico,2024-08-01,358,1
Kansas,2024-08-01,223,8
North Dakota,2024-08-01,196,90
California,2024-08-01,20,0
Utah,2024-08-01,11,0
Michigan,2024-08-01,5,0
West Virginia,2024-07-01,7509,300
Ohio,2024-07-01,3525,43
Texas,2024-07-01,3427,61
Pennsylvania,2024-07-01,1836,50
North Dakota,2024-07-01,1689,24
Oklahoma,2024-07-01,918,24
Louisiana,2024-07-01,579,51
Montana,2024-07-01,549,0
Wyoming,2024-07-01,438,58
Colorado,2024-07-01,230,10
New Mexico,2024-07-01,180,4
Kansas,2024-07-01,120,6
Utah,2024-07-01,82,0
California,2024-07-01,59,9
Michigan,2024-07-01,10,0
Arkansas,2024-07-01,2,0
Pennsylvania,2024-06-01,3293,29
Texas,2024-06-01,3129,109
Oklahoma,2024-06-01,1759,16
North Dakota,2024-06-01,1657,14
West Virginia,2024-06-01,1189,88
Ohio,2024-06-01,1159,11
Louisiana,2024-06-01,932,50
Montana,2024-06-01,826,7
New Mexico,2024-06-01,390,12
Arkansas,2024-06-01,319,8
Wyoming,2024-06-01,302,3
Utah,2024-06-01,232,16
Kansas,2024-06-01,136,12
Colorado,2024-06-01,55,1
Michigan,2024-06-01,1,0
Mississippi,2024-06-01,1,0
West Virginia,2024-05-01,6307,140
Texas,2024-05-01,5530,103
Ohio,2024-05-01,2682,79
Oklahoma,2024-05-01,2232,65
Pennsylvania,2024-05-01,1757,46
North Dakota,2024-05-01,925,7
Louisiana,2024-05-01,902,25
Wyoming,2024-05-01,778,67
Kansas,2024-05-01,427,36
Colorado,2024-05-01,386,49
New Mexico,2024-05-01,239,5
Arkansas,2024-05-01,155,1
Montana,2024-05-01,111,1
Utah,2024-05-01,104,0
Michigan,2024-05-01,5,0
Texas,2024-04-01,5817,146
Pennsylvania,2024-04-01,4709,260
West Virginia,2024-04-01,4264,87
Oklahoma,2024-04-01,2542,36
Ohio,2024-04-01,2492,55
North Dakota,2024-04-01,757,26
Montana,2024-04-01,667,15
Colorado,2024-04-01,530,24
Louisiana,2024-04-01,481,45
Wyoming,2024-04-01,466,1
New Mexico,2024-04-01,260,2
Arkansas,2024-04-01,125,13
Kansas,2024-04-01,32,2
Utah,2024-04-01,29,0
Michigan,2024-04-01,10,0
California,2024-04-01,7,6
Mississippi,2024-04-01,5,0
West Virginia,2024-03-01,6860,172
Texas,2024-03-01,4532,123
Ohio,2024-03-01,2224,30
Oklahoma,2024-03-01,2213,29
Pennsylvania,2024-03-01,1957,150
North Dakota,2024-03-01,1006,5
Louisiana,2024-03-01,949,74
Wyoming,2024-03-01,674,2
Kansas,2024-03-01,482,33
New Mexico,2024-03-01,417,20
Montana,2024-03-01,368,22
Colorado,2024-03-01,197,1
Arkansas,2024-03-01,153,1
Utah,2024-03-01,107,25
California,2024-03-01,40,17
Michigan,2024-03-01,5,1
Texas,2024-02-01,3938,83
Pennsylvania,2024-02-01,2362,104
Ohio,2024-02-01,2012,55
West Virginia,2024-02-01,2002,81
Oklahoma,2024-02-01,1716,24
North Dakota,2024-02-01,754,12
Montana,2024-02-01,455,62
Colorado,2024-02-01,301,6
Wyoming,2024-02-01,237,9
Kansas,2024-02-01,229,1
New Mexico,2024-02-01,162,9
Utah,2024-02-01,118,24
Arkansas,2024-02-01,113,16
Louisiana,2024-02-01,94,21
Michigan,2024-02-01,23,1
Mississippi,2024-02-01,12,0
West Virginia,2024-01-01,3895,247
Texas,2024-01-01,2930,37
Pennsylvania,2024-01-01,1980,39
Ohio,2024-01-01,1728,34
Oklahoma,2024-01-01,1458,16
Colorado,2024-01-01,447,37
North Dakota,2024-01-01,410,3
Arkansas,2024-01-01,391,14
Louisiana,2024-01-01,390,69
New Mexico,2024-01-01,351,10
Wyoming,2024-01-01,90,2
Utah,2024-01-01,72,0
Kansas,2024-01-01,57,4
Michigan,2024-01-01,1,0
Texas,2023-12-01,3512,116
West Virginia,2023-12-01,2850,251
Ohio,2023-12-01,2102,61
Oklahoma,2023-12-01,1843,55
North Dakota,2023-12-01,847,36
Wyoming,2023-12-01,832,40
Pennsylvania,2023-12-01,778,19
Louisiana,2023-12-01,544,55
Colorado,2023-12-01,533,9
Montana,2023-12-01,504,44
Kansas,2023-12-01,468,24
New Mexico,2023-12-01,206,3
Arkansas,2023-12-01,123,1
Utah,2023-12-01,46,0
Michigan,2023-12-01,43,1
Nevada,2023-12-01,3,0
West Virginia,2023-11-01,6442,252
Texas,2023-11-01,4090,105
Ohio,2023-11-01,3655,100
Oklahoma,2023-11-01,3360,96
Pennsylvania,2023-11-01,1296,51
North Dakota,2023-11-01,1188,97
Arkansas,2023-11-01,803,8
Colorado,2023-11-01,543,12
Louisiana,2023-11-01,398,37
New Mexico,2023-11-01,325,26
Kansas,2023-11-01,320,9
Montana,2023-11-01,255,0
Wyoming,2023-11-01,213,46
Michigan,2023-11-01,43,7
Utah,2023-11-01,22,0
Texas,2023-10-01,2948,176
West Virginia,2023-10-01,2901,306
Oklahoma,2023-10-01,2043,72
Pennsylvania,2023-10-01,1445,48
Ohio,2023-10-01,1198,118
North Dakota,2023-10-01,737,14
Wyoming,2023-10-01,733,100
Colorado,2023-10-01,555,55
Arkansas,2023-10-01,383,29
New Mexico,2023-10-01,362,1
Kansas,2023-10-01,56,7
Michigan,2023-10-01,48,0
Louisiana,2023-10-01,41,8
Utah,2023-10-01,34,0
Montana,2023-10-01,23,20
California,2023-10-01,22,2
West Virginia,2023-09-01,4700,297
Texas,2023-09-01,3843,73
Oklahoma,2023-09-01,2089,38
Pennsylvania,2023-09-01,2008,164
Ohio,2023-09-01,1682,42
Wyoming,2023-09-01,1104,29
North Dakota,2023-09-01,898,7
Louisiana,2023-09-01,546,42
Colorado,2023-09-01,473,11
Montana,2023-09-01,302,44
New Mexico,2023-09-01,276,7
Kansas,2023-09-01,194,18
Arkansas,2023-09-01,135,17
Michigan,2023-09-01,88,9
Utah,2023-09-01,36,12
Mississippi,2023-09-01,11,0
West Virginia,2023-08-01,6794,249
Texas,2023-08-01,4186,135
Oklahoma,2023-08-01,3088,79
Ohio,2023-08-01,2515,43
Pennsylvania,2023-08-01,2158,44
Wyoming,2023-08-01,1041,28
North Dakota,2023-08-01,972,39
Colorado,2023-08-01,941,83
Louisiana,2023-08-01,465,78
Kansas,2023-08-01,455,35
New Mexico,2023-08-01,318,11
Montana,2023-08-01,196,66
Arkansas,2023-08-01,87,13
Utah,2023-08-01,78,0
Mississippi,2023-08-01,44,1
California,2023-08-01,19,19
Michigan,2023-08-01,15,0
West Virginia,2023-07-01,9589,746
Ohio,2023-07-01,4121,152
Texas,2023-07-01,3667,256
Mississippi,2023-07-01,3118,97
Pennsylvania,2023-07-01,3019,114
Oklahoma,2023-07-01,1540,233
Wyoming,2023-07-01,1076,87
Louisiana,2023-07-01,913,26
Colorado,2023-07-01,835,219
North Dakota,2023-07-01,800,15
New Mexico,2023-07-01,417,4
Kansas,2023-07-01,388,55
Montana,2023-07-01,369,46
California,2023-07-01,234,114
Arkansas,2023-07-01,210,3
Michigan,2023-07-01,91,1
Utah,2023-07-01,61,0
Texas,2023-06-01,3956,153
West Virginia,2023-06-01,2461,146
Pennsylvania,2023-06-01,2130,38
Oklahoma,2023-06-01,1923,178
Ohio,2023-06-01,789,118
North Dakota,2023-06-01,750,9
Wyoming,2023-06-01,716,26
New Mexico,2023-06-01,509,55
California,2023-06-01,483,203
Colorado,2023-06-01,327,11
Arkansas,2023-06-01,220,11
Louisiana,2023-06-01,154,10
Kansas,2023-06-01,109,40
Montana,2023-06-01,101,57
Michigan,2023-06-01,38,29
Mississippi,2023-06-01,19,19
Texas,2023-05-01,4313,90
West Virginia,2023-05-01,3054,228
Oklahoma,2023-05-01,2372,32
New Mexico,2023-05-01,1810,77
Ohio,2023-05-01,1302,44
North Dakota,2023-05-01,1195,15
Louisiana,2023-05-01,735,28
Pennsylvania,2023-05-01,659,11
Arkansas,2023-05-01,624,6
Colorado,2023-05-01,426,19
Kansas,2023-05-01,412,34
Wyoming,2023-05-01,335,16
Montana,2023-05-01,171,4
Utah,2023-05-01,77,6
Michigan,2023-05-01,64,2
California,2023-05-01,3,0
Oklahoma,2023-04-01,3729,62
West Virginia,2023-04-01,3682,411
Texas,2023-04-01,3600,98
Pennsylvania,2023-04-01,2137,107
Colorado,2023-04-01,1129,35
Ohio,2023-04-01,1047,73
New Mexico,2023-04-01,696,136
Montana,2023-04-01,497,4
Wyoming,2023-04-01,469,13
North Dakota,2023-04-01,372,8
Louisiana,2023-04-01,199,6
Arkansas,2023-04-01,130,12
Michigan,2023-04-01,59,4
Kansas,2023-04-01,31,2
Mississippi,2023-04-01,27,0
Utah,2023-04-01,6,0
West Virginia,2023-03-01,7784,307
Texas,2023-03-01,5284,223
Oklahoma,2023-03-01,4824,147
Pennsylvania,2023-03-01,2025,57
Colorado,2023-03-01,1599,25
Louisiana,2023-03-01,1492,45
Ohio,2023-03-01,1371,122
Kansas,2023-03-01,859,73
North Dakota,2023-03-01,653,7
Wyoming,2023-03-01,638,6
New Mexico,2023-03-01,507,4
Mississippi,2023-03-01,313,16
Montana,2023-03-01,177,14
Michigan,2023-03-01,135,7
Arkansas,2023-03-01,91,3
Utah,2023-03-01,3,0
California,2023-03-01,2,0
Oklahoma,2023-02-01,4309,51
West Virginia,2023-02-01,4065,188
Texas,2023-02-01,3783,93
Pennsylvania,2023-02-01,1298,18
Ohio,2023-02-01,1001,10
Colorado,2023-02-01,684,20
Mississippi,2023-02-01,624,11
Louisiana,2023-02-01,619,15
North Dakota,2023-02-01,583,3
New Mexico,2023-02-01,428,84
Kansas,2023-02-01,292,22
Wyoming,2023-02-01,239,0
Arkansas,2023-02-01,138,0
Michigan,2023-02-01,14,0
Montana,2023-02-01,7,0
West Virginia,2023-01-01,8037,471
Texas,2023-01-01,5310,152
Oklahoma,2023-01-01,3905,38
Pennsylvania,2023-01-01,1963,39
Ohio,2023-01-01,1303,41
Louisiana,2023-01-01,1109,29
Colorado,2023-01-01,770,49
New Mexico,2023-01-01,509,10
North Dakota,2023-01-01,293,4
Kansas,2023-01-01,285,12
Wyoming,2023-01-01,274,21
Mississippi,2023-01-01,243,2
Arkansas,2023-01-01,215,0
Utah,2023-01-01,98,1
Montana,2023-01-01,34,0
Michigan,2023-01-01,21,1
Texas,2022-12-01,2903,147
Oklahoma,2022-12-01,2814,14
West Virginia,2022-12-01,1944,213
Louisiana,2022-12-01,1411,91
Pennsylvania,2022-12-01,1171,37
North Dakota,2022-12-01,375,5
New Mexico,2022-12-01,369,3
Ohio,2022-12-01,333,8
Colorado,2022-12-01,288,10
Wyoming,2022-12-01,247,5
Arkansas,2022-12-01,123,0
Michigan,2022-12-01,67,0
Kansas,2022-12-01,45,7
Mississippi,2022-12-01,23,1
West Virginia,2022-11-01,12667,618
Texas,2022-11-01,3716,126
Oklahoma,2022-11-01,3240,54
Ohio,2022-11-01,1590,91
Colorado,2022-11-01,1365,72
North Dakota,2022-11-01,711,7
Pennsylvania,2022-11-01,701,15
Wyoming,2022-11-01,677,94
Arkansas,2022-11-01,659,4
Mississippi,2022-11-01,624,38
Louisiana,2022-11-01,611,22
Kansas,2022-11-01,217,17
New Mexico,2022-11-01,141,3
Michigan,2022-11-01,41,0
Utah,2022-11-01,28,0
Montana,2022-11-01,18,0
Pennsylvania,2022-10-01,5991,176
West Virginia,2022-10-01,5755,391
Oklahoma,2022-10-01,5282,120
Texas,2022-10-01,4235,179
Mississippi,2022-10-01,2896,156
Ohio,2022-10-01,2055,81
Louisiana,2022-10-01,1678,37
Kansas,2022-10-01,843,19
North Dakota,2022-10-01,810,30
Montana,2022-10-01,566,13
Wyoming,2022-10-01,552,26
Arkansas,2022-10-01,276,6
Colorado,2022-10-01,202,0
Utah,2022-10-01,142,4
New Mexico,2022-10-01,121,3
Michigan,2022-10-01,93,19
California,2022-10-01,2,0
Texas,2022-09-01,4604,576
North Dakota,2022-09-01,4166,159
Ohio,2022-09-01,3866,126
Oklahoma,2022-09-01,3207,40
Wyoming,2022-09-01,1188,181
Pennsylvania,2022-09-01,953,14
Arkansas,2022-09-01,882,6
Colorado,2022-09-01,205,6
Louisiana,2022-09-01,104,0
New Mexico,2022-09-01,83,4
Kansas,2022-09-01,58,0
Montana,2022-09-01,54,13
Mississippi,2022-09-01,53,0
California,2022-09-01,1,1
Oklahoma,2022-08-01,6398,251
West Virginia,2022-08-01,5367,291
Texas,2022-08-01,4082,266
Ohio,2022-08-01,3922,37
North Dakota,2022-08-01,1577,11
Mississippi,2022-08-01,1185,2
Louisiana,2022-08-01,1145,57
Kansas,2022-08-01,1138,48
Wyoming,2022-08-01,994,15
Colorado,2022-08-01,773,66
Pennsylvania,2022-08-01,400,29
Montana,2022-08-01,356,52
New Mexico,2022-08-01,198,6
Utah,2022-08-01,194,0
Arkansas,2022-08-01,106,7
Michigan,2022-08-01,22,0
Nevada,2022-08-01,18,5
California,2022-08-01,1,1
Texas,2022-07-01,4510,262
Oklahoma,2022-07-01,2743,108
Pennsylvania,2022-07-01,2248,66
Mississippi,2022-07-01,805,15
West Virginia,2022-07-01,651,101
North Dakota,2022-07-01,440,11
Kansas,2022-07-01,414,54
New Mexico,2022-07-01,94,0
Louisiana,2022-07-01,38,4
Arkansas,2022-07-01,5,0
Montana,2022-07-01,2,0
Ohio,2022-07-01,1,1
Texas,2022-06-01,5003,275
West Virginia,2022-06-01,4622,379
Oklahoma,2022-06-01,3580,81
Ohio,2022-06-01,1608,113
North Dakota,2022-06-01,502,18
Pennsylvania,2022-06-01,307,37
Wyoming,2022-06-01,255,0
Colorado,2022-06-01,92,10
New Mexico,2022-06-01,73,17
Montana,2022-06-01,70,0
Louisiana,2022-06-01,49,0
Utah,2022-06-01,18,0
Michigan,2022-06-01,10,0
Mississippi,2022-06-01,2,0
Texas,2022-05-01,4227,242
Oklahoma,2022-05-01,2876,23
West Virginia,2022-05-01,905,139
New Mexico,2022-05-01,272,2
North Dakota,2022-05-01,192,15
Montana,2022-05-01,121,59
Texas,2022-04-01,4363,239
Oklahoma,2022-04-01,2320,68
West Virginia,2022-04-01,1557,42
North Dakota,2022-04-01,625,10
Ohio,2022-04-01,480,27
Montana,2022-04-01,461,51
New Mexico,2022-04-01,350,32
Wyoming,2022-04-01,231,15
Pennsylvania,2022-04-01,146,6
Colorado,2022-04-01,53,2
Mississippi,2022-04-01,42,0
Utah,2022-04-01,20,0
Louisiana,2022-04-01,20,0
Arkansas,2022-04-01,9,0
Michigan,2022-04-01,7,0
Kansas,2022-04-01,3,0
California,2022-04-01,3,3
Ohio,2022-03-01,8549,571
Texas,2022-03-01,5401,355
Mississippi,2022-03-01,4658,159
Wyoming,2022-03-01,3960,126
Oklahoma,2022-03-01,2902,45
Colorado,2022-03-01,1773,106
Montana,2022-03-01,954,53
Arkansas,2022-03-01,877,21
Kansas,2022-03-01,774,56
Pennsylvania,2022-03-01,755,20
Louisiana,2022-03-01,695,18
West Virginia,2022-03-01,659,75
Utah,2022-03-01,552,18
New Mexico,2022-03-01,214,6
Michigan,2022-03-01,199,0
North Dakota,2022-03-01,78,0
California,2022-03-01,34,9
West Virginia,2022-02-01,11941,1489
Ohio,2022-02-01,8857,715
Oklahoma,2022-02-01,6260,205
Pennsylvania,2022-02-01,5166,239
Texas,2022-02-01,3536,299
Louisiana,2022-02-01,2906,81
Kansas,2022-02-01,527,23
Colorado,2022-02-01,330,3
Montana,2022-02-01,315,2
New Mexico,2022-02-01,265,8
Mississippi,2022-02-01,159,2
Wyoming,2022-02-01,117,9
North Dakota,2022-02-01,88,1
Michigan,2022-02-01,81,4
Arkansas,2022-02-01,11,0
California,2022-02-01,1,0
Texas,2022-01-01,3563,342
North Dakota,2022-01-01,284,0
West Virginia,2022-01-01,251,44
New Mexico,2022-01-01,47,7
Texas,2021-12-01,10000,851
Oklahoma,2021-12-01,314,10
North Dakota,2021-12-01,291,6
New Mexico,2021-12-01,95,2
Texas,2021-11-01,2887,140
West Virginia,2021-11-01,2340,63
Oklahoma,2021-11-01,1609,162
North Dakota,2021-11-01,1079,11
Colorado,2021-11-01,384,122
Mississippi,2021-11-01,383,0
Ohio,2021-11-01,368,50
Louisiana,2021-11-01,299,0
New Mexico,2021-11-01,239,20
Wyoming,2021-11-01,140,12
Montana,2021-11-01,132,2
Pennsylvania,2021-11-01,32,0
Arkansas,2021-11-01,22,0
Texas,2021-10-01,2731,276
Oklahoma,2021-10-01,1776,22
Ohio,2021-10-01,585,62
North Dakota,2021-10-01,397,13
Wyoming,2021-10-01,254,5
Pennsylvania,2021-10-01,141,2
Louisiana,2021-10-01,137,2
Arkansas,2021-10-01,92,0
Kansas,2021-10-01,50,0
Montana,2021-10-01,50,0
West Virginia,2021-10-01,38,2
New Mexico,2021-10-01,29,11
Colorado,2021-10-01,28,0
Michigan,2021-10-01,5,0
Texas,2021-09-01,2777,152
Oklahoma,2021-09-01,1409,14
Ohio,2021-09-01,790,9
Pennsylvania,2021-09-01,633,75
Louisiana,2021-09-01,396,9
Arkansas,2021-09-01,263,5
Colorado,2021-09-01,262,73
New Mexico,2021-09-01,255,8
Kansas,2021-09-01,216,20
Wyoming,2021-09-01,95,1
Utah,2021-09-01,47,0
Mississippi,2021-09-01,47,0
North Dakota,2021-09-01,41,2
Montana,2021-09-01,39,3
Michigan,2021-09-01,24,1
California,2021-09-01,5,0
Texas,2021-08-01,2287,159
Ohio,2021-08-01,1625,172
Oklahoma,2021-08-01,1619,34
Wyoming,2021-08-01,569,123
West Virginia,2021-08-01,319,10
Colorado,2021-08-01,318,8
Pennsylvania,2021-08-01,255,15
New Mexico,2021-08-01,158,1
Kansas,2021-08-01,135,5
Montana,2021-08-01,123,9
Louisiana,2021-08-01,55,0
Mississippi,2021-08-01,53,4
North Dakota,2021-08-01,39,0
Michigan,2021-08-01,25,0
Arkansas,2021-08-01,22,0
Texas,2021-07-01,2072,171
New Mexico,2021-07-01,1916,106
Oklahoma,2021-07-01,1586,11
Pennsylvania,2021-07-01,650,19
Ohio,2021-07-01,597,32
West Virginia,2021-07-01,312,96
Montana,2021-07-01,137,63
Louisiana,2021-07-01,133,5
Kansas,2021-07-01,127,1
Mississippi,2021-07-01,105,10
California,2021-07-01,61,32
Arkansas,2021-07-01,54,0
North Dakota,2021-07-01,52,0
Colorado,2021-07-01,49,2
Michigan,2021-07-01,30,1
Texas,2021-06-01,1730,173
Oklahoma,2021-06-01,1379,15
Ohio,2021-06-01,1320,64
New Mexico,2021-06-01,775,92
Louisiana,2021-06-01,691,28
Colorado,2021-06-01,528,118
Arkansas,2021-06-01,338,2
Kansas,2021-06-01,201,9
Mississippi,2021-06-01,189,6
Wyoming,2021-06-01,80,18
Utah,2021-06-01,73,0
North Dakota,2021-06-01,55,0
Pennsylvania,2021-06-01,47,0
West Virginia,2021-06-01,19,6
West Virginia,2021-05-01,7781,806
Ohio,2021-05-01,4758,257
Pennsylvania,2021-05-01,3387,237
Mississippi,2021-05-01,3200,39
Texas,2021-05-01,2623,143
Colorado,2021-05-01,1679,16
Wyoming,2021-05-01,1481,105
Arkansas,2021-05-01,1345,30
Oklahoma,2021-05-01,1158,20
Louisiana,2021-05-01,905,14
Utah,2021-05-01,396,42
Kansas,2021-05-01,203,19
Montana,2021-05-01,158,9
North Dakota,2021-05-01,107,1
New Mexico,2021-05-01,89,5
Michigan,2021-05-01,24,7
Texas,2021-04-01,3267,134
Oklahoma,2021-04-01,1721,12
Ohio,2021-04-01,419,24
New Mexico,2021-04-01,418,2
Kansas,2021-04-01,404,48
West Virginia,2021-04-01,213,0
Louisiana,2021-04-01,130,2
Pennsylvania,2021-04-01,100,0
Mississippi,2021-04-01,87,0
Colorado,2021-04-01,74,1
North Dakota,2021-04-01,52,2
Wyoming,2021-04-01,31,0
Michigan,2021-04-01,31,0
California,2021-04-01,27,0
Montana,2021-04-01,10,0
Texas,2021-03-01,3690,197
Oklahoma,2021-03-01,2295,45
West Virginia,2021-03-01,1456,84
Colorado,2021-03-01,802,59
Louisiana,2021-03-01,648,34
New Mexico,2021-03-01,584,110
Kansas,2021-03-01,272,21
Wyoming,2021-03-01,262,84
Mississippi,2021-03-01,99,0
Pennsylvania,2021-03-01,89,58
North Dakota,2021-03-01,74,0
Ohio,2021-03-01,28,0
Arkansas,2021-03-01,16,0
Montana,2021-03-01,15,2
Michigan,2021-03-01,2,0
Texas,2021-02-01,2199,218
Oklahoma,2021-02-01,1081,10
Louisiana,2021-02-01,974,3
Ohio,2021-02-01,754,55
Pennsylvania,2021-02-01,715,36
New Mexico,2021-02-01,522,16
Wyoming,2021-02-01,494,155
Colorado,2021-02-01,224,1
West Virginia,2021-02-01,214,4
Kansas,2021-02-01,205,22
Mississippi,2021-02-01,191,1
Arkansas,2021-02-01,60,1
Utah,2021-02-01,53,0
North Dakota,2021-02-01,49,0
California,2021-02-01,18,2
Montana,2021-02-01,12,0
Texas,2021-01-01,2068,217
Wyoming,2021-01-01,1593,377
Louisiana,2021-01-01,942,3
Oklahoma,2021-01-01,868,9
New Mexico,2021-01-01,685,42
Colorado,2021-01-01,552,14
Kansas,2021-01-01,100,7
Pennsylvania,2021-01-01,99,7
Mississippi,2021-01-01,94,1
West Virginia,2021-01-01,70,5
Arkansas,2021-01-01,54,1
Ohio,2021-01-01,39,1
North Dakota,2021-01-01,29,0
Utah,2021-01-01,26,0
Montana,2021-01-01,14,0
Michigan,2021-01-01,4,0
Texas,2020-12-01,2481,284
West Virginia,2020-12-01,2453,106
Ohio,2020-12-01,2161,312
Louisiana,2020-12-01,842,20
Oklahoma,2020-12-01,725,22
Wyoming,2020-12-01,415,4
Colorado,2020-12-01,408,28
Mississippi,2020-12-01,168,0
New Mexico,2020-12-01,127,14
Kansas,2020-12-01,81,6
Arkansas,2020-12-01,67,1
Utah,2020-12-01,62,0
Pennsylvania,2020-12-01,51,0
North Dakota,2020-12-01,25,0
Texas,2020-11-01,3522,994
West Virginia,2020-11-01,1634,212
Ohio,2020-11-01,1115,79
Pennsylvania,2020-11-01,896,31
Oklahoma,2020-11-01,781,17
Wyoming,2020-11-01,579,283
Louisiana,2020-11-01,471,4
North Dakota,2020-11-01,237,3
Mississippi,2020-11-01,209,1
Kansas,2020-11-01,194,5
New Mexico,2020-11-01,164,23
Montana,2020-11-01,119,0
Colorado,2020-11-01,82,3
Arkansas,2020-11-01,44,0
California,2020-11-01,31,0
Utah,2020-11-01,21,0
Texas,2020-10-01,2264,429
Ohio,2020-10-01,1262,163
Colorado,2020-10-01,912,320
Pennsylvania,2020-10-01,490,31
North Dakota,2020-10-01,362,62
Oklahoma,2020-10-01,351,4
West Virginia,2020-10-01,255,0
Louisiana,2020-10-01,187,5
Kansas,2020-10-01,120,6
Arkansas,2020-10-01,111,0
Utah,2020-10-01,99,9
Montana,2020-10-01,69,12
California,2020-10-01,68,46
Mississippi,2020-10-01,66,32
Wyoming,2020-10-01,38,0
New Mexico,2020-10-01,34,1
Michigan,2020-10-01,27,0
Texas,2020-09-01,2779,394
Oklahoma,2020-09-01,1805,19
Ohio,2020-09-01,1284,34
West Virginia,2020-09-01,1229,69
Pennsylvania,2020-09-01,1201,144
Mississippi,2020-09-01,747,3
Colorado,2020-09-01,708,2
Louisiana,2020-09-01,546,10
New Mexico,2020-09-01,534,112
Wyoming,2020-09-01,342,1
North Dakota,2020-09-01,162,24
Arkansas,2020-09-01,147,3
Kansas,2020-09-01,140,8
Montana,2020-09-01,129,94
Nevada,2020-09-01,106,0
Utah,2020-09-01,19,16
California,2020-09-01,6,4
Texas,2020-08-01,3180,442
West Virginia,2020-08-01,1640,162
Ohio,2020-08-01,1244,93
Pennsylvania,2020-08-01,1172,75
Wyoming,2020-08-01,377,25
North Dakota,2020-08-01,357,12
Mississippi,2020-08-01,250,34
New Mexico,2020-08-01,221,91
Utah,2020-08-01,192,0
Montana,2020-08-01,184,1
Arkansas,2020-08-01,180,3
Oklahoma,2020-08-01,177,15
Louisiana,2020-08-01,169,0
Kansas,2020-08-01,72,9
Colorado,2020-08-01,34,0
Oklahoma,2020-07-01,3607,46
Texas,2020-07-01,2963,281
West Virginia,2020-07-01,2546,122
Ohio,2020-07-01,1675,106
Pennsylvania,2020-07-01,1539,31
Colorado,2020-07-01,939,14
Louisiana,2020-07-01,688,8
Wyoming,2020-07-01,618,8
Montana,2020-07-01,441,5
Kansas,2020-07-01,245,12
California,2020-07-01,208,98
Mississippi,2020-07-01,208,4
Arkansas,2020-07-01,173,4
New Mexico,2020-07-01,162,7
North Dakota,2020-07-01,34,1
Utah,2020-07-01,18,2
Michigan,2020-07-01,5,0
Texas,2020-06-01,3190,322
Oklahoma,2020-06-01,1786,117
West Virginia,2020-06-01,1318,137
Pennsylvania,2020-06-01,1297,116
Ohio,2020-06-01,1172,60
Mississippi,2020-06-01,357,36
Louisiana,2020-06-01,246,8
Wyoming,2020-06-01,216,10
Utah,2020-06-01,109,2
Arkansas,2020-06-01,86,5
Kansas,2020-06-01,64,0
Colorado,2020-06-01,63,0
Michigan,2020-06-01,42,2
New Mexico,2020-06-01,39,9
North Dakota,2020-06-01,36,3
Texas,2020-05-01,4342,627
Pennsylvania,2020-05-01,1861,96
Ohio,2020-05-01,1726,508
West Virginia,2020-05-01,1657,501
Oklahoma,2020-05-01,1531,29
New Mexico,2020-05-01,453,14
Wyoming,2020-05-01,373,17
Colorado,2020-05-01,272,39
Louisiana,2020-05-01,226,25
Arkansas,2020-05-01,209,0
North Dakota,2020-05-01,110,1
Kansas,2020-05-01,52,8
Mississippi,2020-05-01,28,0
Utah,2020-05-01,10,0
Montana,2020-05-01,5,5
Texas,2020-04-01,4020,281
West Virginia,2020-04-01,1892,184
Pennsylvania,2020-04-01,1785,61
New Mexico,2020-04-01,1169,2
Oklahoma,2020-04-01,1119,48
Ohio,2020-04-01,1076,97
North Dakota,2020-04-01,979,12
Wyoming,2020-04-01,857,96
Colorado,2020-04-01,581,79
Mississippi,2020-04-01,540,84
Montana,2020-04-01,305,121
Kansas,2020-04-01,276,20
Arkansas,2020-04-01,227,44
Louisiana,2020-04-01,176,7
Utah,2020-04-01,167,18
Michigan,2020-04-01,8,0
Nevada,2020-04-01,8,0
California,2020-04-01,3,2
Texas,2020-03-01,8026,813
Oklahoma,2020-03-01,2569,122
Ohio,2020-03-01,2074,59
Wyoming,2020-03-01,2004,250
West Virginia,2020-03-01,1796,499
Colorado,2020-03-01,738,45
Pennsylvania,2020-03-01,624,93
Montana,2020-03-01,350,21
Mississippi,2020-03-01,310,8
Arkansas,2020-03-01,201,13
New Mexico,2020-03-01,194,9
Louisiana,2020-03-01,159,18
California,2020-03-01,159,96
North Dakota,2020-03-01,134,3
Kansas,2020-03-01,88,4
Nevada,2020-03-01,40,0
Utah,2020-03-01,19,0
Texas,2020-02-01,13180,1260
Oklahoma,2020-02-01,2080,96
West Virginia,2020-02-01,1737,420
North Dakota,2020-02-01,1461,21
Wyoming,2020-02-01,1234,22
Ohio,2020-02-01,935,131
Mississippi,2020-02-01,834,17
Pennsylvania,2020-02-01,573,125
Louisiana,2020-02-01,532,20
Colorado,2020-02-01,343,33
Montana,2020-02-01,323,38
New Mexico,2020-02-01,281,27
Kansas,2020-02-01,245,9
Arkansas,2020-02-01,26,1
Utah,2020-02-01,16,0
Texas,2020-01-01,17145,2489
Oklahoma,2020-01-01,4303,90
Pennsylvania,2020-01-01,2335,774
West Virginia,2020-01-01,2169,401
Ohio,2020-01-01,1609,64
Wyoming,2020-01-01,1467,51
Colorado,2020-01-01,1321,68
New Mexico,2020-01-01,1207,49
Montana,2020-01-01,807,66
Louisiana,2020-01-01,606,54
Arkansas,2020-01-01,488,7
Mississippi,2020-01-01,432,26
Kansas,2020-01-01,416,21
North Dakota,2020-01-01,185,1
Utah,2020-01-01,140,0
Michigan,2020-01-01,21,0
California,2020-01-01,15,2
South Dakota,2020-01-01,1,0
West Virginia,2019-12-01,4131,670
Texas,2019-12-01,2604,377
Ohio,2019-12-01,2125,84
Oklahoma,2019-12-01,1179,4
Mississippi,2019-12-01,1158,1
Wyoming,2019-12-01,573,0
North Dakota,2019-12-01,446,10
California,2019-12-01,363,221
New Mexico,2019-12-01,290,30
Montana,2019-12-01,226,2
Pennsylvania,2019-12-01,221,11
Louisiana,2019-12-01,150,18
Kansas,2019-12-01,95,5
Utah,2019-12-01,91,0
Arkansas,2019-12-01,29,0
Colorado,2019-12-01,19,0
Michigan,2019-12-01,5,0
Texas,2019-11-01,5773,402
North Dakota,2019-11-01,3528,37
Ohio,2019-11-01,2585,316
Oklahoma,2019-11-01,2556,49
West Virginia,2019-11-01,1625,274
Mississippi,2019-11-01,1549,43
Pennsylvania,2019-11-01,1317,396
Wyoming,2019-11-01,806,117
Colorado,2019-11-01,798,33
Montana,2019-11-01,785,286
Louisiana,2019-11-01,556,14
Kansas,2019-11-01,368,8
New Mexico,2019-11-01,286,9
Arkansas,2019-11-01,209,12
Utah,2019-11-01,148,0
Michigan,2019-11-01,102,0
California,2019-11-01,79,38
Texas,2019-10-01,9610,1290
West Virginia,2019-10-01,4755,464
Louisiana,2019-10-01,4160,759
Mississippi,2019-10-01,3978,15
Ohio,2019-10-01,3782,34
Oklahoma,2019-10-01,3059,87
Wyoming,2019-10-01,1623,82
Kansas,2019-10-01,1162,54
Colorado,2019-10-01,1158,33
Pennsylvania,2019-10-01,771,210
Montana,2019-10-01,744,69
New Mexico,2019-10-01,438,40
Arkansas,2019-10-01,330,11
Utah,2019-10-01,324,11
Michigan,2019-10-01,302,0
Nevada,2019-10-01,152,0
California,2019-10-01,131,28
North Dakota,2019-10-01,29,0
Texas,2019-09-01,8289,796
West Virginia,2019-09-01,4294,1682
Oklahoma,2019-09-01,3369,32
Wyoming,2019-09-01,3163,221
North Dakota,2019-09-01,2911,83
Ohio,2019-09-01,1939,157
Colorado,2019-09-01,879,30
Pennsylvania,2019-09-01,557,46
Kansas,2019-09-01,259,13
New Mexico,2019-09-01,256,50
Utah,2019-09-01,215,0
Louisiana,2019-09-01,88,4
Montana,2019-09-01,57,0
Mississippi,2019-09-01,12,1
California,2019-09-01,1,0
Texas,2019-08-01,9103,798
Oklahoma,2019-08-01,6052,34
Ohio,2019-08-01,3380,100
North Dakota,2019-08-01,2442,24
Louisiana,2019-08-01,2270,76
West Virginia,2019-08-01,2253,695
Pennsylvania,2019-08-01,2075,427
Wyoming,2019-08-01,1587,36
Colorado,2019-08-01,1571,121
Mississippi,2019-08-01,1428,29
New Mexico,2019-08-01,1156,114
Kansas,2019-08-01,477,20
Montana,2019-08-01,456,3
California,2019-08-01,342,114
Arkansas,2019-08-01,324,4
Utah,2019-08-01,62,0
Texas,2019-07-01,7601,1301
Wyoming,2019-07-01,2591,47
Oklahoma,2019-07-01,2289,108
Pennsylvania,2019-07-01,1798,114
Ohio,2019-07-01,1220,98
West Virginia,2019-07-01,933,164
Louisiana,2019-07-01,802,22
Colorado,2019-07-01,728,48
Kansas,2019-07-01,348,14
Montana,2019-07-01,168,3
New Mexico,2019-07-01,138,17
Mississippi,2019-07-01,77,2
Utah,2019-07-01,53,0
Arkansas,2019-07-01,12,0
California,2019-07-01,7,0
Texas,2019-06-01,10200,1205
Oklahoma,2019-06-01,2875,34
Ohio,2019-06-01,2763,223
West Virginia,2019-06-01,1154,159
New Mexico,2019-06-01,563,8
Mississippi,2019-06-01,504,2
Kansas,2019-06-01,403,14
Louisiana,2019-06-01,388,5
Arkansas,2019-06-01,183,0
Colorado,2019-06-01,147,4
Pennsylvania,2019-06-01,40,2
Texas,2019-05-01,7569,757
Oklahoma,2019-05-01,5319,126
Pennsylvania,2019-05-01,5026,1697
Ohio,2019-05-01,2607,182
West Virginia,2019-05-01,2568,728
Colorado,2019-05-01,2419,291
North Dakota,2019-05-01,1704,8
Mississippi,2019-05-01,1291,185
Wyoming,2019-05-01,1153,57
Louisiana,2019-05-01,975,36
Kansas,2019-05-01,611,20
New Mexico,2019-05-01,548,27
Arkansas,2019-05-01,451,2
Montana,2019-05-01,412,1
Utah,2019-05-01,243,0
Michigan,2019-05-01,38,0
California,2019-05-01,1,1
Texas,2019-04-01,11215,2005
Oklahoma,2019-04-01,4595,246
New Mexico,2019-04-01,3647,305
Wyoming,2019-04-01,3544,101
West Virginia,2019-04-01,3164,191
Ohio,2019-04-01,3130,427
North Dakota,2019-04-01,1931,0
Pennsylvania,2019-04-01,1158,226
Kansas,2019-04-01,1117,62
Colorado,2019-04-01,1101,20
Louisiana,2019-04-01,720,30
Montana,2019-04-01,711,57
Mississippi,2019-04-01,661,2
Utah,2019-04-01,574,3
Arkansas,2019-04-01,286,1
California,2019-04-01,214,107
West Virginia,2019-03-01,8711,1270
Texas,2019-03-01,7043,760
Oklahoma,2019-03-01,6234,218
Ohio,2019-03-01,3404,490
North Dakota,2019-03-01,3361,24
Colorado,2019-03-01,2803,65
Wyoming,2019-03-01,2481,209
Pennsylvania,2019-03-01,1454,322
Louisiana,2019-03-01,1293,49
Mississippi,2019-03-01,978,41
New Mexico,2019-03-01,690,233
Arkansas,2019-03-01,635,6
Montana,2019-03-01,380,56
Utah,2019-03-01,277,4
Kansas,2019-03-01,102,3
California,2019-03-01,1,0
Texas,2019-02-01,7189,1091
West Virginia,2019-02-01,6594,2016
Oklahoma,2019-02-01,5461,57
Ohio,2019-02-01,3565,218
Wyoming,2019-02-01,3143,478
Mississippi,2019-02-01,2564,39
Louisiana,2019-02-01,2049,41
New Mexico,2019-02-01,1997,230
Pennsylvania,2019-02-01,1912,648
Colorado,2019-02-01,1086,20
North Dakota,2019-02-01,403,3
Kansas,2019-02-01,367,21
California,2019-02-01,319,115
Montana,2019-02-01,111,4
Utah,2019-02-01,103,25
Arkansas,2019-02-01,10,0
Texas,2019-01-01,19543,1636
Oklahoma,2019-01-01,5561,149
West Virginia,2019-01-01,2564,640
Ohio,2019-01-01,2196,202
Wyoming,2019-01-01,1224,210
Pennsylvania,2019-01-01,1097,318
Colorado,2019-01-01,892,19
Louisiana,2019-01-01,746,11
Mississippi,2019-01-01,642,16
North Dakota,2019-01-01,511,4
New Mexico,2019-01-01,372,13
Montana,2019-01-01,323,38
Kansas,2019-01-01,250,18
Arkansas,2019-01-01,145,0
Nevada,2019-01-01,12,0
Utah,2019-01-01,5,0
Texas,2018-12-01,24766,847
West Virginia,2018-12-01,5595,1671
Oklahoma,2018-12-01,5393,145
Ohio,2018-12-01,2927,261
Colorado,2018-12-01,2054,85
Wyoming,2018-12-01,1159,81
Louisiana,2018-12-01,956,16
Pennsylvania,2018-12-01,908,102
Utah,2018-12-01,604,21
California,2018-12-01,524,192
North Dakota,2018-12-01,283,3
Montana,2018-12-01,276,37
Kansas,2018-12-01,223,7
New Mexico,2018-12-01,137,3
Mississippi,2018-12-01,88,8
Michigan,2018-12-01,4,0
Texas,2018-11-01,12096,417
Oklahoma,2018-11-01,6155,109
Ohio,2018-11-01,3753,63
Pennsylvania,2018-11-01,2602,457
West Virginia,2018-11-01,2378,503
North Dakota,2018-11-01,2215,51
Louisiana,2018-11-01,1697,13
Colorado,2018-11-01,1432,268
New Mexico,2018-11-01,1422,102
Mississippi,2018-11-01,1264,3
Wyoming,2018-11-01,1157,80
Arkansas,2018-11-01,331,0
Montana,2018-11-01,294,3
Kansas,2018-11-01,268,12
Utah,2018-11-01,174,0
Texas,2018-10-01,29954,1792
Oklahoma,2018-10-01,8030,188
New Mexico,2018-10-01,5558,889
Wyoming,2018-10-01,3207,203
West Virginia,2018-10-01,3049,574
Louisiana,2018-10-01,1936,10
Mississippi,2018-10-01,1926,8
Colorado,2018-10-01,1625,55
Pennsylvania,2018-10-01,1468,577
Ohio,2018-10-01,915,158
Kansas,2018-10-01,545,14
Montana,2018-10-01,541,3
Arkansas,2018-10-01,234,0
North Dakota,2018-10-01,168,15
Utah,2018-10-01,89,4
California,2018-10-01,35,20
Texas,2018-09-01,16841,1306
Oklahoma,2018-09-01,8545,201
West Virginia,2018-09-01,4434,705
Ohio,2018-09-01,3442,354
Louisiana,2018-09-01,3141,50
New Mexico,2018-09-01,2616,104
Colorado,2018-09-01,1545,100
Pennsylvania,2018-09-01,1449,284
Wyoming,2018-09-01,1002,95
Kansas,2018-09-01,737,44
Mississippi,2018-09-01,692,7
North Dakota,2018-09-01,593,4
Arkansas,2018-09-01,441,1
Montana,2018-09-01,403,73
California,2018-09-01,375,100
Utah,2018-09-01,355,2
South Dakota,2018-09-01,13,0
Texas,2018-08-01,20985,1605
Oklahoma,2018-08-01,8087,75
West Virginia,2018-08-01,4340,741
Wyoming,2018-08-01,3408,3
Ohio,2018-08-01,2875,199
Pennsylvania,2018-08-01,2495,514
New Mexico,2018-08-01,1599,65
North Dakota,2018-08-01,1196,4
Louisiana,2018-08-01,1142,8
Mississippi,2018-08-01,698,2
Colorado,2018-08-01,640,14
Kansas,2018-08-01,322,5
Arkansas,2018-08-01,212,0
Montana,2018-08-01,79,15
California,2018-08-01,66,22
Utah,2018-08-01,37,0
Texas,2018-07-01,22578,1738
Oklahoma,2018-07-01,7432,59
West Virginia,2018-07-01,4176,195
Louisiana,2018-07-01,3399,21
Ohio,2018-07-01,3018,208
Wyoming,2018-07-01,2743,348
Pennsylvania,2018-07-01,2184,496
North Dakota,2018-07-01,2102,12
Mississippi,2018-07-01,1699,31
Colorado,2018-07-01,1607,78
New Mexico,2018-07-01,886,43
Kansas,2018-07-01,364,17
Utah,2018-07-01,363,0
Montana,2018-07-01,209,0
Arkansas,2018-07-01,113,0
Nevada,2018-07-01,92,1
California,2018-07-01,64,21
Michigan,2018-07-01,12,0
Texas,2018-06-01,39027,3517
Oklahoma,2018-06-01,7656,63
West Virginia,2018-06-01,4923,924
New Mexico,2018-06-01,3523,465
Ohio,2018-06-01,3111,360
Colorado,2018-06-01,2397,62
Louisiana,2018-06-01,2127,37
Pennsylvania,2018-06-01,1549,610
Wyoming,2018-06-01,1123,509
Utah,2018-06-01,753,80
Kansas,2018-06-01,415,36
North Dakota,2018-06-01,379,0
Mississippi,2018-06-01,321,0
Arkansas,2018-06-01,266,1
California,2018-06-01,237,60
Montana,2018-06-01,221,0
Michigan,2018-06-01,153,2
Texas,2018-05-01,41905,3993
Oklahoma,2018-05-01,7196,137
New Mexico,2018-05-01,4086,394
West Virginia,2018-05-01,4038,771
Pennsylvania,2018-05-01,3414,690
North Dakota,2018-05-01,3042,61
Ohio,2018-05-01,2863,266
Louisiana,2018-05-01,2340,45
Wyoming,2018-05-01,1549,556
Utah,2018-05-01,1522,33
Colorado,2018-05-01,1177,87
Kansas,2018-05-01,462,25
Mississippi,2018-05-01,449,0
Arkansas,2018-05-01,152,8
California,2018-05-01,120,47
Montana,2018-05-01,51,17
Nevada,2018-05-01,19,19
Texas,2018-04-01,14024,1539
Oklahoma,2018-04-01,6855,172
West Virginia,2018-04-01,5317,198
Wyoming,2018-04-01,3067,1058
Louisiana,2018-04-01,2497,130
Pennsylvania,2018-04-01,1834,1093
Colorado,2018-04-01,1622,108
Mississippi,2018-04-01,1331,75
New Mexico,2018-04-01,1156,178
Kansas,2018-04-01,377,38
Montana,2018-04-01,325,152
Utah,2018-04-01,174,174
North Dakota,2018-04-01,156,6
Nevada,2018-04-01,60,60
Arkansas,2018-04-01,57,3
Ohio,2018-04-01,15,0
California,2018-04-01,11,11
Oklahoma,2018-03-01,9112,297
Texas,2018-03-01,5907,881
Louisiana,2018-03-01,3725,244
West Virginia,2018-03-01,3639,616
Pennsylvania,2018-03-01,1147,162
New Mexico,2018-03-01,681,143
Wyoming,2018-03-01,598,75
Colorado,2018-03-01,535,42
Kansas,2018-03-01,478,38
North Dakota,2018-03-01,287,3
Montana,2018-03-01,247,2
Arkansas,2018-03-01,185,0
Mississippi,2018-03-01,124,0
California,2018-03-01,94,27
Utah,2018-03-01,2,0
Texas,2018-02-01,9963,992
Oklahoma,2018-02-01,8003,219
West Virginia,2018-02-01,7595,949
Pennsylvania,2018-02-01,2778,413
Colorado,2018-02-01,2596,707
Louisiana,2018-02-01,2332,13
Wyoming,2018-02-01,1793,353
Mississippi,2018-02-01,890,15
Kansas,2018-02-01,674,49
New Mexico,2018-02-01,603,144
North Dakota,2018-02-01,508,1
Utah,2018-02-01,407,216
Montana,2018-02-01,260,176
Arkansas,2018-02-01,181,2
California,2018-02-01,135,33
Nevada,2018-02-01,114,114
Texas,2018-01-01,10081,1466
Oklahoma,2018-01-01,7078,274
West Virginia,2018-01-01,2921,401
Pennsylvania,2018-01-01,2856,670
Louisiana,2018-01-01,1549,8
North Dakota,2018-01-01,825,40
Colorado,2018-01-01,389,240
Arkansas,2018-01-01,308,0
Montana,2018-01-01,154,27
Wyoming,2018-01-01,97,7
New Mexico,2018-01-01,37,14
Kansas,2018-01-01,5,0
Utah,2018-01-01,2,0
Oklahoma,2017-12-01,9646,380
Texas,2017-12-01,5251,1122
Wyoming,2017-12-01,1793,171
Colorado,2017-12-01,1543,124
Louisiana,2017-12-01,800,30
New Mexico,2017-12-01,656,281
Arkansas,2017-12-01,417,6
North Dakota,2017-12-01,378,1
Montana,2017-12-01,302,20
Kansas,2017-12-01,98,45
Utah,2017-12-01,78,1
West Virginia,2017-12-01,15,2
Ohio,2017-12-01,10,6
Michigan,2017-12-01,1,0
Texas,2017-11-01,7186,463
Oklahoma,2017-11-01,4660,34
West Virginia,2017-11-01,3268,145
Ohio,2017-11-01,2812,60
Pennsylvania,2017-11-01,2409,909
Louisiana,2017-11-01,1386,15
Colorado,2017-11-01,1357,18
North Dakota,2017-11-01,827,0
Mississippi,2017-11-01,632,2
New Mexico,2017-11-01,317,29
Wyoming,2017-11-01,133,0
California,2017-11-01,110,0
Michigan,2017-11-01,93,1
Utah,2017-11-01,75,4
Kansas,2017-11-01,61,14
Arkansas,2017-11-01,42,0
Montana,2017-11-01,7,0
West Virginia,2017-10-01,8325,685
Oklahoma,2017-10-01,6178,87
Pennsylvania,2017-10-01,5929,1898
Texas,2017-10-01,4467,376
Ohio,2017-10-01,2140,120
Louisiana,2017-10-01,1185,6
Colorado,2017-10-01,1010,15
New Mexico,2017-10-01,916,44
Wyoming,2017-10-01,565,12
Mississippi,2017-10-01,428,8
North Dakota,2017-10-01,342,4
Kansas,2017-10-01,227,9
Arkansas,2017-10-01,218,0
Montana,2017-10-01,185,1
California,2017-10-01,118,0
Nevada,2017-10-01,98,0
Utah,2017-10-01,85,0
Michigan,2017-10-01,2,0
Texas,2017-09-01,6758,621
Oklahoma,2017-09-01,3421,156
Ohio,2017-09-01,3064,281
Pennsylvania,2017-09-01,2968,911
Louisiana,2017-09-01,1643,25
Colorado,2017-09-01,998,62
North Dakota,2017-09-01,636,9
New Mexico,2017-09-01,623,51
Kansas,2017-09-01,434,48
Wyoming,2017-09-01,420,0
West Virginia,2017-09-01,329,108
Mississippi,2017-09-01,290,113
Montana,2017-09-01,121,0
Arkansas,2017-09-01,55,0
Utah,2017-09-01,45,1
South Dakota,2017-09-01,18,0
Michigan,2017-09-01,1,0
Oklahoma,2017-08-01,5844,78
Texas,2017-08-01,4512,322
West Virginia,2017-08-01,4257,621
Ohio,2017-08-01,2386,164
Pennsylvania,2017-08-01,1333,70
Colorado,2017-08-01,1275,80
Wyoming,2017-08-01,1129,201
Louisiana,2017-08-01,863,1
North Dakota,2017-08-01,763,3
New Mexico,2017-08-01,722,69
Mississippi,2017-08-01,504,24
Kansas,2017-08-01,354,8
Montana,2017-08-01,90,0
Arkansas,2017-08-01,87,0
Utah,2017-08-01,77,1
Michigan,2017-08-01,2,0
Texas,2017-07-01,8654,845
Oklahoma,2017-07-01,5344,111
Louisiana,2017-07-01,3234,257
West Virginia,2017-07-01,1988,122
Ohio,2017-07-01,1485,194
Pennsylvania,2017-07-01,1085,88
Colorado,2017-07-01,902,219
North Dakota,2017-07-01,772,2
New Mexico,2017-07-01,668,65
Wyoming,2017-07-01,599,90
Montana,2017-07-01,292,14
Mississippi,2017-07-01,223,6
Arkansas,2017-07-01,201,0
Utah,2017-07-01,76,3
California,2017-07-01,69,5
Kansas,2017-07-01,51,5
Michigan,2017-07-01,3,0
Oklahoma,2017-06-01,7596,77
Texas,2017-06-01,7164,797
West Virginia,2017-06-01,5907,484
Ohio,2017-06-01,3261,682
Louisiana,2017-06-01,2063,13
Pennsylvania,2017-06-01,1832,544
Wyoming,2017-06-01,1687,84
Colorado,2017-06-01,1284,50
North Dakota,2017-06-01,1116,170
Kansas,2017-06-01,847,133
New Mexico,2017-06-01,706,200
Mississippi,2017-06-01,232,18
Utah,2017-06-01,186,67
Arkansas,2017-06-01,142,0
Montana,2017-06-01,142,1
Michigan,2017-06-01,4,2
Texas,2017-05-01,15824,2075
Oklahoma,2017-05-01,7898,160
West Virginia,2017-05-01,5651,765
Ohio,2017-05-01,2298,522
Pennsylvania,2017-05-01,1598,43
New Mexico,2017-05-01,1510,64
Louisiana,2017-05-01,1415,28
North Dakota,2017-05-01,1363,115
Colorado,2017-05-01,783,68
Mississippi,2017-05-01,720,55
Arkansas,2017-05-01,399,0
Wyoming,2017-05-01,281,55
Kansas,2017-05-01,279,28
California,2017-05-01,109,2
Utah,2017-05-01,86,1
Montana,2017-05-01,31,6
Michigan,2017-05-01,14,9
Texas,2017-04-01,4445,504
Oklahoma,2017-04-01,4265,115
Pennsylvania,2017-04-01,2317,157
West Virginia,2017-04-01,2206,383
Ohio,2017-04-01,1972,297
Colorado,2017-04-01,720,219
Louisiana,2017-04-01,481,11
North Dakota,2017-04-01,474,34
Wyoming,2017-04-01,218,31
Utah,2017-04-01,208,8
New Mexico,2017-04-01,97,0
California,2017-04-01,40,0
Arkansas,2017-04-01,27,0
Kansas,2017-04-01,7,0
Mississippi,2017-04-01,1,0
Texas,2017-03-01,6532,889
Oklahoma,2017-03-01,5957,110
West Virginia,2017-03-01,3464,391
Ohio,2017-03-01,2510,287
Pennsylvania,2017-03-01,2011,213
Colorado,2017-03-01,782,85
Louisiana,2017-03-01,743,5
North Dakota,2017-03-01,577,387
Kansas,2017-03-01,445,72
Wyoming,2017-03-01,226,57
Arkansas,2017-03-01,181,0
Utah,2017-03-01,179,2
Mississippi,2017-03-01,141,21
New Mexico,2017-03-01,108,8
Montana,2017-03-01,14,0
Michigan,2017-03-01,6,0
California,2017-03-01,3,0
Oklahoma,2017-02-01,4225,120
Texas,2017-02-01,3487,602
Pennsylvania,2017-02-01,1661,59
West Virginia,2017-02-01,1613,262
Ohio,2017-02-01,1069,127
North Dakota,2017-02-01,789,164
Mississippi,2017-02-01,772,56
Colorado,2017-02-01,750,114
Louisiana,2017-02-01,623,1
Wyoming,2017-02-01,201,59
Arkansas,2017-02-01,198,0
Kansas,2017-02-01,104,37
New Mexico,2017-02-01,84,15
Utah,2017-02-01,76,11
Montana,2017-02-01,22,0
Michigan,2017-02-01,6,3
Texas,2017-01-01,8013,1331
Oklahoma,2017-01-01,5811,122
West Virginia,2017-01-01,2563,314
Ohio,2017-01-01,2203,496
Colorado,2017-01-01,1094,76
Louisiana,2017-01-01,586,14
Mississippi,2017-01-01,503,106
New Mexico,2017-01-01,436,22
Wyoming,2017-01-01,253,22
Kansas,2017-01-01,213,18
North Dakota,2017-01-01,111,0
Utah,2017-01-01,103,25
Pennsylvania,2017-01-01,51,5
California,2017-01-01,37,0
Montana,2017-01-01,34,0
Michigan,2017-01-01,11,1
Arkansas,2017-01-01,5,0
Texas,2016-12-01,6138,1242
Oklahoma,2016-12-01,6067,244
West Virginia,2016-12-01,2196,354
Colorado,2016-12-01,1525,997
Pennsylvania,2016-12-01,1147,99
Mississippi,2016-12-01,894,80
New Mexico,2016-12-01,889,4
Ohio,2016-12-01,884,355
Wyoming,2016-12-01,681,363
North Dakota,2016-12-01,438,92
Louisiana,2016-12-01,438,4
Utah,2016-12-01,200,141
Kansas,2016-12-01,151,70
Arkansas,2016-12-01,14,0
Montana,2016-12-01,8,1
Michigan,2016-12-01,6,2
Texas,2016-11-01,6497,1279
West Virginia,2016-11-01,5877,969
Pennsylvania,2016-11-01,4352,198
Oklahoma,2016-11-01,3387,80
Ohio,2016-11-01,1190,252
Colorado,2016-11-01,948,505
North Dakota,2016-11-01,653,307
Wyoming,2016-11-01,406,69
Louisiana,2016-11-01,386,5
Mississippi,2016-11-01,357,54
Kansas,2016-11-01,353,45
New Mexico,2016-11-01,283,48
Montana,2016-11-01,247,21
Arkansas,2016-11-01,106,0
California,2016-11-01,57,11
Utah,2016-11-01,49,8
Michigan,2016-11-01,14,2
Texas,2016-10-01,8053,1410
West Virginia,2016-10-01,5355,689
Oklahoma,2016-10-01,5229,105
Pennsylvania,2016-10-01,4686,272
Louisiana,2016-10-01,1371,16
Ohio,2016-10-01,931,367
Colorado,2016-10-01,815,137
New Mexico,2016-10-01,597,44
Wyoming,2016-10-01,524,76
North Dakota,2016-10-01,466,2
Kansas,2016-10-01,252,50
Arkansas,2016-10-01,219,2
Utah,2016-10-01,154,11
Mississippi,2016-10-01,134,23
Montana,2016-10-01,54,8
Michigan,2016-10-01,34,9
California,2016-10-01,12,0
Texas,2016-09-01,5957,606
Oklahoma,2016-09-01,3911,101
Pennsylvania,2016-09-01,2800,193
West Virginia,2016-09-01,2508,254
Ohio,2016-09-01,773,139
Colorado,2016-09-01,692,57
Louisiana,2016-09-01,643,57
Kansas,2016-09-01,552,130
Mississippi,2016-09-01,426,85
New Mexico,2016-09-01,376,6
California,2016-09-01,265,3
North Dakota,2016-09-01,232,3
Arkansas,2016-09-01,68,0
Utah,2016-09-01,18,0
Montana,2016-09-01,12,2
Michigan,2016-09-01,9,1
South Dakota,2016-09-01,3,0
Wyoming,2016-09-01,1,0
Pennsylvania,2016-08-01,12671,2150
Texas,2016-08-01,5636,671
Oklahoma,2016-08-01,4716,141
West Virginia,2016-08-01,2891,536
Louisiana,2016-08-01,665,2
New Mexico,2016-08-01,578,17
North Dakota,2016-08-01,544,7
Mississippi,2016-08-01,534,65
Wyoming,2016-08-01,486,117
Colorado,2016-08-01,430,35
Ohio,2016-08-01,250,141
Kansas,2016-08-01,201,17
Arkansas,2016-08-01,35,0
Michigan,2016-08-01,16,0
California,2016-08-01,13,0
Texas,2016-07-01,7600,1315
Oklahoma,2016-07-01,3303,136
Mississippi,2016-07-01,2956,291
West Virginia,2016-07-01,1835,746
Ohio,2016-07-01,1491,413
Pennsylvania,2016-07-01,1062,27
Louisiana,2016-07-01,804,16
Colorado,2016-07-01,485,40
Kansas,2016-07-01,427,52
New Mexico,2016-07-01,267,9
Arkansas,2016-07-01,203,0
North Dakota,2016-07-01,185,5
Wyoming,2016-07-01,119,13
California,2016-07-01,107,0
Utah,2016-07-01,73,3
Montana,2016-07-01,27,0
Nevada,2016-07-01,12,0
Texas,2016-06-01,7106,1528
Oklahoma,2016-06-01,2734,96
West Virginia,2016-06-01,2455,553
Pennsylvania,2016-06-01,1035,56
Ohio,2016-06-01,824,160
Wyoming,2016-06-01,696,308
Louisiana,2016-06-01,655,29
Colorado,2016-06-01,633,22
New Mexico,2016-06-01,433,40
Mississippi,2016-06-01,391,28
North Dakota,2016-06-01,222,0
Michigan,2016-06-01,216,1
Kansas,2016-06-01,213,36
Montana,2016-06-01,145,0
Arkansas,2016-06-01,65,0
Utah,2016-06-01,41,2
Mississippi,2016-05-01,9960,7
Texas,2016-05-01,5639,1267
Oklahoma,2016-05-01,2973,44
West Virginia,2016-05-01,1464,383
Louisiana,2016-05-01,1049,27
Pennsylvania,2016-05-01,1032,73
Colorado,2016-05-01,570,13
Ohio,2016-05-01,505,97
Wyoming,2016-05-01,426,38
New Mexico,2016-05-01,388,44
Michigan,2016-05-01,336,224
Kansas,2016-05-01,243,27
North Dakota,2016-05-01,231,39
Arkansas,2016-05-01,86,0
Utah,2016-05-01,55,1
California,2016-05-01,35,0
Montana,2016-05-01,32,1
Texas,2016-04-01,4717,1027
Oklahoma,2016-04-01,3853,42
West Virginia,2016-04-01,2659,207
Louisiana,2016-04-01,1659,11
Pennsylvania,2016-04-01,1444,88
Wyoming,2016-04-01,475,87
Mississippi,2016-04-01,466,190
Colorado,2016-04-01,457,5
Ohio,2016-04-01,420,195
North Dakota,2016-04-01,349,1
New Mexico,2016-04-01,202,18
Arkansas,2016-04-01,156,0
Utah,2016-04-01,130,0
Kansas,2016-04-01,45,5
Montana,2016-04-01,30,5
Michigan,2016-04-01,5,0
Texas,2016-03-01,6146,1163
Oklahoma,2016-03-01,4223,115
Mississippi,2016-03-01,3472,348
West Virginia,2016-03-01,2545,910
Pennsylvania,2016-03-01,1523,506
Ohio,2016-03-01,1406,163
Louisiana,2016-03-01,765,53
Kansas,2016-03-01,686,106
Colorado,2016-03-01,579,20
North Dakota,2016-03-01,501,1
New Mexico,2016-03-01,228,31
Wyoming,2016-03-01,202,0
Arkansas,2016-03-01,197,1
California,2016-03-01,86,0
Michigan,2016-03-01,41,3
Montana,2016-03-01,7,0
Oklahoma,2016-02-01,4496,106
Texas,2016-02-01,3269,842
West Virginia,2016-02-01,2694,319
Louisiana,2016-02-01,1830,21
Pennsylvania,2016-02-01,1580,362
Colorado,2016-02-01,1267,887
Ohio,2016-02-01,1090,392
Mississippi,2016-02-01,825,95
North Dakota,2016-02-01,647,38
Wyoming,2016-02-01,222,28
New Mexico,2016-02-01,188,11
Utah,2016-02-01,187,2
Kansas,2016-02-01,63,8
Arkansas,2016-02-01,38,3
Michigan,2016-02-01,29,2
Montana,2016-02-01,6,4
Texas,2016-01-01,8577,1585
Mississippi,2016-01-01,6532,997
Oklahoma,2016-01-01,4529,161
West Virginia,2016-01-01,1729,135
Pennsylvania,2016-01-01,1228,168
Ohio,2016-01-01,1183,592
North Dakota,2016-01-01,999,641
Louisiana,2016-01-01,960,5
Colorado,2016-01-01,925,497
Kansas,2016-01-01,292,39
New Mexico,2016-01-01,180,20
Arkansas,2016-01-01,119,5
Michigan,2016-01-01,54,6
California,2016-01-01,33,0
Montana,2016-01-01,20,0
Utah,2016-01-01,11,0
South Dakota,2016-01-01,7,0
Wyoming,2016-01-01,4,0
Texas,2015-12-01,4848,805
Oklahoma,2015-12-01,4077,100
West Virginia,2015-12-01,2656,223
Louisiana,2015-12-01,2537,41
Pennsylvania,2015-12-01,1575,436
Mississippi,2015-12-01,1575,540
Ohio,2015-12-01,684,132
North Dakota,2015-12-01,657,447
Wyoming,2015-12-01,623,71
Colorado,2015-12-01,615,42
Kansas,2015-12-01,257,19
Utah,2015-12-01,226,10
Arkansas,2015-12-01,197,0
Montana,2015-12-01,190,1
New Mexico,2015-12-01,31,0
Michigan,2015-12-01,22,4
Oklahoma,2015-11-01,11473,305
Texas,2015-11-01,4746,876
Mississippi,2015-11-01,3435,71
Colorado,2015-11-01,3068,320
Pennsylvania,2015-11-01,2630,360
West Virginia,2015-11-01,2372,251
Louisiana,2015-11-01,769,16
Wyoming,2015-11-01,614,87
Arkansas,2015-11-01,395,0
North Dakota,2015-11-01,367,36
New Mexico,2015-11-01,241,17
Montana,2015-11-01,123,1
Kansas,2015-11-01,99,1
Ohio,2015-11-01,90,18
Michigan,2015-11-01,66,0
California,2015-11-01,51,0
Utah,2015-11-01,2,0
Oklahoma,2015-10-01,13168,581
Texas,2015-10-01,11158,1554
West Virginia,2015-10-01,6219,1333
Ohio,2015-10-01,2759,598
Louisiana,2015-10-01,2403,19
Pennsylvania,2015-10-01,2324,759
Mississippi,2015-10-01,1786,202
Wyoming,2015-10-01,1579,64
Colorado,2015-10-01,819,9
North Dakota,2015-10-01,681,18
Kansas,2015-10-01,353,11
New Mexico,2015-10-01,221,25
Utah,2015-10-01,145,0
California,2015-10-01,126,0
Arkansas,2015-10-01,80,2
Montana,2015-10-01,53,1
Michigan,2015-10-01,19,2
Oklahoma,2015-09-01,10212,128
Texas,2015-09-01,6547,460
West Virginia,2015-09-01,5967,546
Mississippi,2015-09-01,4320,5
Pennsylvania,2015-09-01,4315,442
Colorado,2015-09-01,2390,48
Utah,2015-09-01,2000,16
Ohio,2015-09-01,1798,191
Louisiana,2015-09-01,1473,0
Kansas,2015-09-01,1030,18
Wyoming,2015-09-01,593,27
California,2015-09-01,567,0
Arkansas,2015-09-01,286,0
North Dakota,2015-09-01,278,4
Montana,2015-09-01,135,5
New Mexico,2015-09-01,114,6
Michigan,2015-09-01,113,1
Texas,2015-08-01,4456,596
Pennsylvania,2015-08-01,3587,1233
Oklahoma,2015-08-01,2741,85
Louisiana,2015-08-01,1911,208
Mississippi,2015-08-01,1488,8
West Virginia,2015-08-01,998,20
Colorado,2015-08-01,744,6
Wyoming,2015-08-01,617,7
Ohio,2015-08-01,306,270
New Mexico,2015-08-01,248,9
North Dakota,2015-08-01,224,0
Arkansas,2015-08-01,138,0
Michigan,2015-08-01,125,0
Montana,2015-08-01,14,0
Utah,2015-08-01,14,0
Kansas,2015-08-01,13,0
Texas,2015-07-01,7113,695
Oklahoma,2015-07-01,5712,231
West Virginia,2015-07-01,3696,198
Louisiana,2015-07-01,2362,241
Pennsylvania,2015-07-01,1711,413
Ohio,2015-07-01,1009,313
Colorado,2015-07-01,838,25
Wyoming,2015-07-01,670,99
Mississippi,2015-07-01,575,36
North Dakota,2015-07-01,569,2
Arkansas,2015-07-01,396,0
Kansas,2015-07-01,269,3
California,2015-07-01,247,0
Montana,2015-07-01,168,4
New Mexico,2015-07-01,160,32
Utah,2015-07-01,101,0
Michigan,2015-07-01,62,0
Texas,2015-06-01,7938,598
West Virginia,2015-06-01,5791,222
Oklahoma,2015-06-01,5713,111
Colorado,2015-06-01,3962,36
Louisiana,2015-06-01,3177,3
Pennsylvania,2015-06-01,2127,337
Ohio,2015-06-01,1059,120
Mississippi,2015-06-01,999,14
North Dakota,2015-06-01,574,10
Arkansas,2015-06-01,518,1
New Mexico,2015-06-01,454,42
Wyoming,2015-06-01,405,62
Utah,2015-06-01,175,4
Kansas,2015-06-01,173,10
Montana,2015-06-01,125,5
California,2015-06-01,63,0
Michigan,2015-06-01,35,0
Texas,2015-05-01,8737,724
Oklahoma,2015-05-01,6799,123
West Virginia,2015-05-01,4958,331
Louisiana,2015-05-01,3340,4
Pennsylvania,2015-05-01,2925,338
Colorado,2015-05-01,1715,50
North Dakota,2015-05-01,1128,11
Ohio,2015-05-01,1097,167
Wyoming,2015-05-01,717,81
Mississippi,2015-05-01,623,0
Kansas,2015-05-01,572,72
New Mexico,2015-05-01,236,27
Montana,2015-05-01,147,4
Arkansas,2015-05-01,126,0
Utah,2015-05-01,102,4
Michigan,2015-05-01,43,0
Texas,2015-04-01,14809,794
Oklahoma,2015-04-01,7454,132
West Virginia,2015-04-01,5610,383
Pennsylvania,2015-04-01,5284,796
Louisiana,2015-04-01,2630,2
Ohio,2015-04-01,2565,1054
North Dakota,2015-04-01,2423,13
Kansas,2015-04-01,1493,82
Wyoming,2015-04-01,1419,108
Mississippi,2015-04-01,1211,24
Colorado,2015-04-01,1034,0
Montana,2015-04-01,767,0
California,2015-04-01,497,28
Arkansas,2015-04-01,311,3
New Mexico,2015-04-01,166,20
Utah,2015-04-01,149,1
Michigan,2015-04-01,140,1
Nevada,2015-04-01,40,0
Texas,2015-03-01,14998,406
Oklahoma,2015-03-01,7300,110
Wyoming,2015-03-01,3068,53
West Virginia,2015-03-01,2446,106
Pennsylvania,2015-03-01,2214,84
Louisiana,2015-03-01,1954,52
Ohio,2015-03-01,1769,37
New Mexico,2015-03-01,1521,17
Colorado,2015-03-01,1278,21
Mississippi,2015-03-01,745,0
Nevada,2015-03-01,519,0
Arkansas,2015-03-01,416,0
Utah,2015-03-01,408,0
North Dakota,2015-03-01,403,0
Montana,2015-03-01,299,0
Kansas,2015-03-01,175,2
South Dakota,2015-03-01,39,0
Michigan,2015-03-01,39,0
California,2015-03-01,19,0
Texas,2015-02-01,10802,533
Oklahoma,2015-02-01,9465,93
West Virginia,2015-02-01,2842,51
Louisiana,2015-02-01,2334,5
Mississippi,2015-02-01,1934,15
Colorado,2015-02-01,1710,10
Ohio,2015-02-01,1461,23
Pennsylvania,2015-02-01,1104,18
North Dakota,2015-02-01,1084,10
Wyoming,2015-02-01,719,53
New Mexico,2015-02-01,462,112
Utah,2015-02-01,413,0
Kansas,2015-02-01,264,8
Montana,2015-02-01,217,5
Michigan,2015-02-01,212,0
California,2015-02-01,197,1
Arkansas,2015-02-01,147,1
Texas,2015-01-01,8918,394
Oklahoma,2015-01-01,7404,112
Pennsylvania,2015-01-01,5079,1305
West Virginia,2015-01-01,3547,481
Mississippi,2015-01-01,3358,52
Louisiana,2015-01-01,2851,26
North Dakota,2015-01-01,2635,155
Ohio,2015-01-01,1891,60
Colorado,2015-01-01,1516,40
Kansas,2015-01-01,571,44
California,2015-01-01,553,0
Wyoming,2015-01-01,538,13
New Mexico,2015-01-01,331,34
Arkansas,2015-01-01,292,2
Montana,2015-01-01,230,14
Utah,2015-01-01,199,0
Michigan,2015-01-01,105,2
Nevada,2015-01-01,1,0
Texas,2014-12-01,6432,419
Oklahoma,2014-12-01,6367,95
Louisiana,2014-12-01,4054,94
West Virginia,2014-12-01,3874,321
Colorado,2014-12-01,2650,79
Pennsylvania,2014-12-01,2600,255
Mississippi,2014-12-01,2015,3
Ohio,2014-12-01,1515,16
North Dakota,2014-12-01,820,14
Kansas,2014-12-01,762,53
Wyoming,2014-12-01,442,23
Arkansas,2014-12-01,257,0
California,2014-12-01,188,7
Utah,2014-12-01,174,0
New Mexico,2014-12-01,101,2
Montana,2014-12-01,37,0
Michigan,2014-12-01,6,0
Texas,2014-11-01,8294,676
Ohio,2014-11-01,4553,158
Oklahoma,2014-11-01,4478,136
West Virginia,2014-11-01,1942,93
Pennsylvania,2014-11-01,1910,921
North Dakota,2014-11-01,1423,75
Colorado,2014-11-01,985,15
Louisiana,2014-11-01,698,0
New Mexico,2014-11-01,670,23
Wyoming,2014-11-01,427,10
Arkansas,2014-11-01,404,0
Mississippi,2014-11-01,343,0
Montana,2014-11-01,183,4
Kansas,2014-11-01,172,15
Utah,2014-11-01,157,0
California,2014-11-01,26,0
Michigan,2014-11-01,14,0
Texas,2014-10-01,13047,767
Oklahoma,2014-10-01,5880,203
Mississippi,2014-10-01,2217,16
Louisiana,2014-10-01,1784,11
Pennsylvania,2014-10-01,1634,75
West Virginia,2014-10-01,1556,160
Wyoming,2014-10-01,698,42
Colorado,2014-10-01,673,6
Kansas,2014-10-01,664,51
Arkansas,2014-10-01,476,1
Ohio,2014-10-01,288,3
North Dakota,2014-10-01,233,25
Montana,2014-10-01,158,6
Utah,2014-10-01,65,0
Michigan,2014-10-01,52,0
California,2014-10-01,16,0
New Mexico,2014-10-01,6,0
Nevada,2014-10-01,6,2
Texas,2014-09-01,9737,466
North Dakota,2014-09-01,9077,60
Oklahoma,2014-09-01,8438,211
Pennsylvania,2014-09-01,3904,1032
Louisiana,2014-09-01,2648,7
West Virginia,2014-09-01,2117,47
Colorado,2014-09-01,1526,24
Kansas,2014-09-01,984,77
Mississippi,2014-09-01,956,4
Ohio,2014-09-01,619,30
Wyoming,2014-09-01,573,93
Arkansas,2014-09-01,328,0
Montana,2014-09-01,324,1
New Mexico,2014-09-01,323,31
Michigan,2014-09-01,153,0
Utah,2014-09-01,124,4
California,2014-09-01,95,0
South Dakota,2014-09-01,4,0
North Dakota,2014-08-01,25229,16
Texas,2014-08-01,12402,1116
Oklahoma,2014-08-01,8479,124
Pennsylvania,2014-08-01,2998,54
Louisiana,2014-08-01,2731,12
Colorado,2014-08-01,2150,59
Ohio,2014-08-01,2012,219
West Virginia,2014-08-01,1434,136
Mississippi,2014-08-01,1293,2
Arkansas,2014-08-01,885,1
Kansas,2014-08-01,845,70
Wyoming,2014-08-01,628,11
California,2014-08-01,459,10
New Mexico,2014-08-01,453,21
Montana,2014-08-01,328,34
Utah,2014-08-01,271,3
Michigan,2014-08-01,76,0
Nevada,2014-08-01,74,0
North Dakota,2014-07-01,24304,8
Texas,2014-07-01,10239,661
Oklahoma,2014-07-01,5874,105
Louisiana,2014-07-01,3576,20
Pennsylvania,2014-07-01,3266,447
Ohio,2014-07-01,2518,30
West Virginia,2014-07-01,1400,209
Kansas,2014-07-01,886,35
Mississippi,2014-07-01,803,3
Arkansas,2014-07-01,783,1
Colorado,2014-07-01,549,12
Wyoming,2014-07-01,531,35
New Mexico,2014-07-01,520,12
Montana,2014-07-01,498,6
Utah,2014-07-01,262,19
Michigan,2014-07-01,171,29
South Dakota,2014-07-01,62,0
California,2014-07-01,5,0
North Dakota,2014-06-01,25479,5
Texas,2014-06-01,7287,373
Oklahoma,2014-06-01,6684,106
West Virginia,2014-06-01,2748,29
Ohio,2014-06-01,1851,21
Louisiana,2014-06-01,1843,12
Pennsylvania,2014-06-01,1523,30
Colorado,2014-06-01,1235,10
Mississippi,2014-06-01,961,1
Kansas,2014-06-01,791,16
Arkansas,2014-06-01,585,0
Montana,2014-06-01,380,7
Wyoming,2014-06-01,364,5
California,2014-06-01,351,8
Utah,2014-06-01,345,1
New Mexico,2014-06-01,268,8
Michigan,2014-06-01,110,0
South Dakota,2014-06-01,24,0
Texas,2014-05-01,6886,443
Oklahoma,2014-05-01,4739,60
North Dakota,2014-05-01,3672,0
Louisiana,2014-05-01,3425,42
Pennsylvania,2014-05-01,2926,188
Ohio,2014-05-01,2522,38
West Virginia,2014-05-01,2458,87
Colorado,2014-05-01,1158,10
Mississippi,2014-05-01,1127,3
Kansas,2014-05-01,1120,17
Arkansas,2014-05-01,557,0
Wyoming,2014-05-01,510,12
Utah,2014-05-01,372,0
Montana,2014-05-01,262,22
New Mexico,2014-05-01,75,1
Michigan,2014-05-01,27,0
Texas,2014-04-01,9182,395
Kansas,2014-04-01,8798,95
Oklahoma,2014-04-01,7327,109
Ohio,2014-04-01,3799,67
Pennsylvania,2014-04-01,2404,161
West Virginia,2014-04-01,2360,116
North Dakota,2014-04-01,1771,0
Colorado,2014-04-01,1383,1
Mississippi,2014-04-01,1227,0
Louisiana,2014-04-01,1116,2
Montana,2014-04-01,751,25
New Mexico,2014-04-01,724,10
Arkansas,2014-04-01,704,2
Wyoming,2014-04-01,381,111
Utah,2014-04-01,276,1
California,2014-04-01,267,9
Michigan,2014-04-01,107,1
Texas,2014-03-01,9516,479
Oklahoma,2014-03-01,9253,99
Pennsylvania,2014-03-01,3805,360
Ohio,2014-03-01,3772,106
West Virginia,2014-03-01,3728,71
Louisiana,2014-03-01,2751,36
Kansas,2014-03-01,1253,2
Colorado,2014-03-01,1094,1
Wyoming,2014-03-01,949,11
Mississippi,2014-03-01,897,0
Utah,2014-03-01,866,8
North Dakota,2014-03-01,864,0
Montana,2014-03-01,659,9
Arkansas,2014-03-01,298,2
New Mexico,2014-03-01,149,1
California,2014-03-01,129,0
Michigan,2014-03-01,26,3
Texas,2014-02-01,4616,156
Ohio,2014-02-01,2585,8
Oklahoma,2014-02-01,2498,51
West Virginia,2014-02-01,2130,73
Mississippi,2014-02-01,1236,2
Kansas,2014-02-01,1190,10
Colorado,2014-02-01,1104,5
Louisiana,2014-02-01,632,2
Arkansas,2014-02-01,530,1
Wyoming,2014-02-01,488,1
Pennsylvania,2014-02-01,399,49
California,2014-02-01,379,9
Michigan,2014-02-01,64,2
Utah,2014-02-01,62,0
North Dakota,2014-02-01,48,0
New Mexico,2014-02-01,36,0
Montana,2014-02-01,28,0
Texas,2014-01-01,9466,315
Oklahoma,2014-01-01,6932,131
West Virginia,2014-01-01,3773,278
Pennsylvania,2014-01-01,2950,694
Ohio,2014-01-01,2896,281
Mississippi,2014-01-01,2298,3
North Dakota,2014-01-01,1270,1
Louisiana,2014-01-01,1267,22
Kansas,2014-01-01,1064,26
Colorado,2014-01-01,1061,10
Montana,2014-01-01,835,12
Wyoming,2014-01-01,797,16
Arkansas,2014-01-01,464,0
Utah,2014-01-01,394,3
New Mexico,2014-01-01,262,2
Michigan,2014-01-01,192,2
California,2014-01-01,3,0
Texas,2013-12-01,7259,296
Oklahoma,2013-12-01,4002,62
West Virginia,2013-12-01,3961,15
Ohio,2013-12-01,3321,301
Pennsylvania,2013-12-01,1803,60
Louisiana,2013-12-01,1380,2
Colorado,2013-12-01,997,25
Arkansas,2013-12-01,593,2
Wyoming,2013-12-01,512,2
North Dakota,2013-12-01,500,0
California,2013-12-01,428,4
Utah,2013-12-01,380,4
New Mexico,2013-12-01,303,8
Michigan,2013-12-01,297,0
Montana,2013-12-01,233,4
Nevada,2013-12-01,174,0
Mississippi,2013-12-01,84,0
Kansas,2013-12-01,16,2
Texas,2013-11-01,9291,422
Ohio,2013-11-01,7070,547
West Virginia,2013-11-01,3948,55
Pennsylvania,2013-11-01,2465,73
Oklahoma,2013-11-01,1998,37
Louisiana,2013-11-01,1374,2
Colorado,2013-11-01,1258,11
North Dakota,2013-11-01,1069,1
Wyoming,2013-11-01,897,145
Mississippi,2013-11-01,595,0
Arkansas,2013-11-01,469,0
Kansas,2013-11-01,453,6
Utah,2013-11-01,362,0
Montana,2013-11-01,357,2
New Mexico,2013-11-01,349,3
Michigan,2013-11-01,132,8
California,2013-11-01,82,0
South Dakota,2013-11-01,77,0
Texas,2013-10-01,10212,318
Ohio,2013-10-01,7737,376
Oklahoma,2013-10-01,7652,90
West Virginia,2013-10-01,4918,60
Louisiana,2013-10-01,4053,8
Mississippi,2013-10-01,1786,2
Colorado,2013-10-01,1700,47
North Dakota,2013-10-01,1551,0
Kansas,2013-10-01,1381,25
Pennsylvania,2013-10-01,863,35
Arkansas,2013-10-01,477,2
Wyoming,2013-10-01,380,13
Montana,2013-10-01,369,8
Michigan,2013-10-01,294,0
Utah,2013-10-01,292,0
New Mexico,2013-10-01,271,7
California,2013-10-01,270,1
Texas,2013-09-01,8637,417
Ohio,2013-09-01,6898,1250
West Virginia,2013-09-01,5516,139
Oklahoma,2013-09-01,4623,61
Louisiana,2013-09-01,1892,0
Colorado,2013-09-01,1333,25
Kansas,2013-09-01,1258,95
North Dakota,2013-09-01,1164,0
Pennsylvania,2013-09-01,1061,38
Michigan,2013-09-01,714,8
Arkansas,2013-09-01,550,0
California,2013-09-01,463,37
Montana,2013-09-01,336,13
Wyoming,2013-09-01,309,14
Mississippi,2013-09-01,257,1
New Mexico,2013-09-01,238,2
Utah,2013-09-01,168,2
Texas,2013-08-01,11400,755
West Virginia,2013-08-01,7648,89
Ohio,2013-08-01,6816,293
Oklahoma,2013-08-01,5522,119
Louisiana,2013-08-01,4009,7
North Dakota,2013-08-01,2670,0
Pennsylvania,2013-08-01,2121,153
Colorado,2013-08-01,1812,35
Mississippi,2013-08-01,1573,16
Wyoming,2013-08-01,709,119
Arkansas,2013-08-01,556,3
Kansas,2013-08-01,543,16
Montana,2013-08-01,312,9
Michigan,2013-08-01,207,1
New Mexico,2013-08-01,120,0
Utah,2013-08-01,70,0
California,2013-08-01,24,0
Ohio,2013-07-01,16298,1071
Texas,2013-07-01,12678,669
Oklahoma,2013-07-01,5460,119
Louisiana,2013-07-01,3907,5
Mississippi,2013-07-01,3159,6
West Virginia,2013-07-01,3091,37
Colorado,2013-07-01,1910,33
Pennsylvania,2013-07-01,1554,23
Montana,2013-07-01,846,21
Arkansas,2013-07-01,688,3
Michigan,2013-07-01,545,3
California,2013-07-01,429,2
Wyoming,2013-07-01,378,2
North Dakota,2013-07-01,303,0
New Mexico,2013-07-01,204,4
Kansas,2013-07-01,192,12
Utah,2013-07-01,105,0
South Dakota,2013-07-01,60,0
Ohio,2013-06-01,106039,11312
Texas,2013-06-01,9306,437
Oklahoma,2013-06-01,4297,75
West Virginia,2013-06-01,3772,118
Kansas,2013-06-01,3081,82
Louisiana,2013-06-01,962,5
Montana,2013-06-01,713,7
Pennsylvania,2013-06-01,579,6
North Dakota,2013-06-01,561,0
Michigan,2013-06-01,538,5
Mississippi,2013-06-01,525,0
Arkansas,2013-06-01,521,3
Colorado,2013-06-01,472,16
Nevada,2013-06-01,299,94
New Mexico,2013-06-01,267,12
Wyoming,2013-06-01,231,9
Utah,2013-06-01,170,5
Ohio,2013-05-01,48991,909
Texas,2013-05-01,5673,181
West Virginia,2013-05-01,5434,31
Oklahoma,2013-05-01,3228,49
Louisiana,2013-05-01,1990,7
California,2013-05-01,1880,71
North Dakota,2013-05-01,1199,0
Colorado,2013-05-01,1191,30
Mississippi,2013-05-01,1135,15
Wyoming,2013-05-01,676,100
Pennsylvania,2013-05-01,408,6
Montana,2013-05-01,380,45
New Mexico,2013-05-01,196,3
Arkansas,2013-05-01,136,4
Utah,2013-05-01,131,0
Kansas,2013-05-01,25,15
Michigan,2013-05-01,6,0
Texas,2013-04-01,11641,418
West Virginia,2013-04-01,5120,63
Oklahoma,2013-04-01,3315,104
Louisiana,2013-04-01,2215,2
Colorado,2013-04-01,1547,79
Montana,2013-04-01,1007,101
North Dakota,2013-04-01,964,0
Pennsylvania,2013-04-01,668,24
Arkansas,2013-04-01,545,1
Michigan,2013-04-01,467,0
Wyoming,2013-04-01,369,2
New Mexico,2013-04-01,283,6
Utah,2013-04-01,164,0
Mississippi,2013-04-01,150,0
Kansas,2013-04-01,90,13
California,2013-04-01,9,2
West Virginia,2013-03-01,20559,162
Texas,2013-03-01,6960,229
Colorado,2013-03-01,3436,109
Mississippi,2013-03-01,2931,44
Oklahoma,2013-03-01,2899,58
Montana,2013-03-01,1384,39
North Dakota,2013-03-01,723,0
Pennsylvania,2013-03-01,696,5
Wyoming,2013-03-01,403,16
Kansas,2013-03-01,402,22
Louisiana,2013-03-01,397,0
Arkansas,2013-03-01,323,1
Michigan,2013-03-01,206,0
New Mexico,2013-03-01,199,2
Utah,2013-03-01,78,0
California,2013-03-01,2,1
West Virginia,2013-02-01,105202,649
Texas,2013-02-01,18713,673
Oklahoma,2013-02-01,4049,63
Colorado,2013-02-01,3894,144
Montana,2013-02-01,3033,224
Louisiana,2013-02-01,2406,0
Pennsylvania,2013-02-01,1849,40
Kansas,2013-02-01,1744,48
Mississippi,2013-02-01,1541,13
Wyoming,2013-02-01,777,21
Michigan,2013-02-01,771,1
Arkansas,2013-02-01,428,0
New Mexico,2013-02-01,266,11
Utah,2013-02-01,240,12
California,2013-02-01,133,9
North Dakota,2013-02-01,67,0
Texas,2013-01-01,9419,181
Kansas,2013-01-01,3063,111
Oklahoma,2013-01-01,2544,24
Louisiana,2013-01-01,2347,0
Montana,2013-01-01,1761,21
Pennsylvania,2013-01-01,702,1
Wyoming,2013-01-01,572,57
Colorado,2013-01-01,378,1
Arkansas,2013-01-01,363,0
Michigan,2013-01-01,253,0
Utah,2013-01-01,214,0
New Mexico,2013-01-01,172,1
California,2013-01-01,91,2
Mississippi,2013-01-01,49,1
North Dakota,2013-01-01,44,0
Kansas,2012-12-01,7429,103
Texas,2012-12-01,4129,124
Oklahoma,2012-12-01,2752,31
Michigan,2012-12-01,1204,1
Louisiana,2012-12-01,1081,0
Mississippi,2012-12-01,864,1
Colorado,2012-12-01,734,14
Wyoming,2012-12-01,336,15
Arkansas,2012-12-01,260,0
Utah,2012-12-01,46,0
Montana,2012-12-01,38,0
California,2012-12-01,14,0
Pennsylvania,2012-12-01,6,0
Texas,2012-11-01,21020,631
Kansas,2012-11-01,12632,168
Oklahoma,2012-11-01,2943,47
Michigan,2012-11-01,1884,5
Louisiana,2012-11-01,1864,1
California,2012-11-01,1844,25
Montana,2012-11-01,1722,35
Pennsylvania,2012-11-01,1495,11
Colorado,2012-11-01,1353,19
Arkansas,2012-11-01,670,1
Mississippi,2012-11-01,526,0
Wyoming,2012-11-01,179,4
New Mexico,2012-11-01,138,5
North Dakota,2012-11-01,97,0
South Dakota,2012-11-01,13,0
Texas,2012-10-01,8862,196
Oklahoma,2012-10-01,4877,47
Kansas,2012-10-01,3762,67
Louisiana,2012-10-01,3177,2
Mississippi,2012-10-01,2766,2
Colorado,2012-10-01,2011,14
Montana,2012-10-01,1812,50
Pennsylvania,2012-10-01,1779,28
Michigan,2012-10-01,1719,0
Wyoming,2012-10-01,597,13
Arkansas,2012-10-01,386,0
New Mexico,2012-10-01,170,8
California,2012-10-01,118,0
Utah,2012-10-01,60,1
North Dakota,2012-10-01,54,0
Montana,2012-09-01,36158,152
Michigan,2012-09-01,30590,14
California,2012-09-01,21595,228
Kansas,2012-09-01,10398,112
Texas,2012-09-01,8923,178
Oklahoma,2012-09-01,7100,57
Colorado,2012-09-01,4860,34
Mississippi,2012-09-01,2080,0
Arkansas,2012-09-01,1630,2
Pennsylvania,2012-09-01,1464,15
Louisiana,2012-09-01,1447,0
Utah,2012-09-01,394,1
Wyoming,2012-09-01,387,2
North Dakota,2012-09-01,352,0
Nevada,2012-09-01,92,0
New Mexico,2012-09-01,52,0
Kansas,2012-08-01,42327,452
Oklahoma,2012-08-01,12857,59
Texas,2012-08-01,11468,256
Montana,2012-08-01,4922,7
Mississippi,2012-08-01,2439,0
Louisiana,2012-08-01,2142,0
Colorado,2012-08-01,1092,47
Pennsylvania,2012-08-01,916,52
Arkansas,2012-08-01,715,0
Wyoming,2012-08-01,634,152
New Mexico,2012-08-01,462,4
Utah,2012-08-01,199,1
South Dakota,2012-08-01,169,1
North Dakota,2012-08-01,139,0
Kansas,2012-07-01,38931,574
Texas,2012-07-01,11658,347
Oklahoma,2012-07-01,8142,36
Colorado,2012-07-01,7117,129
Montana,2012-07-01,6059,131
Mississippi,2012-07-01,2007,1
Louisiana,2012-07-01,1688,0
Pennsylvania,2012-07-01,1154,9
North Dakota,2012-07-01,101,0
New Mexico,2012-07-01,70,0
Wyoming,2012-07-01,53,1
Arkansas,2012-07-01,42,0
Utah,2012-07-01,7,0
Montana,2012-06-01,35466,697
Kansas,2012-06-01,11540,105
Texas,2012-06-01,9952,379
Oklahoma,2012-06-01,9290,36
Pennsylvania,2012-06-01,7599,129
Louisiana,2012-06-01,2810,0
Mississippi,2012-06-01,1820,3
Colorado,2012-06-01,1812,12
Arkansas,2012-06-01,1061,1
New Mexico,2012-06-01,129,1
North Dakota,2012-06-01,42,0
Wyoming,2012-06-01,37,0
Utah,2012-06-01,4,0
Montana,2012-05-01,21798,319
Pennsylvania,2012-05-01,13164,224
Texas,2012-05-01,6497,90
Oklahoma,2012-05-01,5206,38
Mississippi,2012-05-01,2902,5
Arkansas,2012-05-01,1524,13
Louisiana,2012-05-01,958,0
Wyoming,2012-05-01,842,4
Colorado,2012-05-01,519,7
New Mexico,2012-05-01,461,2
South Dakota,2012-05-01,1,0
Pennsylvania,2012-04-01,25201,315
Oklahoma,2012-04-01,7262,42
Texas,2012-04-01,5584,126
Colorado,2012-04-01,4533,26
Louisiana,2012-04-01,2929,0
Mississippi,2012-04-01,1094,9
Wyoming,2012-04-01,825,173
Arkansas,2012-04-01,459,6
North Dakota,2012-04-01,185,0
Utah,2012-04-01,152,1
Nevada,2012-04-01,134,0
New Mexico,2012-04-01,79,0
California,2012-04-01,3,0
Texas,2012-03-01,14149,182
Pennsylvania,2012-03-01,6796,22
Oklahoma,2012-03-01,5825,24
Colorado,2012-03-01,3842,40
Mississippi,2012-03-01,2447,9
Louisiana,2012-03-01,1669,0
Arkansas,2012-03-01,1385,14
Wyoming,2012-03-01,403,6
New Mexico,2012-03-01,353,1
Montana,2012-03-01,273,0
Utah,2012-03-01,167,0
North Dakota,2012-03-01,57,0
Texas,2012-02-01,14011,332
Pennsylvania,2012-02-01,9635,100
Oklahoma,2012-02-01,9158,30
Colorado,2012-02-01,4233,25
Louisiana,2012-02-01,3184,0
Arkansas,2012-02-01,1265,21
Wyoming,2012-02-01,1182,8
North Dakota,2012-02-01,1056,0
Mississippi,2012-02-01,975,0
New Mexico,2012-02-01,346,0
Utah,2012-02-01,141,3
Texas,2012-01-01,8475,115
Pennsylvania,2012-01-01,5629,36
Oklahoma,2012-01-01,5343,29
Colorado,2012-01-01,3395,15
Louisiana,2012-01-01,2069,0
Arkansas,2012-01-01,1483,79
North Dakota,2012-01-01,311,0
Wyoming,2012-01-01,297,2
Utah,2012-01-01,230,1
New Mexico,2012-01-01,165,16
Mississippi,2012-01-01,27,1
Texas,2011-12-01,7969,150
Oklahoma,2011-12-01,7955,43
Colorado,2011-12-01,4309,14
Louisiana,2011-12-01,2783,0
Arkansas,2011-12-01,2134,1
Wyoming,2011-12-01,959,2
Montana,2011-12-01,488,0
New Mexico,2011-12-01,425,5
Mississippi,2011-12-01,169,1
North Dakota,2011-12-01,47,0
California,2011-12-01,18,0
Utah,2011-12-01,12,0
Texas,2011-11-01,8414,398
Oklahoma,2011-11-01,8227,42
Mississippi,2011-11-01,3396,15
Louisiana,2011-11-01,2564,2
Colorado,2011-11-01,2100,8
Pennsylvania,2011-11-01,937,1
Wyoming,2011-11-01,725,156
Arkansas,2011-11-01,598,5
Utah,2011-11-01,232,0
North Dakota,2011-11-01,95,0
New Mexico,2011-11-01,35,0
Texas,2011-10-01,10504,528
Oklahoma,2011-10-01,6984,44
Arkansas,2011-10-01,5883,23
Louisiana,2011-10-01,4606,1
Mississippi,2011-10-01,3030,12
Colorado,2011-10-01,2636,10
Pennsylvania,2011-10-01,2575,10
North Dakota,2011-10-01,246,0
Wyoming,2011-10-01,239,1
Utah,2011-10-01,202,0
New Mexico,2011-10-01,202,14
Montana,2011-10-01,72,0
South Dakota,2011-10-01,2,0
Texas,2011-09-01,12334,330
Oklahoma,2011-09-01,6179,15
Colorado,2011-09-01,2674,29
Arkansas,2011-09-01,2547,11
Louisiana,2011-09-01,1536,0
Wyoming,2011-09-01,1133,8
Pennsylvania,2011-09-01,692,13
Mississippi,2011-09-01,643,1
Montana,2011-09-01,483,0
Nevada,2011-09-01,256,0
North Dakota,2011-09-01,102,0
New Mexico,2011-09-01,89,0
Utah,2011-09-01,27,1
California,2011-09-01,9,0
Oklahoma,2011-08-01,16558,55
Texas,2011-08-01,12051,187
Arkansas,2011-08-01,3823,12
Pennsylvania,2011-08-01,3036,135
Louisiana,2011-08-01,2978,0
Mississippi,2011-08-01,2040,38
Colorado,2011-08-01,1406,15
North Dakota,2011-08-01,849,1
Wyoming,2011-08-01,262,2
New Mexico,2011-08-01,147,0
Nevada,2011-08-01,114,0
South Dakota,2011-08-01,47,0
Utah,2011-08-01,14,0
Texas,2011-07-01,9752,248
Oklahoma,2011-07-01,8168,25
Louisiana,2011-07-01,3509,0
Colorado,2011-07-01,1391,9
Pennsylvania,2011-07-01,1253,13
Arkansas,2011-07-01,971,8
Mississippi,2011-07-01,697,5
New Mexico,2011-07-01,297,2
Utah,2011-07-01,194,2
Wyoming,2011-07-01,167,44
North Dakota,2011-07-01,133,0
Texas,2011-06-01,16207,807
Oklahoma,2011-06-01,7194,47
Pennsylvania,2011-06-01,5820,38
Louisiana,2011-06-01,3795,1
Mississippi,2011-06-01,3211,1
Wyoming,2011-06-01,2018,221
Colorado,2011-06-01,1725,17
North Dakota,2011-06-01,1017,0
Montana,2011-06-01,374,0
Utah,2011-06-01,369,4
New Mexico,2011-06-01,250,0
Arkansas,2011-06-01,78,0
California,2011-06-01,7,0
Pennsylvania,2011-05-01,11791,177
Texas,2011-05-01,9983,169
Oklahoma,2011-05-01,4149,24
Louisiana,2011-05-01,2973,0
Colorado,2011-05-01,1730,44
Wyoming,2011-05-01,960,21
North Dakota,2011-05-01,346,0
New Mexico,2011-05-01,211,0
Utah,2011-05-01,130,0
Arkansas,2011-05-01,46,0
Mississippi,2011-05-01,1,0
Texas,2011-04-01,9433,274
Oklahoma,2011-04-01,8046,47
Louisiana,2011-04-01,2640,0
Colorado,2011-04-01,1924,33
Pennsylvania,2011-04-01,1519,41
Mississippi,2011-04-01,479,0
Wyoming,2011-04-01,478,7
Utah,2011-04-01,225,3
New Mexico,2011-04-01,187,0
North Dakota,2011-04-01,153,0
Arkansas,2011-04-01,17,0
Pennsylvania,2011-03-01,12292,409
Texas,2011-03-01,10831,431
Oklahoma,2011-03-01,8162,57
Colorado,2011-03-01,4896,55
Louisiana,2011-03-01,3770,0
Montana,2011-03-01,995,0
Wyoming,2011-03-01,606,6
North Dakota,2011-03-01,363,0
New Mexico,2011-03-01,347,11
Utah,2011-03-01,274,1
Arkansas,2011-03-01,173,0
Mississippi,2011-03-01,20,0
California,2011-03-01,13,0
Texas,2011-02-01,10483,269
Oklahoma,2011-02-01,6543,108
North Dakota,2011-02-01,3902,2
Pennsylvania,2011-02-01,3384,58
Louisiana,2011-02-01,3132,0
Wyoming,2011-02-01,632,5
Colorado,2011-02-01,530,4
Mississippi,2011-02-01,218,0
Arkansas,2011-02-01,194,0
Montana,2011-02-01,134,0
New Mexico,2011-02-01,119,0
South Dakota,2011-02-01,1,0
Texas,2011-01-01,13572,409
Oklahoma,2011-01-01,11290,72
North Dakota,2011-01-01,7890,6
Pennsylvania,2011-01-01,5542,516
Louisiana,2011-01-01,3382,1
Colorado,2011-01-01,2331,15
Wyoming,2011-01-01,1414,25
New Mexico,2011-01-01,382,1
Mississippi,2011-01-01,207,0
Arkansas,2011-01-01,202,0
Nevada,2011-01-01,75,0
Montana,2011-01-01,51,0
California,2011-01-01,8,0
Oklahoma,2010-12-01,10040,13
Texas,2010-12-01,1101,5
Pennsylvania,2010-12-01,507,6
Louisiana,2010-12-01,356,0
Colorado,2010-12-01,243,0
Texas,2010-11-01,13416,343
Pennsylvania,2010-11-01,11394,260
Oklahoma,2010-11-01,4634,7
Louisiana,2010-11-01,2331,2
Colorado,2010-11-01,2089,0
North Dakota,2010-11-01,2012,1
Wyoming,2010-11-01,1016,164
New Mexico,2010-11-01,352,6
Arkansas,2010-11-01,216,0
Pennsylvania,2010-10-01,23172,106
Texas,2010-10-01,9443,296
Oklahoma,2010-10-01,7325,30
North Dakota,2010-10-01,4114,3
Louisiana,2010-10-01,1659,0
Colorado,2010-10-01,1073,1
Wyoming,2010-10-01,815,16
Mississippi,2010-10-01,545,0
New Mexico,2010-10-01,165,0
Arkansas,2010-10-01,93,0
Pennsylvania,2010-09-01,19018,51
Texas,2010-09-01,9647,234
Oklahoma,2010-09-01,4025,12
Louisiana,2010-09-01,2937,1
Colorado,2010-09-01,1866,23
Wyoming,2010-09-01,1794,4
North Dakota,2010-09-01,741,0
New Mexico,2010-09-01,296,0
Arkansas,2010-09-01,222,0
Montana,2010-09-01,139,0
California,2010-09-01,19,0
Texas,2010-08-01,13053,260
Pennsylvania,2010-08-01,12453,268
North Dakota,2010-08-01,4466,1
Oklahoma,2010-08-01,3566,9
Colorado,2010-08-01,3059,11
Wyoming,2010-08-01,2616,394
Louisiana,2010-08-01,1951,2
New Mexico,2010-08-01,539,2
Arkansas,2010-08-01,498,0
Nevada,2010-08-01,56,0
Utah,2010-08-01,54,1
Mississippi,2010-08-01,23,0
Pennsylvania,2010-07-01,14219,188
Texas,2010-07-01,13794,585
Wyoming,2010-07-01,8942,71
Oklahoma,2010-07-01,4803,15
Louisiana,2010-07-01,2486,0
North Dakota,2010-07-01,1899,1
Colorado,2010-07-01,1048,8
Mississippi,2010-07-01,377,0
New Mexico,2010-07-01,237,0
Arkansas,2010-07-01,159,0
Texas,2010-06-01,12284,163
Oklahoma,2010-06-01,6635,35
North Dakota,2010-06-01,3242,2
Louisiana,2010-06-01,2727,1
Colorado,2010-06-01,936,1
Wyoming,2010-06-01,595,408
New Mexico,2010-06-01,221,3
Montana,2010-06-01,105,1
Arkansas,2010-06-01,101,0
California,2010-06-01,3,0
Utah,2010-06-01,3,0
Texas,2010-05-01,17438,1056
Oklahoma,2010-05-01,4520,36
North Dakota,2010-05-01,2718,4
Louisiana,2010-05-01,2266,0
Colorado,2010-05-01,1212,1
Montana,2010-05-01,272,0
Arkansas,2010-05-01,243,0
Wyoming,2010-05-01,126,21
New Mexico,2010-05-01,86,0
Texas,2010-04-01,12964,1763
Oklahoma,2010-04-01,5111,17
North Dakota,2010-04-01,3484,0
Louisiana,2010-04-01,2809,1
Colorado,2010-04-01,1249,8
Wyoming,2010-04-01,428,0
Mississippi,2010-04-01,379,0
New Mexico,2010-04-01,162,5
Utah,2010-04-01,34,0
Arkansas,2010-04-01,16,0
Texas,2010-03-01,11754,116
North Dakota,2010-03-01,3726,0
Oklahoma,2010-03-01,3403,14
Louisiana,2010-03-01,2324,0
Colorado,2010-03-01,1630,6
Wyoming,2010-03-01,841,1
California,2010-03-01,569,0
New Mexico,2010-03-01,273,10
Arkansas,2010-03-01,208,0
Montana,2010-03-01,206,0
Utah,2010-03-01,3,0
North Dakota,2010-02-01,9103,2
Texas,2010-02-01,8018,357
Louisiana,2010-02-01,6518,6
Nevada,2010-02-01,1424,12
Oklahoma,2010-02-01,1182,11
Wyoming,2010-02-01,545,0
Colorado,2010-02-01,429,0
New Mexico,2010-02-01,126,1
Utah,2010-02-01,87,0
Arkansas,2010-02-01,11,0
Texas,2010-01-01,6332,84
Louisiana,2010-01-01,5499,3
North Dakota,2010-01-01,3188,0
Oklahoma,2010-01-01,2654,8
Mississippi,2010-01-01,417,0
Colorado,2010-01-01,377,1
Arkansas,2010-01-01,204,0
New Mexico,2010-01-01,191,27
Wyoming,2010-01-01,18,0
Texas,2009-12-01,3984,88
North Dakota,2009-12-01,2686,0
Louisiana,2009-12-01,2171,2
Oklahoma,2009-12-01,1880,10
Arkansas,2009-12-01,264,0
Colorado,2009-12-01,251,2
Wyoming,2009-12-01,120,120
New Mexico,2009-12-01,109,2
Utah,2009-12-01,7,0
Texas,2009-11-01,6851,85
Oklahoma,2009-11-01,6326,21
Louisiana,2009-11-01,3006,1
Utah,2009-11-01,1400,38
Arkansas,2009-11-01,880,17
North Dakota,2009-11-01,733,0
New Mexico,2009-11-01,281,6
Wyoming,2009-11-01,279,16
Colorado,2009-11-01,219,1
Mississippi,2009-11-01,144,0
Montana,2009-11-01,29,0
Oklahoma,2009-10-01,8633,20
Texas,2009-10-01,6284,208
Arkansas,2009-10-01,1620,30
North Dakota,2009-10-01,1435,0
Colorado,2009-10-01,493,2
Louisiana,2009-10-01,431,1
Wyoming,2009-10-01,341,280
Mississippi,2009-10-01,299,1
Montana,2009-10-01,181,0
New Mexico,2009-10-01,168,1
Utah,2009-10-01,133,10
Texas,2009-09-01,10107,96
Oklahoma,2009-09-01,7488,59
Louisiana,2009-09-01,7156,1
North Dakota,2009-09-01,1256,0
Arkansas,2009-09-01,617,0
Colorado,2009-09-01,305,6
New Mexico,2009-09-01,202,0
Mississippi,2009-09-01,24,0
Texas,2009-08-01,13200,92
Oklahoma,2009-08-01,5343,21
Colorado,2009-08-01,2578,10
Arkansas,2009-08-01,2335,10
North Dakota,2009-08-01,1607,0
Louisiana,2009-08-01,1595,0
Wyoming,2009-08-01,1154,3
New Mexico,2009-08-01,226,1
Montana,2009-08-01,97,0
Utah,2009-08-01,83,0
Texas,2009-07-01,9871,37
Oklahoma,2009-07-01,5526,68
Arkansas,2009-07-01,5282,24
North Dakota,2009-07-01,4924,1
Louisiana,2009-07-01,1998,1
Mississippi,2009-07-01,1078,0
Colorado,2009-07-01,600,0
New Mexico,2009-07-01,267,0
Wyoming,2009-07-01,184,0
North Dakota,2009-06-01,6371,1
Arkansas,2009-06-01,5950,345
Texas,2009-06-01,4294,28
Oklahoma,2009-06-01,4157,35
Colorado,2009-06-01,2384,19
Louisiana,2009-06-01,2084,1
Wyoming,2009-06-01,1926,358
New Mexico,2009-06-01,673,3
Montana,2009-06-01,208,0
Utah,2009-06-01,94,0
Texas,2009-05-01,15839,55
Oklahoma,2009-05-01,11353,211
Arkansas,2009-05-01,6856,146
Louisiana,2009-05-01,4348,0
Colorado,2009-05-01,4152,32
North Dakota,2009-05-01,2355,0
Mississippi,2009-05-01,177,0
New Mexico,2009-05-01,74,0
Wyoming,2009-05-01,32,0
North Dakota,2009-04-01,32373,13
Texas,2009-04-01,20337,163
Louisiana,2009-04-01,6109,0
Arkansas,2009-04-01,5892,27
Colorado,2009-04-01,2102,144
Oklahoma,2009-04-01,1868,100
Mississippi,2009-04-01,1760,1
Wyoming,2009-04-01,776,331
New Mexico,2009-04-01,250,0
Montana,2009-04-01,117,0
North Dakota,2009-03-01,60700,27
Oklahoma,2009-03-01,19897,4431
Texas,2009-03-01,16825,161
Louisiana,2009-03-01,5490,0
Arkansas,2009-03-01,4976,2
Colorado,2009-03-01,740,6
Utah,2009-03-01,558,0
New Mexico,2009-03-01,392,114
Mississippi,2009-03-01,189,0
Wyoming,2009-03-01,151,22
North Dakota,2009-02-01,47400,18
Oklahoma,2009-02-01,23875,4390
Texas,2009-02-01,17746,126
Louisiana,2009-02-01,5787,0
Arkansas,2009-02-01,2511,0
Mississippi,2009-02-01,1826,0
Colorado,2009-02-01,1477,19
New Mexico,2009-02-01,1457,22
Wyoming,2009-02-01,874,397
Montana,2009-02-01,69,0
North Dakota,2009-01-01,38338,7
Oklahoma,2009-01-01,12013,864
Texas,2009-01-01,9164,49
Louisiana,2009-01-01,3936,0
Wyoming,2009-01-01,2187,1673
Arkansas,2009-01-01,1440,4
Colorado,2009-01-01,1277,5
Mississippi,2009-01-01,764,1
New Mexico,2009-01-01,527,0
Montana,2009-01-01,166,2
Texas,2008-12-01,47309,151
Oklahoma,2008-12-01,7620,627
Louisiana,2008-12-01,6866,0
Colorado,2008-12-01,2629,0
New Mexico,2008-12-01,1695,6
Arkansas,2008-12-01,1231,4
Mississippi,2008-12-01,804,5
Wyoming,2008-12-01,348,335
Montana,2008-12-01,23,0
North Dakota,2008-12-01,17,0
Texas,2008-11-01,88798,71
Oklahoma,2008-11-01,3322,43
Louisiana,2008-11-01,2171,0
Arkansas,2008-11-01,1458,2
Mississippi,2008-11-01,409,0
New Mexico,2008-11-01,36,0
Colorado,2008-11-01,6,0
Texas,2008-10-01,17948,111
Oklahoma,2008-10-01,5722,34
Mississippi,2008-10-01,1712,48
Arkansas,2008-10-01,1299,7
Louisiana,2008-10-01,1167,0
Colorado,2008-10-01,149,1
New Mexico,2008-10-01,62,3
Texas,2008-09-01,27291,96
Louisiana,2008-09-01,13793,1
Oklahoma,2008-09-01,8181,243
Arkansas,2008-09-01,1319,13
Mississippi,2008-09-01,569,1
Colorado,2008-09-01,123,0
New Mexico,2008-09-01,96,0
Texas,2008-08-01,12834,139
Oklahoma,2008-08-01,2720,704
Mississippi,2008-08-01,1286,7
Louisiana,2008-08-01,704,0
Arkansas,2008-08-01,205,2
New Mexico,2008-08-01,181,6
Colorado,2008-08-01,1,1
Texas,2008-07-01,21426,53
Louisiana,2008-07-01,4338,0
Oklahoma,2008-07-01,4290,714
Mississippi,2008-07-01,4078,33
Arkansas,2008-07-01,1465,17
New Mexico,2008-07-01,359,6
Colorado,2008-07-01,209,7
Texas,2008-06-01,17012,57
Oklahoma,2008-06-01,4375,1180
Louisiana,2008-06-01,3439,0
Arkansas,2008-06-01,1157,16
Mississippi,2008-06-01,826,29
Colorado,2008-06-01,440,23
New Mexico,2008-06-01,242,1
Wyoming,2008-06-01,95,13
Texas,2008-05-01,6442,77
Oklahoma,2008-05-01,3336,550
Louisiana,2008-05-01,3051,1
Arkansas,2008-05-01,779,14
Mississippi,2008-05-01,434,0
New Mexico,2008-05-01,242,5
Wyoming,2008-05-01,62,0
Colorado,2008-05-01,12,0
Texas,2008-04-01,13637,68
Oklahoma,2008-04-01,7956,2276
Louisiana,2008-04-01,4434,6
Mississippi,2008-04-01,2683,10
Arkansas,2008-04-01,2272,9
Wyoming,2008-04-01,1460,648
Montana,2008-04-01,1401,134
Colorado,2008-04-01,773,92
New Mexico,2008-04-01,600,46
Utah,2008-04-01,273,33
North Dakota,2008-04-01,68,48
Texas,2008-03-01,2829,48
Louisiana,2008-03-01,1776,14
Oklahoma,2008-03-01,505,99
Arkansas,2008-03-01,299,5
New Mexico,2008-03-01,3,0
Texas,2008-02-01,4987,29
Oklahoma,2008-02-01,3280,864
Louisiana,2008-02-01,1064,0
Mississippi,2008-02-01,397,1
Colorado,2008-02-01,342,40
Arkansas,2008-02-01,289,1
New Mexico,2008-02-01,58,0
Texas,2008-01-01,11056,69
Oklahoma,2008-01-01,8507,2669
Arkansas,2008-01-01,3696,21
Mississippi,2008-01-01,1489,0
Louisiana,2008-01-01,1267,0
Wyoming,2008-01-01,1241,41
Colorado,2008-01-01,515,17
New Mexico,2008-01-01,509,11
Louisiana,2007-12-01,39172,1285
Texas,2007-12-01,4309,38
Oklahoma,2007-12-01,2426,752
Arkansas,2007-12-01,312,0
Colorado,2007-12-01,184,37
Mississippi,2007-12-01,38,0
Texas,2007-11-01,9140,51
Oklahoma,2007-11-01,6208,2219
Arkansas,2007-11-01,1226,4
Mississippi,2007-11-01,928,9
Louisiana,2007-11-01,831,1
New Mexico,2007-11-01,384,6
Wyoming,2007-11-01,165,10
Colorado,2007-11-01,117,22
Texas,2007-10-01,12065,32
Oklahoma,2007-10-01,3723,954
Mississippi,2007-10-01,854,3
Arkansas,2007-10-01,816,1
Louisiana,2007-10-01,483,0
New Mexico,2007-10-01,195,5
Colorado,2007-10-01,60,2
Texas,2007-09-01,15441,61
Oklahoma,2007-09-01,3867,1412
Mississippi,2007-09-01,2571,1
Arkansas,2007-09-01,1766,385
Louisiana,2007-09-01,949,0
New Mexico,2007-09-01,282,39
Colorado,2007-09-01,249,44
Wyoming,2007-09-01,164,26
Utah,2007-09-01,68,12
North Dakota,2007-09-01,28,11
Montana,2007-09-01,17,3
Texas,2007-08-01,26740,107
Mississippi,2007-08-01,7891,20
Oklahoma,2007-08-01,5002,1526
Louisiana,2007-08-01,2736,0
Arkansas,2007-08-01,1935,9
New Mexico,2007-08-01,501,7
Colorado,2007-08-01,190,41
Wyoming,2007-08-01,1,1
Texas,2007-07-01,42,0
Oklahoma,2007-07-01,2,0
Texas,1900-01-01,356043,3677
Oklahoma,1900-01-01,136530,29333
Louisiana,1900-01-01,61769,1209
Arkansas,1900-01-01,60302,648
Mississippi,1900-01-01,40873,207
Wyoming,1900-01-01,22815,3960
Colorado,1900-01-01,21002,3345
New Mexico,1900-01-01,17375,1130
Montana,1900-01-01,13118,2585
North Dakota,1900-01-01,9105,1359
Utah,1900-01-01,4255,668
South Dakota,1900-01-01,1151,607
