stateAbbreviation,candidate_leases,has_mapping_id,no_mapping_id,pct_dropped
Ohio,2026-07-01,1450,592,0,2026-07-18 20:13:21.643
Ohio,2026-06-01,2033,1001,0,2026-06-29 22:06:20.463
Ohio,2026-05-01,2259,989,0,2026-05-30 19:49:07.223
Ohio,2026-04-01,1777,800,0,2026-04-30 22:01:24.340
Ohio,2026-03-01,3957,1235,0,2026-03-31 22:00:14.440
Ohio,2026-02-01,751,378,0,2026-02-19 22:02:24.153
Ohio,2026-01-01,2010,770,0,2026-01-27 17:26:46.960
Ohio,2025-12-01,3847,1309,0,2025-12-29 17:29:51.987
Ohio,2025-11-01,1387,395,0,2025-11-26 17:06:24.493
Ohio,2025-10-01,2683,1150,0,2025-10-31 22:12:44.043
Ohio,2025-09-01,1932,855,0,2025-09-30 22:07:32.717
Ohio,2025-08-01,962,371,13,2025-08-27 22:07:05.197
Ohio,2025-07-01,2974,1233,75,2025-07-30 22:01:19.223
Ohio,2025-06-01,1458,539,71,2025-06-29 01:02:39.377
Ohio,2025-05-01,3522,913,142,2025-05-30 22:06:08.253
Ohio,2025-04-01,2331,951,26,2025-04-30 22:06:33.020
Ohio,2025-03-01,2486,985,80,2025-03-31 23:02:17.593
Ohio,2025-02-01,837,391,33,2025-02-28 11:01:30.460
Ohio,2025-01-01,3318,1319,34,2025-01-30 22:06:57.910
Ohio,2024-12-01,1665,489,16,2024-12-17 22:02:48.070
Ohio,2024-11-01,3130,1262,56,2024-11-29 22:02:05.700
Ohio,2024-10-01,2582,995,34,2024-10-29 03:06:00.273
Ohio,2024-09-01,1198,482,28,2024-09-30 22:05:17.547
Ohio,2024-08-01,2304,968,68,2024-08-30 00:04:19.230
Ohio,2024-07-01,3525,1375,43,2024-07-31 22:06:37.020
Ohio,2024-06-01,1159,508,11,2024-06-27 23:05:40.853
Ohio,2024-05-01,2682,892,79,2024-05-29 23:03:59.860
Ohio,2024-04-01,2492,999,55,2024-04-30 23:04:40.790
Ohio,2024-03-01,2224,981,30,2024-03-28 23:03:54.770
Ohio,2024-02-01,2012,713,55,2024-02-28 22:05:55.357
Ohio,2024-01-01,1728,704,34,2024-01-30 10:33:14.127
Ohio,2023-12-01,2102,566,61,2023-12-28 22:03:06.900
Ohio,2023-11-01,3655,1218,100,2023-11-28 23:05:47.947
Ohio,2023-10-01,1198,417,118,2023-10-31 12:37:21.760
Ohio,2023-09-01,1682,608,42,2023-09-27 03:03:17.307
Ohio,2023-08-01,2515,680,43,2023-08-31 12:02:42.050
Ohio,2023-07-01,4121,1591,152,2023-07-31 01:21:00.153
Ohio,2023-06-01,789,152,118,2023-06-16 12:01:47.663
Ohio,2023-05-01,1302,508,44,2023-05-31 21:06:59.040
Ohio,2023-04-01,1047,427,73,2023-04-29 22:06:43.233
Ohio,2023-03-01,1371,571,122,2023-03-30 12:01:39.807
Ohio,2023-02-01,1001,388,10,2023-02-28 23:04:07.220
Ohio,2023-01-01,1303,576,41,2023-01-31 20:05:40.487
Ohio,2022-12-01,333,130,8,2022-12-21 23:02:07.170
Ohio,2022-11-01,1590,670,91,2022-11-29 23:01:40.300
Ohio,2022-10-01,2055,602,81,2022-10-31 00:05:02.223
Ohio,2022-09-01,3866,774,126,2022-09-30 22:06:00.520
Ohio,2022-08-01,3922,621,37,2022-08-11 03:03:06.993
Ohio,2022-07-01,1,1,1,2022-07-11 20:39:42.707
Ohio,2022-06-01,1608,539,113,2022-06-22 01:02:11.290
Ohio,2022-04-01,480,148,27,2022-04-26 21:06:12.200
Ohio,2022-03-01,8549,1632,571,2022-03-25 03:02:15.567
Ohio,2022-02-01,8857,1050,715,2022-02-28 02:15:00.763
Ohio,2021-11-01,368,48,50,2021-11-23 21:02:06.470
Ohio,2021-10-01,585,88,62,2021-10-14 03:28:05.983
Ohio,2021-09-01,790,237,9,2021-09-14 04:06:06.437
Ohio,2021-08-01,1625,289,172,2021-08-31 03:17:13.937
Ohio,2021-07-01,597,102,32,2021-07-20 21:10:29.667
Ohio,2021-06-01,1320,420,64,2021-06-22 03:04:55.020
Ohio,2021-05-01,4758,1245,257,2021-05-26 21:13:39.670
Ohio,2021-04-01,419,92,24,2021-04-28 03:05:43.903
Ohio,2021-03-01,28,15,0,2021-03-23 21:04:50.737
Ohio,2021-02-01,754,170,55,2021-02-23 03:09:25.520
Ohio,2021-01-01,39,15,1,2021-01-27 12:37:05.717
Ohio,2020-12-01,2161,352,312,2020-12-30 02:06:28.787
Ohio,2020-11-01,1115,197,79,2020-11-30 22:03:51.917
Ohio,2020-10-01,1262,365,163,2020-10-29 23:13:36.037
Ohio,2020-09-01,1284,254,34,2020-09-29 00:05:46.047
Ohio,2020-08-01,1244,285,93,2020-08-31 21:05:45.857
Ohio,2020-07-01,1675,553,106,2020-07-24 04:01:39.450
Ohio,2020-06-01,1172,322,60,2020-06-30 22:06:13.200
Ohio,2020-05-01,1726,391,508,2020-05-28 23:02:51.060
Ohio,2020-04-01,1076,324,97,2020-04-29 23:06:32.937
Ohio,2020-03-01,2074,931,59,2020-03-31 21:04:46.367
Ohio,2020-02-01,935,394,131,2020-02-27 02:02:56.350
Ohio,2020-01-01,1609,550,64,2020-01-31 02:03:15.630
Ohio,2019-12-01,2125,774,84,2019-12-17 22:53:52.923
Ohio,2019-11-01,2585,468,316,2019-11-25 20:04:43.240
Ohio,2019-10-01,3782,1141,34,2019-10-28 03:04:43.020
Ohio,2019-09-01,1939,574,157,2019-09-23 03:04:55.883
Ohio,2019-08-01,3380,1164,100,2019-08-31 01:30:22.323
Ohio,2019-07-01,1220,241,98,2019-07-18 03:30:01.393
Ohio,2019-06-01,2763,771,223,2019-06-26 01:27:21.560
Ohio,2019-05-01,2607,832,182,2019-05-29 02:28:47.727
Ohio,2019-04-01,3130,804,427,2019-04-30 03:27:28.090
Ohio,2019-03-01,3404,1136,490,2019-03-29 22:01:06.737
Ohio,2019-02-01,3565,870,218,2019-02-28 22:00:41.530
Ohio,2019-01-01,2196,774,202,2019-01-30 22:00:25.150
Ohio,2018-12-01,2927,1048,261,2018-12-31 02:28:15.097
Ohio,2018-11-01,3753,1044,63,2018-11-24 01:26:23.507
Ohio,2018-10-01,915,357,158,2018-10-28 22:04:40.923
Ohio,2018-09-01,3442,1125,354,2018-09-27 22:00:12.533
Ohio,2018-08-01,2875,957,199,2018-08-31 22:06:09.827
Ohio,2018-07-01,3018,1106,208,2018-07-31 22:07:22.107
Ohio,2018-06-01,3111,902,360,2018-06-30 02:28:54.613
Ohio,2018-05-01,2863,821,266,2018-05-28 02:27:23.570
Ohio,2018-04-01,15,12,0,2018-04-30 22:01:02.330
Ohio,2017-12-01,10,7,6,2017-12-01 08:03:51.297
Ohio,2017-11-01,2812,982,60,2017-11-30 08:20:06.607
Ohio,2017-10-01,2140,992,120,2017-10-28 22:00:04.453
Ohio,2017-09-01,3064,1311,281,2017-09-27 22:01:12.233
Ohio,2017-08-01,2386,908,164,2017-08-30 22:01:03.283
Ohio,2017-07-01,1485,617,194,2017-07-28 22:05:17.560
Ohio,2017-06-01,3261,1360,682,2017-06-30 22:04:19.373
Ohio,2017-05-01,2298,921,522,2017-05-31 22:03:14.153
Ohio,2017-04-01,1972,724,297,2017-04-28 22:02:45.703
Ohio,2017-03-01,2510,800,287,2017-03-30 23:02:36.317
Ohio,2017-02-01,1069,481,127,2017-02-27 23:02:24.207
Ohio,2017-01-01,2203,943,496,2017-01-31 23:01:40.347
Ohio,2016-12-01,884,396,355,2016-12-28 23:00:47.747
Ohio,2016-11-01,1190,575,252,2016-11-30 23:05:46.280
Ohio,2016-10-01,931,466,367,2016-10-19 23:07:43.903
Ohio,2016-09-01,773,368,139,2016-09-30 23:02:14.493
Ohio,2016-08-01,250,108,141,2016-08-30 10:48:55.320
Ohio,2016-07-01,1491,666,413,2016-07-29 23:10:05.753
Ohio,2016-06-01,824,375,160,2016-06-22 23:02:53.580
Ohio,2016-05-01,505,222,97,2016-05-19 23:01:17.363
Ohio,2016-04-01,420,150,195,2016-04-30 23:03:07.510
Ohio,2016-03-01,1406,371,163,2016-03-31 23:06:09.537
Ohio,2016-02-01,1090,455,392,2016-02-29 10:42:49.717
Ohio,2016-01-01,1183,620,592,2016-01-20 12:54:28.137
Ohio,2015-12-01,684,313,132,2015-12-17 23:00:51.300
Ohio,2015-11-01,90,47,18,2015-11-25 12:58:47.073
Ohio,2015-10-01,2759,1049,598,2015-10-29 23:09:06.187
Ohio,2015-09-01,1798,684,191,2015-09-24 23:03:05.243
Ohio,2015-08-01,306,25,270,2015-08-18 23:01:20.170
Ohio,2015-07-01,1009,413,313,2015-07-31 10:53:40.127
Ohio,2015-06-01,1059,473,120,2015-06-29 16:23:57.320
Ohio,2015-05-01,1097,548,167,2015-05-27 23:01:25.257
Ohio,2015-04-01,2565,1053,1054,2015-04-30 23:01:50.640
Ohio,2015-03-01,1769,797,37,2015-03-27 23:08:27.443
Ohio,2015-02-01,1461,746,23,2015-02-27 23:10:18.290
Ohio,2015-01-01,1891,926,60,2015-01-31 23:02:21.060
Ohio,2014-12-01,1515,696,16,2014-12-26 23:13:44.040
Ohio,2014-11-01,4553,2370,158,2014-11-20 23:17:56.050
Ohio,2014-10-01,288,137,3,2014-10-20 23:02:34.170
Ohio,2014-09-01,619,247,30,2014-09-30 23:00:45.847
Ohio,2014-08-01,2012,921,219,2014-08-30 23:12:37.107
Ohio,2014-07-01,2518,1137,30,2014-07-31 23:03:02.977
Ohio,2014-06-01,1851,855,21,2014-06-24 23:09:14.597
Ohio,2014-05-01,2522,996,38,2014-05-22 23:09:33.863
Ohio,2014-04-01,3799,1616,67,2014-04-18 23:00:40.897
Ohio,2014-03-01,3772,1921,106,2014-03-27 23:04:37.507
Ohio,2014-02-01,2585,1113,8,2014-02-28 23:02:44.147
Ohio,2014-01-01,2896,1839,281,2014-01-31 07:07:52.993
Ohio,2013-12-01,3321,1416,301,2013-12-31 23:02:30.183
Ohio,2013-11-01,7070,2964,547,2013-11-22 23:00:30.167
Ohio,2013-10-01,7737,2901,376,2013-10-30 23:04:25.427
Ohio,2013-09-01,6898,3285,1250,2013-09-30 23:04:18.740
Ohio,2013-08-01,6816,3490,293,2013-08-30 23:00:22.940
Ohio,2013-07-01,16298,8794,1071,2013-07-31 23:05:03.293
Ohio,2013-06-01,106039,62941,11312,2013-06-28 23:58:27.327
Ohio,2013-05-01,48991,24697,909,2013-05-31 23:06:23.317
Pennsylvania,2026-07-01,842,286,0,2026-07-18 20:13:15.303
Pennsylvania,2026-06-01,1459,786,0,2026-06-29 22:06:19.330
Pennsylvania,2026-05-01,1904,766,0,2026-05-30 19:49:07.607
Pennsylvania,2026-04-01,1282,689,1,2026-04-30 22:00:57.280
Pennsylvania,2026-03-01,2955,1607,0,2026-03-29 18:07:57.847
Pennsylvania,2026-02-01,380,209,0,2026-02-19 22:02:19.677
Pennsylvania,2026-01-01,1712,501,0,2026-01-21 22:02:31.207
Pennsylvania,2025-12-01,4041,1420,0,2025-12-29 17:29:36.217
Pennsylvania,2025-11-01,712,18,0,2025-11-25 09:50:53.320
Pennsylvania,2025-10-01,1795,839,0,2025-10-31 22:08:23.180
Pennsylvania,2025-09-01,1293,698,0,2025-09-30 22:07:31.433
Pennsylvania,2025-08-01,1467,592,0,2025-08-27 22:07:05.530
Pennsylvania,2025-07-01,2682,637,71,2025-07-29 22:06:22.183
Pennsylvania,2025-06-01,2004,668,32,2025-06-30 18:51:22.643
Pennsylvania,2025-05-01,3419,693,39,2025-05-29 23:05:02.330
Pennsylvania,2025-04-01,1250,596,28,2025-04-29 22:00:50.440
Pennsylvania,2025-03-01,1323,608,124,2025-03-31 22:01:11.390
Pennsylvania,2025-02-01,1503,700,129,2025-02-28 11:01:33.257
Pennsylvania,2025-01-01,3506,1178,138,2025-01-28 22:01:27.207
Pennsylvania,2024-12-01,243,15,0,2024-12-17 22:00:53.077
Pennsylvania,2024-11-01,2839,757,21,2024-11-29 22:02:06.950
Pennsylvania,2024-10-01,1958,783,55,2024-10-30 23:05:08.877
Pennsylvania,2024-09-01,3337,718,77,2024-09-30 22:01:08.757
Pennsylvania,2024-08-01,2713,755,43,2024-08-28 01:02:20.407
Pennsylvania,2024-07-01,1836,600,50,2024-07-30 22:00:57.027
Pennsylvania,2024-06-01,3293,859,29,2024-06-28 23:01:11.900
Pennsylvania,2024-05-01,1757,651,46,2024-05-29 22:06:33.033
Pennsylvania,2024-04-01,4709,922,260,2024-04-30 22:02:09.363
Pennsylvania,2024-03-01,1957,608,150,2024-03-26 22:07:17.823
Pennsylvania,2024-02-01,2362,657,104,2024-02-28 22:01:54.140
Pennsylvania,2024-01-01,1980,653,39,2024-01-29 22:03:56.320
Pennsylvania,2023-12-01,778,317,19,2023-12-27 08:09:32.813
Pennsylvania,2023-11-01,1296,738,51,2023-11-29 22:00:54.110
Pennsylvania,2023-10-01,1445,750,48,2023-10-31 12:37:26.577
Pennsylvania,2023-09-01,2008,717,164,2023-09-26 23:06:51.913
Pennsylvania,2023-08-01,2158,759,44,2023-08-30 03:03:21.267
Pennsylvania,2023-07-01,3019,1272,114,2023-07-29 21:05:41.827
Pennsylvania,2023-06-01,2130,486,38,2023-06-30 22:03:56.997
Pennsylvania,2023-05-01,659,372,11,2023-05-31 21:06:45.097
Pennsylvania,2023-04-01,2137,863,107,2023-04-29 22:06:40.577
Pennsylvania,2023-03-01,2025,681,57,2023-03-30 12:01:41.090
Pennsylvania,2023-02-01,1298,577,18,2023-02-28 00:06:05.197
Pennsylvania,2023-01-01,1963,579,39,2023-01-27 00:04:11.690
Pennsylvania,2022-12-01,1171,577,37,2022-12-22 02:02:23.050
Pennsylvania,2022-11-01,701,355,15,2022-11-29 02:03:56.530
Pennsylvania,2022-10-01,5991,1428,176,2022-10-31 22:24:10.183
Pennsylvania,2022-09-01,953,193,14,2022-09-30 22:06:00.230
Pennsylvania,2022-08-01,400,243,29,2022-08-08 22:04:31.483
Pennsylvania,2022-07-01,2248,749,66,2022-07-30 03:02:21.017
Pennsylvania,2022-06-01,307,249,37,2022-06-23 18:18:27.817
Pennsylvania,2022-04-01,146,92,6,2022-04-29 21:04:46.850
Pennsylvania,2022-03-01,755,313,20,2022-03-10 21:04:13.243
Pennsylvania,2022-02-01,5166,2223,239,2022-02-28 21:06:18.747
Pennsylvania,2021-11-01,32,17,0,2021-11-23 13:05:35.653
Pennsylvania,2021-10-01,141,61,2,2021-10-29 13:12:39.193
Pennsylvania,2021-09-01,633,218,75,2021-09-27 04:04:13.847
Pennsylvania,2021-08-01,255,150,15,2021-08-31 03:17:36.233
Pennsylvania,2021-07-01,650,344,19,2021-07-21 21:09:53.410
Pennsylvania,2021-06-01,47,25,0,2021-06-03 03:05:00.860
Pennsylvania,2021-05-01,3387,1673,237,2021-05-28 03:07:50.963
Pennsylvania,2021-04-01,100,82,0,2021-04-21 03:07:06.277
Pennsylvania,2021-03-01,89,26,58,2021-03-30 03:06:13.723
Pennsylvania,2021-02-01,715,314,36,2021-02-23 03:09:28.647
Pennsylvania,2021-01-01,99,64,7,2021-01-26 20:05:09.387
Pennsylvania,2020-12-01,51,21,0,2020-12-24 02:05:36.290
Pennsylvania,2020-11-01,896,459,31,2020-11-30 22:03:52.477
Pennsylvania,2020-10-01,490,270,31,2020-10-21 23:05:33.597
Pennsylvania,2020-09-01,1201,610,144,2020-09-25 21:04:25.860
Pennsylvania,2020-08-01,1172,404,75,2020-08-31 22:06:20.590
Pennsylvania,2020-07-01,1539,716,31,2020-07-29 23:05:46.900
Pennsylvania,2020-06-01,1297,636,116,2020-06-30 23:02:34.473
Pennsylvania,2020-05-01,1861,781,96,2020-05-31 21:02:56.533
Pennsylvania,2020-04-01,1785,647,61,2020-04-29 23:06:29.887
Pennsylvania,2020-03-01,624,216,93,2020-03-29 21:51:52.360
Pennsylvania,2020-02-01,573,296,125,2020-02-27 03:03:46.893
Pennsylvania,2020-01-01,2335,969,774,2020-01-29 00:04:08.073
Pennsylvania,2019-12-01,221,110,11,2019-12-11 02:02:26.030
Pennsylvania,2019-11-01,1317,601,396,2019-11-30 20:01:27.167
Pennsylvania,2019-10-01,771,349,210,2019-10-24 21:04:57.593
Pennsylvania,2019-09-01,557,244,46,2019-09-30 03:04:32.110
Pennsylvania,2019-08-01,2075,845,427,2019-08-31 01:29:33.597
Pennsylvania,2019-07-01,1798,502,114,2019-07-19 23:53:32.607
Pennsylvania,2019-06-01,40,25,2,2019-06-26 03:29:20.630
Pennsylvania,2019-05-01,5026,1864,1697,2019-05-31 11:50:12.097
Pennsylvania,2019-04-01,1158,600,226,2019-04-29 22:00:31.290
Pennsylvania,2019-03-01,1454,661,322,2019-03-30 21:54:28.093
Pennsylvania,2019-02-01,1912,737,648,2019-02-26 02:25:43.730
Pennsylvania,2019-01-01,1097,226,318,2019-01-29 02:28:41.623
Pennsylvania,2018-12-01,908,460,102,2018-12-21 22:52:36.453
Pennsylvania,2018-11-01,2602,672,457,2018-11-22 22:00:55.263
Pennsylvania,2018-10-01,1468,542,577,2018-10-29 06:20:57.670
Pennsylvania,2018-09-01,1449,602,284,2018-09-28 22:06:36.013
Pennsylvania,2018-08-01,2495,1001,514,2018-08-31 22:06:17.053
Pennsylvania,2018-07-01,2184,563,496,2018-07-31 22:52:38.737
Pennsylvania,2018-06-01,1549,483,610,2018-06-25 22:01:11.137
Pennsylvania,2018-05-01,3414,1081,690,2018-05-25 02:29:32.607
Pennsylvania,2018-04-01,1834,434,1093,2018-04-30 23:52:13.963
Pennsylvania,2018-03-01,1147,448,162,2018-03-29 03:45:44.813
Pennsylvania,2018-02-01,2778,1000,413,2018-02-27 22:01:11.400
Pennsylvania,2018-01-01,2856,640,670,2018-01-30 01:59:05.670
Pennsylvania,2017-11-01,2409,495,909,2017-11-28 15:00:57.323
Pennsylvania,2017-10-01,5929,1788,1898,2017-10-31 22:00:50.337
Pennsylvania,2017-09-01,2968,932,911,2017-09-30 22:05:44.750
Pennsylvania,2017-08-01,1333,608,70,2017-08-22 22:01:08.920
Pennsylvania,2017-07-01,1085,402,88,2017-07-27 22:01:03.970
Pennsylvania,2017-06-01,1832,760,544,2017-06-30 22:03:00.237
Pennsylvania,2017-05-01,1598,750,43,2017-05-31 22:01:16.897
Pennsylvania,2017-04-01,2317,697,157,2017-04-26 22:00:40.220
Pennsylvania,2017-03-01,2011,673,213,2017-03-30 23:02:27.830
Pennsylvania,2017-02-01,1661,613,59,2017-02-24 23:00:37.383
Pennsylvania,2017-01-01,51,29,5,2017-01-26 23:02:50.127
Pennsylvania,2016-12-01,1147,332,99,2016-12-31 02:04:16.943
Pennsylvania,2016-11-01,4352,914,198,2016-11-29 23:00:46.473
Pennsylvania,2016-10-01,4686,1002,272,2016-10-24 23:02:32.687
Pennsylvania,2016-09-01,2800,329,193,2016-09-30 23:11:19.700
Pennsylvania,2016-08-01,12671,3688,2150,2016-08-31 07:45:19.660
Pennsylvania,2016-07-01,1062,427,27,2016-07-22 23:02:49.760
Pennsylvania,2016-06-01,1035,499,56,2016-06-29 23:01:21.480
Pennsylvania,2016-05-01,1032,537,73,2016-05-27 23:01:49.870
Pennsylvania,2016-04-01,1444,646,88,2016-04-29 23:06:35.587
Pennsylvania,2016-03-01,1523,665,506,2016-03-31 23:00:57.440
Pennsylvania,2016-02-01,1580,847,362,2016-02-25 23:02:26.703
Pennsylvania,2016-01-01,1228,649,168,2016-01-25 23:00:38.413
Pennsylvania,2015-12-01,1575,668,436,2015-12-28 23:00:16.800
Pennsylvania,2015-11-01,2630,1077,360,2015-11-30 23:05:10.180
Pennsylvania,2015-10-01,2324,914,759,2015-10-29 14:42:59.353
Pennsylvania,2015-09-01,4315,874,442,2015-09-30 23:00:54.317
Pennsylvania,2015-08-01,3587,1164,1233,2015-08-28 23:01:41.220
Pennsylvania,2015-07-01,1711,591,413,2015-07-29 23:00:29.920
Pennsylvania,2015-06-01,2127,787,337,2015-06-30 12:49:21.130
Pennsylvania,2015-05-01,2925,1600,338,2015-05-29 23:02:14.060
Pennsylvania,2015-04-01,5284,1968,796,2015-04-30 23:01:50.003
Pennsylvania,2015-03-01,2214,1277,84,2015-03-27 23:08:41.040
Pennsylvania,2015-02-01,1104,571,18,2015-02-27 23:02:15.413
Pennsylvania,2015-01-01,5079,1873,1305,2015-01-31 23:01:49.360
Pennsylvania,2014-12-01,2600,1195,255,2014-12-27 23:05:38.497
Pennsylvania,2014-11-01,1910,703,921,2014-11-18 23:01:00.200
Pennsylvania,2014-10-01,1634,1165,75,2014-10-30 23:05:55.107
Pennsylvania,2014-09-01,3904,1380,1032,2014-09-30 23:01:14.493
Pennsylvania,2014-08-01,2998,1367,54,2014-08-30 23:10:31.007
Pennsylvania,2014-07-01,3266,1617,447,2014-07-31 23:06:05.740
Pennsylvania,2014-06-01,1523,792,30,2014-06-27 23:01:06.293
Pennsylvania,2014-05-01,2926,1603,188,2014-05-29 23:06:08.040
Pennsylvania,2014-04-01,2404,1341,161,2014-04-30 23:10:27.000
Pennsylvania,2014-03-01,3805,1612,360,2014-03-28 23:05:22.040
Pennsylvania,2014-02-01,399,279,49,2014-02-13 23:01:44.680
Pennsylvania,2014-01-01,2950,1479,694,2014-01-31 07:07:09.413
Pennsylvania,2013-12-01,1803,1144,60,2013-12-31 23:02:12.540
Pennsylvania,2013-11-01,2465,1435,73,2013-11-26 23:00:43.727
Pennsylvania,2013-10-01,863,479,35,2013-10-31 23:06:50.630
Pennsylvania,2013-09-01,1061,679,38,2013-09-30 23:03:48.450
Pennsylvania,2013-08-01,2121,1073,153,2013-08-27 23:08:50.767
Pennsylvania,2013-07-01,1554,756,23,2013-07-30 23:03:31.160
Pennsylvania,2013-06-01,579,345,6,2013-06-27 23:27:03.403
Pennsylvania,2013-05-01,408,279,6,2013-05-30 23:22:53.233
Pennsylvania,2013-04-01,668,474,24,2013-04-24 23:01:22.067
Pennsylvania,2013-03-01,696,393,5,2013-03-22 17:08:51.077
Pennsylvania,2013-02-01,1849,972,40,2013-02-26 17:00:23.773
Pennsylvania,2013-01-01,702,494,1,2013-01-16 17:06:07.963
Pennsylvania,2012-12-01,6,4,0,2012-12-03 19:18:13.070
Pennsylvania,2012-11-01,1495,772,11,2012-11-28 19:00:28.510
Pennsylvania,2012-10-01,1779,1135,28,2012-10-31 19:01:17.520
Pennsylvania,2012-09-01,1464,990,15,2012-09-27 19:00:38.357
Pennsylvania,2012-08-01,916,489,52,2012-08-25 12:09:34.970
Pennsylvania,2012-07-01,1154,688,9,2012-07-29 19:03:29.163
Pennsylvania,2012-06-01,7599,4972,129,2012-06-30 18:02:31.860
Pennsylvania,2012-05-01,13164,8319,224,2012-05-31 19:02:09.480
Pennsylvania,2012-04-01,25201,16459,315,2012-04-28 21:15:24.717
Pennsylvania,2012-03-01,6796,3793,22,2012-03-31 19:02:28.237
Pennsylvania,2012-02-01,9635,5422,100,2012-02-29 19:01:09.367
Pennsylvania,2012-01-01,5629,4055,36,2012-01-31 19:32:09.127
Pennsylvania,2011-11-01,937,621,1,2011-11-19 17:27:43.763
Pennsylvania,2011-10-01,2575,1450,10,2011-10-30 19:01:20.620
Pennsylvania,2011-09-01,692,422,13,2011-09-25 12:58:47.200
Pennsylvania,2011-08-01,3036,1478,135,2011-08-30 19:01:07.237
Pennsylvania,2011-07-01,1253,695,13,2011-07-27 19:05:53.393
Pennsylvania,2011-06-01,5820,3197,38,2011-06-29 17:56:24.507
Pennsylvania,2011-05-01,11791,7280,177,2011-05-27 18:05:00.870
Pennsylvania,2011-04-01,1519,844,41,2011-04-27 19:10:39.883
Pennsylvania,2011-03-01,12292,8421,409,2011-03-31 19:22:10.200
Pennsylvania,2011-02-01,3384,1918,58,2011-02-28 20:17:14.857
Pennsylvania,2011-01-01,5542,3270,516,2011-01-24 23:01:55.010
Pennsylvania,2010-12-01,507,325,6,2010-12-01 17:14:12.150
Pennsylvania,2010-11-01,11394,6899,260,2010-11-22 17:35:05.830
Pennsylvania,2010-10-01,23172,17637,106,2010-10-28 20:25:55.703
Pennsylvania,2010-09-01,19018,15769,51,2010-09-30 19:55:51.797
Pennsylvania,2010-08-01,12453,8873,268,2010-08-30 21:03:12.373
Pennsylvania,2010-07-01,14219,10248,188,2010-07-31 12:26:19.037
West Virginia,2026-07-01,4549,1484,0,2026-07-18 20:13:15.800
West Virginia,2026-06-01,2677,885,2,2026-06-29 22:06:20.590
West Virginia,2026-05-01,8476,2959,0,2026-05-31 18:26:34.187
West Virginia,2026-04-01,4437,1284,0,2026-04-30 22:01:25.360
West Virginia,2026-03-01,6905,2660,0,2026-03-28 18:26:31.340
West Virginia,2026-02-01,1616,676,0,2026-02-19 22:02:19.010
West Virginia,2026-01-01,3962,1645,0,2026-01-27 17:26:45.017
West Virginia,2025-12-01,9534,3231,0,2025-12-29 17:29:52.303
West Virginia,2025-11-01,859,36,0,2025-11-19 01:10:29.953
West Virginia,2025-10-01,8414,3127,3,2025-10-31 22:12:41.040
West Virginia,2025-09-01,4439,1727,0,2025-09-30 22:07:31.850
West Virginia,2025-08-01,1916,811,1,2025-08-27 22:07:05.480
West Virginia,2025-07-01,8002,3033,217,2025-07-30 22:01:20.680
West Virginia,2025-06-01,3315,1119,64,2025-06-30 11:34:16.530
West Virginia,2025-05-01,5830,1266,302,2025-05-30 22:06:10.527
West Virginia,2025-04-01,6066,2325,135,2025-04-30 22:06:33.510
West Virginia,2025-03-01,4488,1489,189,2025-03-31 22:01:20.270
West Virginia,2025-02-01,1456,577,58,2025-02-28 11:01:34.363
West Virginia,2025-01-01,6921,2597,217,2025-01-30 22:07:06.130
West Virginia,2024-12-01,1792,544,13,2024-12-10 23:02:43.593
West Virginia,2024-11-01,6111,2340,149,2024-11-29 22:02:07.167
West Virginia,2024-10-01,3965,1362,180,2024-10-29 03:06:01.357
West Virginia,2024-09-01,4532,1299,195,2024-09-30 22:08:48.240
West Virginia,2024-08-01,5998,2204,328,2024-08-31 01:05:38.593
West Virginia,2024-07-01,7509,2352,300,2024-07-31 03:03:02.050
West Virginia,2024-06-01,1189,414,88,2024-06-28 22:05:03.063
West Virginia,2024-05-01,6307,1847,140,2024-05-30 22:05:09.483
West Virginia,2024-04-01,4264,1120,87,2024-04-30 23:04:41.270
West Virginia,2024-03-01,6860,2242,172,2024-03-28 23:03:53.610
West Virginia,2024-02-01,2002,762,81,2024-02-26 22:01:13.613
West Virginia,2024-01-01,3895,1169,247,2024-01-30 10:33:14.907
West Virginia,2023-12-01,2850,1066,251,2023-12-28 22:03:21.207
West Virginia,2023-11-01,6442,2428,252,2023-11-28 23:05:48.053
West Virginia,2023-10-01,2901,1211,306,2023-10-31 12:37:26.653
West Virginia,2023-09-01,4700,1706,297,2023-09-26 23:06:52.000
West Virginia,2023-08-01,6794,2269,249,2023-08-31 21:05:19.100
West Virginia,2023-07-01,9589,3671,746,2023-07-31 04:04:53.617
West Virginia,2023-06-01,2461,958,146,2023-06-30 22:03:58.157
West Virginia,2023-05-01,3054,1058,228,2023-05-30 23:05:07.873
West Virginia,2023-04-01,3682,1103,411,2023-04-30 22:24:39.333
West Virginia,2023-03-01,7784,2468,307,2023-03-30 21:03:07.280
West Virginia,2023-02-01,4065,1271,188,2023-02-28 21:03:58.527
West Virginia,2023-01-01,8037,2390,471,2023-01-31 20:05:41.090
West Virginia,2022-12-01,1944,494,213,2022-12-31 02:01:42.233
West Virginia,2022-11-01,12667,4200,618,2022-11-29 23:01:45.650
West Virginia,2022-10-01,5755,1970,391,2022-10-31 22:03:02.083
West Virginia,2022-08-01,5367,1973,291,2022-08-08 22:04:36.677
West Virginia,2022-07-01,651,220,101,2022-07-30 04:02:28.080
West Virginia,2022-06-01,4622,1652,379,2022-06-27 22:06:26.980
West Virginia,2022-05-01,905,279,139,2022-05-12 22:01:44.397
West Virginia,2022-04-01,1557,553,42,2022-04-27 00:02:25.997
West Virginia,2022-03-01,659,112,75,2022-03-10 21:03:55.623
West Virginia,2022-02-01,11941,3777,1489,2022-02-28 20:05:46.543
West Virginia,2022-01-01,251,77,44,2022-01-25 02:05:17.507
West Virginia,2021-11-01,2340,825,63,2021-11-23 21:01:56.327
West Virginia,2021-10-01,38,16,2,2021-10-29 13:11:56.750
West Virginia,2021-08-01,319,110,10,2021-08-27 03:18:13.007
West Virginia,2021-07-01,312,146,96,2021-07-28 03:33:26.750
West Virginia,2021-06-01,19,7,6,2021-06-08 21:07:11.600
West Virginia,2021-05-01,7781,2235,806,2021-05-28 03:07:09.220
West Virginia,2021-04-01,213,120,0,2021-04-21 03:07:07.313
West Virginia,2021-03-01,1456,463,84,2021-03-24 21:05:18.367
West Virginia,2021-02-01,214,81,4,2021-02-26 02:06:45.107
West Virginia,2021-01-01,70,70,5,2021-01-25 20:04:47.943
West Virginia,2020-12-01,2453,551,106,2020-12-23 02:07:23.417
West Virginia,2020-11-01,1634,601,212,2020-11-30 22:03:53.357
West Virginia,2020-10-01,255,55,0,2020-10-29 23:13:32.040
West Virginia,2020-09-01,1229,512,69,2020-09-28 21:04:33.013
West Virginia,2020-08-01,1640,626,162,2020-08-31 23:02:56.000
West Virginia,2020-07-01,2546,977,122,2020-07-30 03:02:47.380
West Virginia,2020-06-01,1318,389,137,2020-06-30 21:05:22.347
West Virginia,2020-05-01,1657,601,501,2020-05-25 23:06:05.230
West Virginia,2020-04-01,1892,501,184,2020-04-30 21:04:54.670
West Virginia,2020-03-01,1796,744,499,2020-03-31 21:04:45.493
West Virginia,2020-02-01,1737,474,420,2020-02-26 00:05:49.010
West Virginia,2020-01-01,2169,754,401,2020-01-31 02:03:17.347
West Virginia,2019-12-01,4131,1017,670,2019-12-18 23:04:49.890
West Virginia,2019-11-01,1625,510,274,2019-11-30 20:01:27.687
West Virginia,2019-10-01,4755,1516,464,2019-10-30 21:04:56.513
West Virginia,2019-09-01,4294,1552,1682,2019-09-30 21:05:47.767
West Virginia,2019-08-01,2253,709,695,2019-08-31 01:29:37.663
West Virginia,2019-07-01,933,385,164,2019-07-19 23:53:33.317
West Virginia,2019-06-01,1154,413,159,2019-06-29 21:54:07.927
West Virginia,2019-05-01,2568,611,728,2019-05-27 02:29:56.977
West Virginia,2019-04-01,3164,782,191,2019-04-29 22:00:33.670
West Virginia,2019-03-01,8711,3351,1270,2019-03-30 21:54:27.697
West Virginia,2019-02-01,6594,1366,2016,2019-02-26 02:25:43.293
West Virginia,2019-01-01,2564,805,640,2019-01-31 02:28:55.173
West Virginia,2018-12-01,5595,1333,1671,2018-12-28 02:29:34.480
West Virginia,2018-11-01,2378,677,503,2018-11-21 01:29:20.740
West Virginia,2018-10-01,3049,822,574,2018-10-29 22:06:09.023
West Virginia,2018-09-01,4434,1349,705,2018-09-27 22:00:40.657
West Virginia,2018-08-01,4340,952,741,2018-08-31 22:01:17.037
West Virginia,2018-07-01,4176,936,195,2018-07-31 22:07:29.453
West Virginia,2018-06-01,4923,1135,924,2018-06-30 21:50:23.030
West Virginia,2018-05-01,4038,1107,771,2018-05-31 22:01:09.813
West Virginia,2018-04-01,5317,1308,198,2018-04-30 23:52:48.297
West Virginia,2018-03-01,3639,939,616,2018-03-31 22:08:15.543
West Virginia,2018-02-01,7595,2413,949,2018-02-28 22:04:51.813
West Virginia,2018-01-01,2921,1004,401,2018-01-30 01:59:46.920
West Virginia,2017-12-01,15,14,2,2017-12-05 22:00:58.507
West Virginia,2017-11-01,3268,1308,145,2017-11-23 22:00:48.250
West Virginia,2017-10-01,8325,3642,685,2017-10-30 22:01:19.453
West Virginia,2017-09-01,329,101,108,2017-09-19 22:02:27.440
West Virginia,2017-08-01,4257,1491,621,2017-08-23 22:01:24.150
West Virginia,2017-07-01,1988,697,122,2017-07-28 22:06:47.123
West Virginia,2017-06-01,5907,2489,484,2017-06-30 22:04:18.170
West Virginia,2017-05-01,5651,2347,765,2017-05-31 22:02:22.397
West Virginia,2017-04-01,2206,880,383,2017-04-27 22:01:27.900
West Virginia,2017-03-01,3464,1655,391,2017-03-29 22:05:15.343
West Virginia,2017-02-01,1613,834,262,2017-02-22 23:02:08.307
West Virginia,2017-01-01,2563,1349,314,2017-01-31 23:01:25.507
West Virginia,2016-12-01,2196,1071,354,2016-12-28 23:01:52.447
West Virginia,2016-11-01,5877,2249,969,2016-11-30 23:05:53.883
West Virginia,2016-10-01,5355,1788,689,2016-10-27 23:00:32.910
West Virginia,2016-09-01,2508,1092,254,2016-09-30 23:04:19.733
West Virginia,2016-08-01,2891,1349,536,2016-08-29 23:06:25.743
West Virginia,2016-07-01,1835,804,746,2016-07-29 23:10:46.500
West Virginia,2016-06-01,2455,1017,553,2016-06-17 23:01:34.663
West Virginia,2016-05-01,1464,635,383,2016-05-25 23:02:24.997
West Virginia,2016-04-01,2659,1076,207,2016-04-30 23:02:15.480
West Virginia,2016-03-01,2545,1059,910,2016-03-23 23:01:00.010
West Virginia,2016-02-01,2694,859,319,2016-02-18 23:02:54.180
West Virginia,2016-01-01,1729,739,135,2016-01-21 23:03:39.557
West Virginia,2015-12-01,2656,1030,223,2015-12-21 23:02:53.943
West Virginia,2015-11-01,2372,887,251,2015-11-25 13:21:12.190
West Virginia,2015-10-01,6219,2242,1333,2015-10-30 23:01:59.143
West Virginia,2015-09-01,5967,1981,546,2015-09-24 23:07:14.207
West Virginia,2015-08-01,998,438,20,2015-08-25 23:00:33.110
West Virginia,2015-07-01,3696,1549,198,2015-07-31 23:01:09.143
West Virginia,2015-06-01,5791,1715,222,2015-06-29 23:00:57.477
West Virginia,2015-05-01,4958,2012,331,2015-05-29 23:06:48.933
West Virginia,2015-04-01,5610,2576,383,2015-04-30 23:04:42.343
West Virginia,2015-03-01,2446,1071,106,2015-03-27 23:00:55.120
West Virginia,2015-02-01,2842,904,51,2015-02-27 23:10:04.860
West Virginia,2015-01-01,3547,1661,481,2015-01-30 23:03:22.937
West Virginia,2014-12-01,3874,1854,321,2014-12-27 23:07:58.957
West Virginia,2014-11-01,1942,867,93,2014-11-22 23:01:15.933
West Virginia,2014-10-01,1556,509,160,2014-10-31 07:45:47.780
West Virginia,2014-09-01,2117,923,47,2014-09-30 23:01:18.587
West Virginia,2014-08-01,1434,748,136,2014-08-30 23:11:57.283
West Virginia,2014-07-01,1400,474,209,2014-07-23 23:02:29.687
West Virginia,2014-06-01,2748,1084,29,2014-06-20 23:08:33.083
West Virginia,2014-05-01,2458,1107,87,2014-05-22 23:01:12.087
West Virginia,2014-04-01,2360,1050,116,2014-04-21 23:05:52.523
West Virginia,2014-03-01,3728,1544,71,2014-03-28 23:07:58.533
West Virginia,2014-02-01,2130,893,73,2014-02-28 23:02:36.630
West Virginia,2014-01-01,3773,1408,278,2014-01-31 07:05:51.567
West Virginia,2013-12-01,3961,1190,15,2013-12-31 23:02:31.140
West Virginia,2013-11-01,3948,1560,55,2013-11-25 23:02:07.187
West Virginia,2013-10-01,4918,1984,60,2013-10-30 23:04:27.480
West Virginia,2013-09-01,5516,2108,139,2013-09-30 23:03:22.950
West Virginia,2013-08-01,7648,2777,89,2013-08-27 23:07:26.263
West Virginia,2013-07-01,3091,1454,37,2013-07-30 23:02:21.770
West Virginia,2013-06-01,3772,1705,118,2013-06-28 23:39:33.197
West Virginia,2013-05-01,5434,2488,31,2013-05-31 13:23:40.357
West Virginia,2013-04-01,5120,2399,63,2013-04-19 23:03:03.993
West Virginia,2013-03-01,20559,11459,162,2013-03-28 17:01:13.277
West Virginia,2013-02-01,105202,49185,649,2013-02-27 17:00:34.600
