"recordID","s3FilePath","package_id","inputDataset","OCRErrorMessage","IIEErrorMessage","_OCRModifiedDateTime","_IIEModifiedDateTime","OCRs3Path"
"351B185B-CDAB-4F35-9BBD-AD7202F9C5B1","s3://enverus-courthouse-prod-chd-plants/tx/training_winkler/351B/351B185B-CDAB-4F35-9BBD-AD7202F9C5B1.pdf","d9bu43rrgi8g00bg2m60","1","HTTPConnectionPool(host='app-a-in.drillinginfo.com', port=80): Max retries exceeded with url: /diml-core/packages/d9bu43rrgi8g00bg2m60/datasets/new?do_not_commit=true (Caused by ReadTimeoutError(""HTTPConnectionPool(host='app-a-in.drillinginfo.com', port=80): Read timed out. (read timeout=None)""))","NULL","2026-07-17 04:22:28.280","2026-07-17 05:16:05.097","NULL"
"187898fa-7ca7-4b00-b5be-36dac4f91315","s3://enverus-courthouse-prod-chd-plants/tx/eog_atascosa/1878/187898fa-7ca7-4b00-b5be-36dac4f91315.pdf","boai5vra62q0bt2rl7ag","1","HTTPConnectionPool(host='app-a-in.drillinginfo.com', port=80): Max retries exceeded with url: /diml-core/packages/boai5vra62q0bt2rl7ag/datasets/new?do_not_commit=true (Caused by ReadTimeoutError(""HTTPConnectionPool(host='app-a-in.drillinginfo.com', port=80): Read timed out. (read timeout=None)""))","NULL","2026-07-17 04:22:28.280","2026-07-17 05:16:05.097","NULL"
"c949eb73-c15d-4704-9418-59622766c5bb","s3://enverus-courthouse-prod-chd-plants/tx/borden/c949/c949eb73-c15d-4704-9418-59622766c5bb.pdf","cuiumt0q34ig00edsijg","1","HTTPConnectionPool(host='app-a-in.drillinginfo.com', port=80): Max retries exceeded with url: /diml-core/packages/cuiumt0q34ig00edsijg/datasets/new?do_not_commit=true (Caused by ReadTimeoutError(""HTTPConnectionPool(host='app-a-in.drillinginfo.com', port=80): Read timed out. (read timeout=None)""))","NULL","2026-07-17 04:22:28.280","2026-07-17 05:21:09.850","NULL"
"b7d03d55-6c38-4632-b712-9a0eb3dffacc","s3://enverus-courthouse-prod-chd-plants/nm/chd_lea/b7d0/b7d03d55-6c38-4632-b712-9a0eb3dffacc.pdf","d9bsnmnak3500085leog","1","HTTPConnectionPool(host='app-a-in.drillinginfo.com', port=80): Max retries exceeded with url: /diml-core/packages/d9bsnmnak3500085leog/datasets/new?do_not_commit=true (Caused by ReadTimeoutError(""HTTPConnectionPool(host='app-a-in.drillinginfo.com', port=80): Read timed out. (read timeout=None)""))","NULL","2026-07-17 04:22:28.280","2026-07-17 05:21:09.850","NULL"
"068fa412-45f7-40b0-8020-66e8c99d1188","s3://enverus-courthouse-prod-chd-plants/nd/mckenzie/068f/068fa412-45f7-40b0-8020-66e8c99d1188.pdf","blg6t1evhoagoj0rb9ag","1","HTTPConnectionPool(host='app-a-in.drillinginfo.com', port=80): Max retries exceeded with url: /diml-core/packages/blg6t1evhoagoj0rb9ag/datasets/new?do_not_commit=true (Caused by ReadTimeoutError(""HTTPConnectionPool(host='app-a-in.drillinginfo.com', port=80): Read timed out. (read timeout=None)""))","NULL","2026-07-17 04:22:28.280","2026-07-17 05:21:09.850","NULL"
"5bfa6bd3-982f-4007-a2df-8a0bb480ebfa","s3://enverus-courthouse-prod-chd-plants/tx/martin/5bfa/5bfa6bd3-982f-4007-a2df-8a0bb480ebfa.pdf","c59uvtrvdq3000f3lnlg","1","HTTPConnectionPool(host='app-a-in.drillinginfo.com', port=80): Max retries exceeded with url: /diml-core/packages/c59uvtrvdq3000f3lnlg/datasets/new?do_not_commit=true (Caused by ReadTimeoutError(""HTTPConnectionPool(host='app-a-in.drillinginfo.com', port=80): Read timed out. (read timeout=None)""))","NULL","2026-07-17 03:25:19.580","NULL","NULL"
"fe0cf2fe-bac8-48e6-a607-42efee69fa82","s3://enverus-courthouse-prod-chd-plants/tx/eog_mcmullen/fe0c/fe0cf2fe-bac8-48e6-a607-42efee69fa82.pdf","d9btj5j1f5dg00bdilng","1","HTTPConnectionPool(host='app-a-in.drillinginfo.com', port=80): Max retries exceeded with url: /diml-core/packages/d9btj5j1f5dg00bdilng/datasets/new?do_not_commit=true (Caused by ReadTimeoutError(""HTTPConnectionPool(host='app-a-in.drillinginfo.com', port=80): Read timed out. (read timeout=None)""))","NULL","2026-07-17 02:52:52.010","2026-07-17 03:59:09.553","NULL"
"99d35b70-221b-2440-99e9-71ead07d381a","s3://enverus-courthouse-prod-chd-plants/tx/pecos/99d3/99d35b70-221b-2440-99e9-71ead07d381a.pdf","d9btdhk1kr4g008dkff0","1","HTTPConnectionPool(host='app-a-in.drillinginfo.com', port=80): Max retries exceeded with url: /diml-core/packages/d9btdhk1kr4g008dkff0/datasets/new?do_not_commit=true (Caused by ReadTimeoutError(""HTTPConnectionPool(host='app-a-in.drillinginfo.com', port=80): Read timed out. (read timeout=None)""))","NULL","2026-07-17 02:25:25.553","2026-07-17 03:30:57.623","NULL"
"bcdad643-08c1-407a-8d0c-f8ea7c2a5b36","s3://enverus-courthouse-prod-chd-plants/nm/eog_lea/bcda/bcdad643-08c1-407a-8d0c-f8ea7c2a5b36.pdf","d9btdjbdelo000dtu770","1","HTTPConnectionPool(host='app-a-in.drillinginfo.com', port=80): Max retries exceeded with url: /diml-core/packages/d9btdjbdelo000dtu770/datasets/new?do_not_commit=true (Caused by ReadTimeoutError(""HTTPConnectionPool(host='app-a-in.drillinginfo.com', port=80): Read timed out. (read timeout=None)""))","NULL","2026-07-17 02:25:25.553","2026-07-17 03:30:57.623","NULL"
"7E4DEF56-674F-4E48-998C-A24E5F343003","s3://enverus-courthouse-prod-chd-plants/tx/training_crockett/7E4D/7E4DEF56-674F-4E48-998C-A24E5F343003.pdf","d9btlch9ha2000c6djtg","1","HTTPConnectionPool(host='app-a-in.drillinginfo.com', port=80): Max retries exceeded with url: /diml-core/packages/d9btlch9ha2000c6djtg/datasets/new?do_not_commit=true (Caused by ReadTimeoutError(""HTTPConnectionPool(host='app-a-in.drillinginfo.com', port=80): Read timed out. (read timeout=None)""))","NULL","2026-07-17 02:25:25.553","2026-07-17 03:30:57.623","NULL"
"07ec393e-5349-4627-a914-f9e127242047","s3://enverus-courthouse-prod-chd-plants/tx/eog_karnes/07ec/07ec393e-5349-4627-a914-f9e127242047.pdf","d9bug6q2oub000e36j10","1","HTTPConnectionPool(host='app-a-in.drillinginfo.com', port=80): Max retries exceeded with url: /diml-core/packages/d9bug6q2oub000e36j10/datasets/new?do_not_commit=true (Caused by ReadTimeoutError(""HTTPConnectionPool(host='app-a-in.drillinginfo.com', port=80): Read timed out. (read timeout=None)""))","NULL","2026-07-17 02:07:42.127","2026-07-17 03:14:39.590","NULL"
"c3140225-779d-4c21-afdf-7777175b381d","s3://enverus-courthouse-prod-chd-plants/tx/wheeler/c314/c3140225-779d-4c21-afdf-7777175b381d.pdf","c6ilvbcsnp6g00adjie0","1","HTTPConnectionPool(host='app-a-in.drillinginfo.com', port=80): Max retries exceeded with url: /diml-core/packages/c6ilvbcsnp6g00adjie0/datasets/new?do_not_commit=true (Caused by ReadTimeoutError(""HTTPConnectionPool(host='app-a-in.drillinginfo.com', port=80): Read timed out. (read timeout=None)""))","NULL","2026-07-17 02:07:42.127","2026-07-17 03:14:39.590","NULL"
"001f8cc2-e4d5-468e-b7b5-5f5fdf219206","s3://enverus-courthouse-prod-chd-plants/nm/eog_lea/001f/001f8cc2-e4d5-468e-b7b5-5f5fdf219206.pdf","d9btqk059fgg00e27rp0","1","HTTPConnectionPool(host='app-a-in.drillinginfo.com', port=80): Max retries exceeded with url: /diml-core/packages/d9btqk059fgg00e27rp0/datasets/new?do_not_commit=true (Caused by ReadTimeoutError(""HTTPConnectionPool(host='app-a-in.drillinginfo.com', port=80): Read timed out. (read timeout=None)""))","NULL","2026-07-17 01:57:05.437","2026-07-17 02:59:24.283","NULL"
"13db0e66-0191-4637-8970-66c68c4f7925","s3://enverus-courthouse-prod-chd-plants/tx/martin/13db/13db0e66-0191-4637-8970-66c68c4f7925.pdf","c59vai622pr000dtf2qg","1","HTTPConnectionPool(host='app-a-in.drillinginfo.com', port=80): Max retries exceeded with url: /diml-core/packages/c59vai622pr000dtf2qg/datasets/new?do_not_commit=true (Caused by ReadTimeoutError(""HTTPConnectionPool(host='app-a-in.drillinginfo.com', port=80): Read timed out. (read timeout=None)""))","NULL","2026-07-17 00:27:13.303","2026-07-17 02:43:09.473","NULL"
"E76D08A1-10CB-42B4-B39B-1836FB47ECD0","s3://enverus-courthouse-prod-chd-plants/tx/training_pecos/E76D/E76D08A1-10CB-42B4-B39B-1836FB47ECD0.pdf","d9btmuk1kr4g008dvvj0","1","HTTPConnectionPool(host='app-a-in.drillinginfo.com', port=80): Max retries exceeded with url: /diml-core/packages/d9btmuk1kr4g008dvvj0/datasets/new?do_not_commit=true (Caused by ReadTimeoutError(""HTTPConnectionPool(host='app-a-in.drillinginfo.com', port=80): Read timed out. (read timeout=None)""))","NULL","2026-07-17 00:05:07.850","2026-07-17 01:18:03.933","NULL"
"58bf77b3-7bf6-4d93-bfef-1689b82d2427","s3://enverus-courthouse-prod-chd-plants/tx/howard/58bf/58bf77b3-7bf6-4d93-bfef-1689b82d2427.pdf","d9btukp5jqeg00e7d4qg","1","HTTPConnectionPool(host='app-a-in.drillinginfo.com', port=80): Max retries exceeded with url: /diml-core/packages/d9btukp5jqeg00e7d4qg/datasets/new?do_not_commit=true (Caused by ReadTimeoutError(""HTTPConnectionPool(host='app-a-in.drillinginfo.com', port=80): Read timed out. (read timeout=None)""))","NULL","2026-07-17 00:05:07.850","2026-07-17 02:53:51.660","NULL"
"4449082A-26E8-486F-98D4-C6C8B2735248","s3://enverus-courthouse-prod-chd-plants/tx/training_jack/4449/4449082A-26E8-486F-98D4-C6C8B2735248.pdf","d9bu0jp5jqeg00e7fq1g","1","HTTPConnectionPool(host='app-a-in.drillinginfo.com', port=80): Max retries exceeded with url: /diml-core/packages/d9bu0jp5jqeg00e7fq1g/datasets/new?do_not_commit=true (Caused by ReadTimeoutError(""HTTPConnectionPool(host='app-a-in.drillinginfo.com', port=80): Read timed out. (read timeout=None)""))","NULL","2026-07-16 23:58:15.370","2026-07-17 01:18:03.933","NULL"
"2415f6ff-4bcc-448b-a7df-6fed3ea6648a","s3://enverus-courthouse-prod-chd-plants/nm/eog_lea/2415/2415f6ff-4bcc-448b-a7df-6fed3ea6648a.pdf","d9bt87vpfdig00faghe0","1","HTTPConnectionPool(host='app-a-in.drillinginfo.com', port=80): Max retries exceeded with url: /diml-core/packages/d9bt87vpfdig00faghe0/datasets/new?do_not_commit=true (Caused by ReadTimeoutError(""HTTPConnectionPool(host='app-a-in.drillinginfo.com', port=80): Read timed out. (read timeout=None)""))","NULL","2026-07-16 23:29:53.677","2026-07-17 00:50:07.960","NULL"
"91d2fa3b-e681-4006-b87c-b1c1eb6a4f23","s3://enverus-courthouse-prod-chd-plants/tx/eog_mcmullen/91d2/91d2fa3b-e681-4006-b87c-b1c1eb6a4f23.pdf","d9bug6jdelo000dvdbbg","1","HTTPConnectionPool(host='app-a-in.drillinginfo.com', port=80): Max retries exceeded with url: /diml-core/packages/d9bug6jdelo000dvdbbg/datasets/new?do_not_commit=true (Caused by ReadTimeoutError(""HTTPConnectionPool(host='app-a-in.drillinginfo.com', port=80): Read timed out. (read timeout=None)""))","NULL","2026-07-16 23:29:53.677","2026-07-17 00:50:07.960","NULL"
"3ee5d167-c80c-974f-8926-26683f28cc97","s3://enverus-courthouse-prod-chd-plants/tx/andrews/3ee5/3ee5d167-c80c-974f-8926-26683f28cc97.pdf","d9bu86kflnl000dkkln0","1","HTTPConnectionPool(host='app-a-in.drillinginfo.com', port=80): Max retries exceeded with url: /diml-core/packages/d9bu86kflnl000dkkln0/datasets/new?do_not_commit=true (Caused by ReadTimeoutError(""HTTPConnectionPool(host='app-a-in.drillinginfo.com', port=80): Read timed out. (read timeout=None)""))","NULL","2026-07-16 23:29:53.677","2026-07-17 00:50:07.960","NULL"
"26d838d1-2056-48b5-bc51-1453d6335d79","s3://enverus-courthouse-prod-chd-plants/tx/wheeler/26d8/26d838d1-2056-48b5-bc51-1453d6335d79.pdf","b9otshavki7g1ftvcin0","1","HTTPConnectionPool(host='app-a-in.drillinginfo.com', port=80): Max retries exceeded with url: /diml-core/packages/b9otshavki7g1ftvcin0/datasets/new?do_not_commit=true (Caused by ReadTimeoutError(""HTTPConnectionPool(host='app-a-in.drillinginfo.com', port=80): Read timed out. (read timeout=None)""))","NULL","2026-07-16 23:05:25.130","2026-07-17 02:04:08.853","NULL"
"02f6c411-4cc8-4efd-af7d-3c22a2ae1689","s3://enverus-courthouse-prod-chd-plants/tx/eog_karnes/02f6/02f6c411-4cc8-4efd-af7d-3c22a2ae1689.pdf","d9btf2jk4o900088jih0","1","HTTPConnectionPool(host='app-a-in.drillinginfo.com', port=80): Max retries exceeded with url: /diml-core/packages/d9btf2jk4o900088jih0/datasets/new?do_not_commit=true (Caused by ReadTimeoutError(""HTTPConnectionPool(host='app-a-in.drillinginfo.com', port=80): Read timed out. (read timeout=None)""))","NULL","2026-07-16 22:59:02.823","NULL","NULL"
"12b5a7a0-a892-44d9-83d7-da6f58629357","s3://enverus-courthouse-prod-chd-plants/tx/eog_karnes/12b5/12b5a7a0-a892-44d9-83d7-da6f58629357.pdf","d9bu8le89gsg00fh0atg","1","HTTPConnectionPool(host='app-a-in.drillinginfo.com', port=80): Max retries exceeded with url: /diml-core/packages/d9bu8le89gsg00fh0atg/datasets/new?do_not_commit=true (Caused by ReadTimeoutError(""HTTPConnectionPool(host='app-a-in.drillinginfo.com', port=80): Read timed out. (read timeout=None)""))","NULL","2026-07-16 22:59:02.823","NULL","NULL"
"bd00ef8c-98dd-47a3-99c3-0a5a8f42822f","s3://enverus-courthouse-prod-chd-plants/nm/eog_lea/bd00/bd00ef8c-98dd-47a3-99c3-0a5a8f42822f.pdf","d9bubgvpfcq000fgar6g","1","HTTPConnectionPool(host='app-a-in.drillinginfo.com', port=80): Max retries exceeded with url: /diml-core/packages/d9bubgvpfcq000fgar6g/datasets/new?do_not_commit=true (Caused by ReadTimeoutError(""HTTPConnectionPool(host='app-a-in.drillinginfo.com', port=80): Read timed out. (read timeout=None)""))","NULL","2026-07-16 22:47:33.873","2026-07-17 02:10:05.400","NULL"
"8b74a837-8754-4c5d-b262-52104ed48223","s3://enverus-courthouse-prod-chd-plants/tx/martin/8b74/8b74a837-8754-4c5d-b262-52104ed48223.pdf","c5a3k7alpbg0009r3fu0","1","HTTPConnectionPool(host='app-a-in.drillinginfo.com', port=80): Max retries exceeded with url: /diml-core/packages/c5a3k7alpbg0009r3fu0/datasets/new?do_not_commit=true (Caused by ReadTimeoutError(""HTTPConnectionPool(host='app-a-in.drillinginfo.com', port=80): Read timed out. (read timeout=None)""))","NULL","2026-07-16 22:47:33.873","2026-07-17 02:10:05.400","NULL"
"f73e4444-6207-4d1d-b380-100fa5e124a8","s3://enverus-courthouse-prod-chd-plants/tx/eog_lasalle/f73e/f73e4444-6207-4d1d-b380-100fa5e124a8.pdf","d9bsrf1kf4s000f5poqg","1","HTTPConnectionPool(host='app-a-in.drillinginfo.com', port=80): Max retries exceeded with url: /diml-core/packages/d9bsrf1kf4s000f5poqg/datasets/new?do_not_commit=true (Caused by ReadTimeoutError(""HTTPConnectionPool(host='app-a-in.drillinginfo.com', port=80): Read timed out. (read timeout=None)""))","NULL","2026-07-16 21:53:38.013","2026-07-17 01:41:44.640","NULL"
"9ef86f77-35ca-4b4c-b6ac-5a011079ae13","s3://enverus-courthouse-prod-chd-plants/tx/pecos/9ef8/9ef86f77-35ca-4b4c-b6ac-5a011079ae13.pdf","d9btqcb6g7ig00fvobp0","1","HTTPConnectionPool(host='app-a-in.drillinginfo.com', port=80): Max retries exceeded with url: /diml-core/packages/d9btqcb6g7ig00fvobp0/datasets/new?do_not_commit=true (Caused by ReadTimeoutError(""HTTPConnectionPool(host='app-a-in.drillinginfo.com', port=80): Read timed out. (read timeout=None)""))","NULL","2026-07-16 21:53:38.013","2026-07-17 02:48:34.403","NULL"
"95800417-1594-11ea-a705-00505681224b","s3://enverus-courthouse-prod-chd-plants/nm/eog_lea/9580/95800417-1594-11ea-a705-00505681224b.pdf","d9bugtpb0h1g00d1la9g","1","HTTPConnectionPool(host='app-a-in.drillinginfo.com', port=80): Max retries exceeded with url: /diml-core/packages/d9bugtpb0h1g00d1la9g/datasets/new?do_not_commit=true (Caused by ReadTimeoutError(""HTTPConnectionPool(host='app-a-in.drillinginfo.com', port=80): Read timed out. (read timeout=None)""))","NULL","2026-07-16 21:42:34.810","2026-07-16 23:03:55.987","NULL"
"aedb7b70-707e-432b-a578-1665c5994762","s3://enverus-courthouse-prod-chd-plants/tx/borden/aedb/aedb7b70-707e-432b-a578-1665c5994762.pdf","cum863rdsong00bsmgt0","1","HTTPConnectionPool(host='app-a-in.drillinginfo.com', port=80): Max retries exceeded with url: /diml-core/packages/cum863rdsong00bsmgt0/datasets/new?do_not_commit=true (Caused by ReadTimeoutError(""HTTPConnectionPool(host='app-a-in.drillinginfo.com', port=80): Read timed out. (read timeout=None)""))","NULL","2026-07-16 21:36:03.720","2026-07-17 00:33:43.117","NULL"
"838534aa-4287-45ef-b2a9-8e30a92f87dc","s3://enverus-courthouse-prod-chd-plants/tx/eog_atascosa/8385/838534aa-4287-45ef-b2a9-8e30a92f87dc.pdf","bgc95bq8ju0079j7hj1g","1","HTTPConnectionPool(host='app-a-in.drillinginfo.com', port=80): Max retries exceeded with url: /diml-core/packages/bgc95bq8ju0079j7hj1g/datasets/new?do_not_commit=true (Caused by ReadTimeoutError(""HTTPConnectionPool(host='app-a-in.drillinginfo.com', port=80): Read timed out. (read timeout=None)""))","NULL","2026-07-16 21:05:02.583","2026-07-17 02:21:09.000","NULL"
"ca2475b0-42e8-4083-93d5-e7d3a84d9998","s3://enverus-courthouse-prod-chd-plants/tx/washington/ca24/ca2475b0-42e8-4083-93d5-e7d3a84d9998.pdf","cvttqsc72f3g009tln7g","1","HTTPConnectionPool(host='app-a-in.drillinginfo.com', port=80): Max retries exceeded with url: /diml-core/packages/cvttqsc72f3g009tln7g/datasets/new?do_not_commit=true (Caused by ReadTimeoutError(""HTTPConnectionPool(host='app-a-in.drillinginfo.com', port=80): Read timed out. (read timeout=None)""))","NULL","2026-07-16 21:05:02.583","2026-07-17 02:21:09.000","NULL"
"eb7868f4-c35e-416e-98eb-c64bb0069632","s3://enverus-courthouse-prod-chd-plants/tx/crane/eb78/eb7868f4-c35e-416e-98eb-c64bb0069632.pdf","d9bts0fpfdig00fb8hag","1","HTTPConnectionPool(host='app-a-in.drillinginfo.com', port=80): Max retries exceeded with url: /diml-core/packages/d9bts0fpfdig00fb8hag/datasets/new?do_not_commit=true (Caused by ReadTimeoutError(""HTTPConnectionPool(host='app-a-in.drillinginfo.com', port=80): Read timed out. (read timeout=None)""))","NULL","2026-07-16 20:58:33.470","2026-07-16 22:58:02.200","NULL"
"143b9c47-ec1c-4951-b754-cbb75e3b4ea7","s3://enverus-courthouse-prod-chd-plants/nd/mckenzie/143b/143b9c47-ec1c-4951-b754-cbb75e3b4ea7.pdf","bldbnq03nn4gnallpdv0","1","HTTPConnectionPool(host='app-a-in.drillinginfo.com', port=80): Max retries exceeded with url: /diml-core/packages/bldbnq03nn4gnallpdv0/datasets/new?do_not_commit=true (Caused by ReadTimeoutError(""HTTPConnectionPool(host='app-a-in.drillinginfo.com', port=80): Read timed out. (read timeout=None)""))","NULL","2026-07-16 20:58:33.470","2026-07-16 22:58:02.200","NULL"
"f99755ae-3b95-4941-8bd3-197b01c57b81","s3://enverus-courthouse-prod-chd-plants/tx/potter/f997/f99755ae-3b95-4941-8bd3-197b01c57b81.pdf","c5bkg04vfoog00dv5kng","1","HTTPConnectionPool(host='app-a-in.drillinginfo.com', port=80): Max retries exceeded with url: /diml-core/packages/c5bkg04vfoog00dv5kng/datasets/new?do_not_commit=true (Caused by ReadTimeoutError(""HTTPConnectionPool(host='app-a-in.drillinginfo.com', port=80): Read timed out. (read timeout=None)""))","NULL","2026-07-16 19:44:40.397","2026-07-17 01:18:03.933","NULL"
"76bcadf4-4e8c-44e4-a9b0-12ecc76aa319","s3://enverus-courthouse-prod-chd-plants/tx/eog_gonzales/76bc/76bcadf4-4e8c-44e4-a9b0-12ecc76aa319.pdf","d9bt6tkflnl000djae70","1","HTTPConnectionPool(host='app-a-in.drillinginfo.com', port=80): Max retries exceeded with url: /diml-core/packages/d9bt6tkflnl000djae70/datasets/new?do_not_commit=true (Caused by ReadTimeoutError(""HTTPConnectionPool(host='app-a-in.drillinginfo.com', port=80): Read timed out. (read timeout=None)""))","NULL","2026-07-16 18:22:31.550","2026-07-16 20:24:05.940","NULL"
"9c6cb689-d269-4cc2-8ce0-9af802217b95","s3://enverus-courthouse-prod-chd-plants/tx/martin/9c6c/9c6cb689-d269-4cc2-8ce0-9af802217b95.pdf","c59vajff3f9g00842l7g","1","HTTPConnectionPool(host='app-a-in.drillinginfo.com', port=80): Max retries exceeded with url: /diml-core/packages/c59vajff3f9g00842l7g/datasets/new?do_not_commit=true (Caused by ReadTimeoutError(""HTTPConnectionPool(host='app-a-in.drillinginfo.com', port=80): Read timed out. (read timeout=None)""))","NULL","2026-07-16 18:22:31.550","2026-07-16 21:34:26.137","NULL"
"acfe7039-ad61-11eb-9d10-00505681224b","s3://enverus-courthouse-prod-chd-plants/ok/garfield/acfe/acfe7039-ad61-11eb-9d10-00505681224b.pdf","d9btqh15jqeg00e77gm0","1","HTTPConnectionPool(host='app-a-in.drillinginfo.com', port=80): Max retries exceeded with url: /diml-core/packages/d9btqh15jqeg00e77gm0/datasets/new?do_not_commit=true (Caused by ReadTimeoutError(""HTTPConnectionPool(host='app-a-in.drillinginfo.com', port=80): Read timed out. (read timeout=None)""))","NULL","2026-07-16 18:14:52.400","2026-07-17 02:15:11.973","NULL"
"29ED4852-5A24-4B5A-B884-AFC1987635EC","s3://enverus-courthouse-prod-chd-plants/tx/training_madison/29ED/29ED4852-5A24-4B5A-B884-AFC1987635EC.pdf","d9bunlcflnl000dlbth0","1","HTTPConnectionPool(host='app-a-in.drillinginfo.com', port=80): Max retries exceeded with url: /diml-core/packages/d9bunlcflnl000dlbth0/datasets/new?do_not_commit=true (Caused by ReadTimeoutError(""HTTPConnectionPool(host='app-a-in.drillinginfo.com', port=80): Read timed out. (read timeout=None)""))","NULL","2026-07-16 18:06:40.170","NULL","NULL"
"d8b1f640-fe6d-4e40-9093-27d3681e57b5","s3://enverus-courthouse-prod-chd-plants/tx/martin/d8b1/d8b1f640-fe6d-4e40-9093-27d3681e57b5.pdf","d9bu87rdelo000dv19r0","1","HTTPConnectionPool(host='app-a-in.drillinginfo.com', port=80): Max retries exceeded with url: /diml-core/packages/d9bu87rdelo000dv19r0/datasets/new?do_not_commit=true (Caused by ReadTimeoutError(""HTTPConnectionPool(host='app-a-in.drillinginfo.com', port=80): Read timed out. (read timeout=None)""))","NULL","2026-07-16 18:06:40.170","NULL","NULL"
"e7e0e794-097f-11ed-8904-00505681224b","s3://enverus-courthouse-prod-chd-plants/nm/lea/e7e0/e7e0e794-097f-11ed-8904-00505681224b.pdf","d9buj7sflnl000dl51q0","1","HTTPConnectionPool(host='app-a-in.drillinginfo.com', port=80): Max retries exceeded with url: /diml-core/packages/d9buj7sflnl000dl51q0/datasets/new?do_not_commit=true (Caused by ReadTimeoutError(""HTTPConnectionPool(host='app-a-in.drillinginfo.com', port=80): Read timed out. (read timeout=None)""))","NULL","2026-07-16 17:53:07.120","2026-07-16 20:16:49.250","NULL"
"c569fa50-b46c-4c33-9233-e8baaebfe0e7","s3://enverus-courthouse-prod-chd-plants/nm/eog_lea/c569/c569fa50-b46c-4c33-9233-e8baaebfe0e7.pdf","d9btekc1kr4g008dlj60","1","HTTPConnectionPool(host='app-a-in.drillinginfo.com', port=80): Max retries exceeded with url: /diml-core/packages/d9btekc1kr4g008dlj60/datasets/new?do_not_commit=true (Caused by ReadTimeoutError(""HTTPConnectionPool(host='app-a-in.drillinginfo.com', port=80): Read timed out. (read timeout=None)""))","NULL","2026-07-16 17:53:07.120","2026-07-17 01:29:50.160","NULL"
"5d139c8b-a331-3140-82b4-9e186df24d2e","s3://enverus-courthouse-prod-chd-plants/tx/howard/5d13/5d139c8b-a331-3140-82b4-9e186df24d2e.pdf","d9bum9859fgg00e3g6j0","1","HTTPConnectionPool(host='app-a-in.drillinginfo.com', port=80): Max retries exceeded with url: /diml-core/packages/d9bum9859fgg00e3g6j0/datasets/new?do_not_commit=true (Caused by ReadTimeoutError(""HTTPConnectionPool(host='app-a-in.drillinginfo.com', port=80): Read timed out. (read timeout=None)""))","NULL","2026-07-16 17:53:07.120","2026-07-17 02:04:08.853","NULL"
"EAA8838A-91D6-4950-8B32-79F026C90038","s3://enverus-courthouse-prod-chd-plants/tx/training_howard/EAA8/EAA8838A-91D6-4950-8B32-79F026C90038.pdf","d9buj7vr2ffg00e185pg","1","HTTPConnectionPool(host='app-a-in.drillinginfo.com', port=80): Max retries exceeded with url: /diml-core/packages/d9buj7vr2ffg00e185pg/datasets/new?do_not_commit=true (Caused by ReadTimeoutError(""HTTPConnectionPool(host='app-a-in.drillinginfo.com', port=80): Read timed out. (read timeout=None)""))","NULL","2026-07-16 17:47:49.800","2026-07-16 20:42:45.183","NULL"
"cef9459a-531c-43fd-8564-5840d77d6e86","s3://enverus-courthouse-prod-chd-plants/tx/eog_atascosa/cef9/cef9459a-531c-43fd-8564-5840d77d6e86.pdf","d9bue1tlksng008fic80","1","HTTPConnectionPool(host='app-a-in.drillinginfo.com', port=80): Max retries exceeded with url: /diml-core/packages/d9bue1tlksng008fic80/datasets/new?do_not_commit=true (Caused by ReadTimeoutError(""HTTPConnectionPool(host='app-a-in.drillinginfo.com', port=80): Read timed out. (read timeout=None)""))","NULL","2026-07-16 17:47:49.800","2026-07-16 23:27:58.000","NULL"
"5a9dfe88-d511-40cd-b42e-a9b6d8aefc3b","s3://enverus-courthouse-prod-chd-plants/tx/montgomery/5a9d/5a9dfe88-d511-40cd-b42e-a9b6d8aefc3b.pdf","b8p9al9cjjkg1esfcp3g","1","No pdf could be downloaded, error=s3://di-diml-platinum-prod/b8p9al9cjjkg1esfcp3g/b8p9alhcjjkg1esfcp4g/2017110233.pdf: Could not connect to the endpoint URL: ""https://sts.us-east-1.amazonaws.com/""","NULL","2026-07-16 17:41:19.967","2026-07-16 20:35:24.610","NULL"
"d6ed6db4-87be-4ab4-a3e4-f9ca7abca1e5","s3://enverus-courthouse-prod-chd-plants/nm/eog_lea/d6ed/d6ed6db4-87be-4ab4-a3e4-f9ca7abca1e5.pdf","d9btlco59fgg00e21000","1","HTTPConnectionPool(host='app-a-in.drillinginfo.com', port=80): Max retries exceeded with url: /diml-core/packages/d9btlco59fgg00e21000/datasets/new?do_not_commit=true (Caused by ReadTimeoutError(""HTTPConnectionPool(host='app-a-in.drillinginfo.com', port=80): Read timed out. (read timeout=None)""))","NULL","2026-07-16 17:41:19.967","2026-07-17 00:33:43.117","NULL"
"13F3CE0C-EE29-4001-BCB5-BA23011C64CA","s3://enverus-courthouse-prod-chd-plants/tx/training_reeves/13F3/13F3CE0C-EE29-4001-BCB5-BA23011C64CA.pdf","d9bt1qfpfcq000fektg0","1","HTTPConnectionPool(host='app-a-in.drillinginfo.com', port=80): Max retries exceeded with url: /diml-core/packages/d9bt1qfpfcq000fektg0/datasets/new?do_not_commit=true (Caused by ReadTimeoutError(""HTTPConnectionPool(host='app-a-in.drillinginfo.com', port=80): Read timed out. (read timeout=None)""))","NULL","2026-07-16 17:41:19.967","2026-07-16 20:16:49.250","NULL"
"b06b58bc-96a3-43ec-a2f6-3040f6fbfa0d","s3://enverus-courthouse-prod-chd-plants/nm/chd_lea/b06b/b06b58bc-96a3-43ec-a2f6-3040f6fbfa0d.pdf","d9bunm6icpjg00ddf3o0","1","HTTPConnectionPool(host='app-a-in.drillinginfo.com', port=80): Max retries exceeded with url: /diml-core/packages/d9bunm6icpjg00ddf3o0/datasets/new?do_not_commit=true (Caused by ReadTimeoutError(""HTTPConnectionPool(host='app-a-in.drillinginfo.com', port=80): Read timed out. (read timeout=None)""))","NULL","2026-07-16 17:34:03.567","2026-07-17 00:55:48.063","NULL"
"a2d3499e-5e45-47bc-b3eb-c590e5bbadde","s3://enverus-courthouse-prod-chd-plants/tx/crockett/a2d3/a2d3499e-5e45-47bc-b3eb-c590e5bbadde.pdf","c1qrgeg2vup000dkm6r0","1","HTTPConnectionPool(host='app-a-in.drillinginfo.com', port=80): Max retries exceeded with url: /diml-core/packages/c1qrgeg2vup000dkm6r0/datasets/new?do_not_commit=true (Caused by ReadTimeoutError(""HTTPConnectionPool(host='app-a-in.drillinginfo.com', port=80): Read timed out. (read timeout=None)""))","NULL","2026-07-16 17:34:03.567","2026-07-16 19:46:00.963","NULL"
"d181093b-1d0d-4d00-95d1-e77b196ca4e3","s3://enverus-courthouse-prod-chd-plants/tx/martin/d181/d181093b-1d0d-4d00-95d1-e77b196ca4e3.pdf","c59v9nkbq3o000aeulag","1","HTTPConnectionPool(host='app-a-in.drillinginfo.com', port=80): Max retries exceeded with url: /diml-core/packages/c59v9nkbq3o000aeulag/datasets/new?do_not_commit=true (Caused by ReadTimeoutError(""HTTPConnectionPool(host='app-a-in.drillinginfo.com', port=80): Read timed out. (read timeout=None)""))","NULL","2026-07-16 17:34:03.567","NULL","NULL"
"33851079-4cbc-4c98-942a-b978033c8dd3","s3://enverus-courthouse-prod-chd-plants/ok/love/3385/33851079-4cbc-4c98-942a-b978033c8dd3.pdf","b9b7549cjjkg1esoqojg","1","No pdf could be downloaded, error=s3://di-diml-platinum-prod/b9b7549cjjkg1esoqojg/b9b7549cjjkg1esoqok0/000074.pdf: Could not connect to the endpoint URL: ""https://di-diml-platinum-prod.s3.amazonaws.com/b9b7549cjjkg1esoqojg/b9b7549cjjkg1esoqok0/000074.pdf""","NULL","2026-07-16 17:34:03.567","2026-07-16 18:51:42.620","NULL"
"67b79dbf-3f8a-11ec-89e6-00505681224b","s3://enverus-courthouse-prod-chd-plants/nm/eog_lea/67b7/67b79dbf-3f8a-11ec-89e6-00505681224b.pdf","d9bt3gfr2ffg00dv8pqg","1","HTTPConnectionPool(host='app-a-in.drillinginfo.com', port=80): Max retries exceeded with url: /diml-core/packages/d9bt3gfr2ffg00dv8pqg/datasets/new?do_not_commit=true (Caused by ReadTimeoutError(""HTTPConnectionPool(host='app-a-in.drillinginfo.com', port=80): Read timed out. (read timeout=None)""))","NULL","2026-07-16 17:34:03.567","2026-07-17 00:55:48.063","NULL"
"d4c84374-91d5-437e-8c24-58c08bbd49b1","s3://enverus-courthouse-prod-chd-plants/ok/muskogee/d4c8/d4c84374-91d5-437e-8c24-58c08bbd49b1.pdf","b8fh6ss3clr01n1srtn0","1","No pdf could be downloaded, error=s3://di-diml-platinum-prod/b8fh6ss3clr01n1srtn0/b8fh6st91s5g1nc0e5jg/013952.pdf: Could not connect to the endpoint URL: ""https://sts.us-east-1.amazonaws.com/""","NULL","2026-07-16 17:04:04.520","2026-07-16 18:15:41.170","NULL"
"fdb8cdf6-b04a-4312-b354-0b8e5d10f023","s3://enverus-courthouse-prod-chd-plants/ok/muskogee/fdb8/fdb8cdf6-b04a-4312-b354-0b8e5d10f023.pdf","b8rcsgpcjjkg1esi15ig","1","No pdf could be downloaded, error=s3://di-diml-platinum-prod/b8rcsgpcjjkg1esi15ig/b8rcsgrl40h01eml0s1g/014696.pdf: Could not connect to the endpoint URL: ""https://sts.us-east-1.amazonaws.com/""","NULL","2026-07-16 16:59:00.137","2026-07-16 18:15:41.170","NULL"
"c4619a44-0d75-4b8a-9291-a42ee781d030","s3://enverus-courthouse-prod-chd-plants/nm/eog_lea/c461/c4619a44-0d75-4b8a-9291-a42ee781d030.pdf","d9bst8s1kr4g008d31og","1","HTTPConnectionPool(host='app-a-in.drillinginfo.com', port=80): Max retries exceeded with url: /diml-core/packages/d9bst8s1kr4g008d31og/datasets/new?do_not_commit=true (Caused by ReadTimeoutError(""HTTPConnectionPool(host='app-a-in.drillinginfo.com', port=80): Read timed out. (read timeout=None)""))","NULL","2026-07-16 16:22:03.160","2026-07-17 02:38:05.947","NULL"
"667cf679-ebcd-4eef-bce0-58dc5217b723","s3://enverus-courthouse-prod-chd-plants/tx/eog_karnes/667c/667cf679-ebcd-4eef-bce0-58dc5217b723.pdf","d9buha5lksng008fn440","1","HTTPConnectionPool(host='app-a-in.drillinginfo.com', port=80): Max retries exceeded with url: /diml-core/packages/d9buha5lksng008fn440/datasets/new?do_not_commit=true (Caused by ReadTimeoutError(""HTTPConnectionPool(host='app-a-in.drillinginfo.com', port=80): Read timed out. (read timeout=None)""))","NULL","2026-07-16 16:22:03.160","2026-07-17 02:38:05.947","NULL"
"32cba016-787c-475f-93e7-7a5cd2fcd214","s3://enverus-courthouse-prod-chd-plants/tx/eog_atascosa/32cb/32cba016-787c-475f-93e7-7a5cd2fcd214.pdf","ba0ukdivki7g1fu7dh90","1","No pdf could be downloaded, error=s3://di-diml-platinum-prod/ba0ukdivki7g1fu7dh90/ba0ukdivki7g1fu7dha0/184739.pdf: Could not connect to the endpoint URL: ""https://sts.us-east-1.amazonaws.com/""","NULL","2026-07-16 15:47:35.580","2026-07-17 00:05:54.327","NULL"
"4e4c0542-aabd-4837-b72f-5a26a0109c06","s3://enverus-courthouse-prod-chd-plants/tx/falls/4e4c/4e4c0542-aabd-4837-b72f-5a26a0109c06.pdf","baoglmbreesg1ff78sag","1","No pdf could be downloaded, error=s3://di-diml-platinum-prod/baoglmbreesg1ff78sag/baoglmjreesg1ff78sc0/00000437.pdf: Could not connect to the endpoint URL: ""https://di-diml-platinum-prod.s3.amazonaws.com/baoglmbreesg1ff78sag/baoglmjreesg1ff78sc0/00000437.pdf""","NULL","2026-07-16 15:41:07.380","2026-07-16 21:06:31.120","NULL"
"896226e1-a844-40a6-b324-7452b5b668ce","s3://enverus-courthouse-prod-chd-plants/tx/lamb/8962/896226e1-a844-40a6-b324-7452b5b668ce.pdf","b8ttdphcjjkg1esj6ur0","1","No pdf could be downloaded, error=s3://di-diml-platinum-prod/b8ttdphcjjkg1esj6ur0/b8ttdpjl40h01emm8obg/2017-00001810.pdf: Could not connect to the endpoint URL: ""https://sts.us-east-1.amazonaws.com/""","NULL","2026-07-16 15:41:07.380","2026-07-17 02:59:24.283","NULL"
"74d89bfe-00e7-44c8-ad96-43c47d28921b","s3://enverus-courthouse-prod-chd-plants/tx/lavaca/74d8/74d89bfe-00e7-44c8-ad96-43c47d28921b.pdf","b95pah1cjjkg1eskg1a0","1","No pdf could be downloaded, error=s3://di-diml-platinum-prod/b95pah1cjjkg1eskg1a0/b95pah1cjjkg1eskg1cg/226116.pdf: Could not connect to the endpoint URL: ""https://di-diml-platinum-prod.s3.amazonaws.com/b95pah1cjjkg1eskg1a0/b95pah1cjjkg1eskg1cg/226116.pdf""","NULL","2026-07-16 15:33:52.200","2026-07-17 02:59:24.283","NULL"
"cac6a062-656f-441f-8c93-365ab7dac990","s3://enverus-courthouse-prod-chd-plants/tx/eastland/cac6/cac6a062-656f-441f-8c93-365ab7dac990.pdf","b8skm43l40h01emlba10","1","No pdf could be downloaded, error=s3://di-diml-platinum-prod/b8skm43l40h01emlba10/b8skm49cjjkg1esial9g/2017-003335.pdf: Could not connect to the endpoint URL: ""https://di-diml-platinum-prod.s3.amazonaws.com/b8skm43l40h01emlba10/b8skm49cjjkg1esial9g/2017-003335.pdf""","NULL","2026-07-16 15:33:52.200","2026-07-16 20:42:45.183","NULL"
"deaead34-4f84-41d6-a731-8043d90ad00e","s3://enverus-courthouse-prod-chd-plants/wy/sweetwater/deae/deaead34-4f84-41d6-a731-8043d90ad00e.pdf","d8pt224m70vg00csr0vg","1","HTTPConnectionPool(host='app-a-in.drillinginfo.com', port=80): Max retries exceeded with url: /diml-core/packages/d8pt224m70vg00csr0vg/datasets/new?do_not_commit=true (Caused by ReadTimeoutError(""HTTPConnectionPool(host='app-a-in.drillinginfo.com', port=80): Read timed out. (read timeout=None)""))","NULL","2026-07-16 15:25:51.153","2026-07-17 00:50:07.960","NULL"
"bf4ae97c-6cd9-4682-b21f-a8acf947eaa0","s3://enverus-courthouse-prod-chd-plants/tx/montgomery/bf4a/bf4ae97c-6cd9-4682-b21f-a8acf947eaa0.pdf","b9ekke3l40h01emup3kg","1","No pdf could be downloaded, error=s3://di-diml-platinum-prod/b9ekke3l40h01emup3kg/b9ekke3l40h01emup3lg/2017113088.pdf: Could not connect to the endpoint URL: ""https://sts.us-east-1.amazonaws.com/""","NULL","2026-07-16 15:25:51.153","2026-07-16 17:05:08.310","NULL"
"924875b9-4784-4de8-a060-37389d274a8c","s3://enverus-courthouse-prod-chd-plants/tx/nueces/9248/924875b9-4784-4de8-a060-37389d274a8c.pdf","b9pi5rivki7g1fu0lqag","1","No pdf could be downloaded, error=s3://di-diml-platinum-prod/b9pi5rivki7g1fu0lqag/b9pi5rqvki7g1fu0lqcg/2018004303.pdf: Could not connect to the endpoint URL: ""https://di-diml-platinum-prod.s3.amazonaws.com/b9pi5rivki7g1fu0lqag/b9pi5rqvki7g1fu0lqcg/2018004303.pdf""","NULL","2026-07-16 15:25:51.153","2026-07-17 02:15:11.973","NULL"
"785d21e8-3724-429b-b212-061349a7d43e","s3://enverus-courthouse-prod-chd-plants/tx/martin/785d/785d21e8-3724-429b-b212-061349a7d43e.pdf","c5a3khku12qg009a0l30","1","HTTPConnectionPool(host='app-a-in.drillinginfo.com', port=80): Max retries exceeded with url: /diml-core/packages/c5a3khku12qg009a0l30/datasets/new?do_not_commit=true (Caused by ReadTimeoutError(""HTTPConnectionPool(host='app-a-in.drillinginfo.com', port=80): Read timed out. (read timeout=None)""))","NULL","2026-07-16 15:25:51.153","2026-07-17 02:15:11.973","NULL"
"de0f9cde-b934-42cb-8dfe-81bd998f03d9","s3://enverus-courthouse-prod-chd-plants/tx/brazoria/de0f/de0f9cde-b934-42cb-8dfe-81bd998f03d9.pdf","c34hkm7orvtg00cr2f3g","1","HTTPConnectionPool(host='app-a-in.drillinginfo.com', port=80): Max retries exceeded with url: /diml-core/packages/c34hkm7orvtg00cr2f3g/datasets/new?do_not_commit=true (Caused by ReadTimeoutError(""HTTPConnectionPool(host='app-a-in.drillinginfo.com', port=80): Read timed out. (read timeout=None)""))","NULL","2026-07-16 15:25:51.153","2026-07-17 00:50:07.960","NULL"
"aff7d5ad-b2ae-42db-9be0-c85f60412c48","s3://enverus-courthouse-prod-chd-plants/nd/mckenzie/aff7/aff7d5ad-b2ae-42db-9be0-c85f60412c48.pdf","blg6tq5vu390nn19b9p0","1","HTTPConnectionPool(host='app-a-in.drillinginfo.com', port=80): Max retries exceeded with url: /diml-core/packages/blg6tq5vu390nn19b9p0/datasets/new?do_not_commit=true (Caused by ReadTimeoutError(""HTTPConnectionPool(host='app-a-in.drillinginfo.com', port=80): Read timed out. (read timeout=None)""))","NULL","2026-07-16 15:25:51.153","2026-07-17 02:15:11.973","NULL"
"22070df5-b090-4f22-b1a9-277f2d2de07e","s3://enverus-courthouse-prod-chd-plants/tx/crane/2207/22070df5-b090-4f22-b1a9-277f2d2de07e.pdf","d9bu0u3k4o900089a91g","1","HTTPConnectionPool(host='app-a-in.drillinginfo.com', port=80): Max retries exceeded with url: /diml-core/packages/d9bu0u3k4o900089a91g/datasets/new?do_not_commit=true (Caused by ReadTimeoutError(""HTTPConnectionPool(host='app-a-in.drillinginfo.com', port=80): Read timed out. (read timeout=None)""))","NULL","2026-07-16 15:20:48.360","2026-07-16 18:23:17.430","NULL"
"2cba9825-db5b-405f-ab1e-e5edbd0c15a4","s3://enverus-courthouse-prod-chd-plants/ok/haskell/2cba/2cba9825-db5b-405f-ab1e-e5edbd0c15a4.pdf","b8jfo1h3so3g1etguneg","1","No pdf could be downloaded, error=s3://di-diml-platinum-prod/b8jfo1h3so3g1etguneg/b8jfo1jkde4g1f9vjscg/342695.pdf: Could not connect to the endpoint URL: ""https://di-diml-platinum-prod.s3.amazonaws.com/b8jfo1h3so3g1etguneg/b8jfo1jkde4g1f9vjscg/342695.pdf""","NULL","2026-07-16 15:20:48.360","2026-07-17 01:29:50.160","NULL"
"8a788533-5d0d-4cb6-b9e4-0b2329b98109","s3://enverus-courthouse-prod-chd-plants/tx/montgomery/8a78/8a788533-5d0d-4cb6-b9e4-0b2329b98109.pdf","b8kp6prkde4g1fa11jig","1","No pdf could be downloaded, error=s3://di-diml-platinum-prod/b8kp6prkde4g1fa11jig/b8kp6q3kde4g1fa11jk0/2017107141.pdf: Could not connect to the endpoint URL: ""https://sts.us-east-1.amazonaws.com/""","NULL","2026-07-16 15:14:21.517","2026-07-16 18:44:30.813","NULL"
"51333e0d-fe5f-4d13-9d94-bd20236cd1cf","s3://enverus-courthouse-prod-chd-plants/tx/eog_mcmullen/5133/51333e0d-fe5f-4d13-9d94-bd20236cd1cf.pdf","d9buaefpfcq000fg92tg","1","HTTPConnectionPool(host='app-a-in.drillinginfo.com', port=80): Max retries exceeded with url: /diml-core/packages/d9buaefpfcq000fg92tg/datasets/new?do_not_commit=true (Caused by ReadTimeoutError(""HTTPConnectionPool(host='app-a-in.drillinginfo.com', port=80): Read timed out. (read timeout=None)""))","NULL","2026-07-16 15:09:09.443","2026-07-17 02:15:11.973","NULL"
"6023518b-f4bf-48e7-99bd-d3fde786bda2","s3://enverus-courthouse-prod-chd-plants/tx/montgomery/6023/6023518b-f4bf-48e7-99bd-d3fde786bda2.pdf","bbc8ukla0ln01fk5v0tg","1","No pdf could be downloaded, error=s3://di-diml-platinum-prod/bbc8ukla0ln01fk5v0tg/bbc8ukiooehg1f47tk3g/2018033031.pdf: Could not connect to the endpoint URL: ""https://di-diml-platinum-prod.s3.amazonaws.com/bbc8ukla0ln01fk5v0tg/bbc8ukiooehg1f47tk3g/2018033031.pdf""","NULL","2026-07-16 15:09:09.443","2026-07-17 02:10:05.400","NULL"
"aa7fc6ea-7967-4832-b4e9-9307e9b3d715","s3://enverus-courthouse-prod-chd-plants/nm/chd_lea/aa7f/aa7fc6ea-7967-4832-b4e9-9307e9b3d715.pdf","d9btgk059fgg00e1rkig","1","HTTPConnectionPool(host='app-a-in.drillinginfo.com', port=80): Max retries exceeded with url: /diml-core/packages/d9btgk059fgg00e1rkig/datasets/new?do_not_commit=true (Caused by ReadTimeoutError(""HTTPConnectionPool(host='app-a-in.drillinginfo.com', port=80): Read timed out. (read timeout=None)""))","NULL","2026-07-16 15:09:09.443","2026-07-17 02:15:11.973","NULL"
"2e682e7d-b571-4cc7-a4eb-1771437a73e6","s3://enverus-courthouse-prod-chd-plants/tx/eog_gonzales/2e68/2e682e7d-b571-4cc7-a4eb-1771437a73e6.pdf","d9bt093dd4a000d49veg","1","HTTPConnectionPool(host='app-a-in.drillinginfo.com', port=80): Max retries exceeded with url: /diml-core/packages/d9bt093dd4a000d49veg/datasets/new?do_not_commit=true (Caused by ReadTimeoutError(""HTTPConnectionPool(host='app-a-in.drillinginfo.com', port=80): Read timed out. (read timeout=None)""))","NULL","2026-07-16 15:09:09.443","2026-07-17 02:15:11.973","NULL"
"412f97a6-9f8e-45ec-8c2d-6a4c4e0f2cd9","s3://enverus-courthouse-prod-chd-plants/tx/montgomery/412f/412f97a6-9f8e-45ec-8c2d-6a4c4e0f2cd9.pdf","b8jh1u93so3g1eth33l0","1","No pdf could be downloaded, error=s3://di-diml-platinum-prod/b8jh1u93so3g1eth33l0/b8jh1uh3so3g1eth33m0/2017104720.pdf: Could not connect to the endpoint URL: ""https://di-diml-platinum-prod.s3.amazonaws.com/b8jh1u93so3g1eth33l0/b8jh1uh3so3g1eth33m0/2017104720.pdf""","NULL","2026-07-16 15:09:09.443","2026-07-16 23:03:55.987","NULL"
"339dabac-b22e-47d2-b3cb-529fa8019616","s3://enverus-courthouse-prod-chd-plants/tx/denton/339d/339dabac-b22e-47d2-b3cb-529fa8019616.pdf","bb750smil1e01eputtp0","1","No pdf could be downloaded, error=s3://di-diml-platinum-prod/bb750smil1e01eputtp0/bb750sjreesg2eqrf1lg/32468.pdf: Could not connect to the endpoint URL: ""https://di-diml-platinum-prod.s3.amazonaws.com/bb750smil1e01eputtp0/bb750sjreesg2eqrf1lg/32468.pdf""","NULL","2026-07-16 15:00:17.840","2026-07-16 20:48:20.050","NULL"
"ce6b5441-f1cc-42f2-b9c3-9119787a1e36","s3://enverus-courthouse-prod-chd-plants/tx/denton/ce6b/ce6b5441-f1cc-42f2-b9c3-9119787a1e36.pdf","b9svfl2vki7g1fu4tqhg","1","No pdf could be downloaded, error=s3://di-diml-platinum-prod/b9svfl2vki7g1fu4tqhg/b9svflavki7g1fu4tqig/10919.pdf: Could not connect to the endpoint URL: ""https://di-diml-platinum-prod.s3.amazonaws.com/b9svfl2vki7g1fu4tqhg/b9svflavki7g1fu4tqig/10919.pdf""","NULL","2026-07-16 15:00:17.840","2026-07-17 01:24:03.937","NULL"
"43c458e9-4a28-4d25-a559-0e416dd1d9c5","s3://enverus-courthouse-prod-chd-plants/tx/pecos/43c4/43c458e9-4a28-4d25-a559-0e416dd1d9c5.pdf","b99334jl40h01emp6480","1","No pdf could be downloaded, error=s3://di-diml-platinum-prod/b99334jl40h01emp6480/b99334jl40h01emp648g/43c458e9-4a28-4d25-a559-0e416dd1d9c5.pdf: Could not connect to the endpoint URL: ""https://sts.us-east-1.amazonaws.com/""","NULL","2026-07-16 15:00:17.840","2026-07-16 19:32:18.127","NULL"
"433911ee-1d48-4cee-bde4-aaad09d5922e","s3://enverus-courthouse-prod-chd-plants/ok/garvin/4339/433911ee-1d48-4cee-bde4-aaad09d5922e.pdf","b8lf1shcjjkg1esa61p0","1","No pdf could be downloaded, error=s3://di-diml-platinum-prod/b8lf1shcjjkg1esa61p0/b8lf1sjl40h01emd0bu0/010256.pdf: Could not connect to the endpoint URL: ""https://di-diml-platinum-prod.s3.amazonaws.com/b8lf1shcjjkg1esa61p0/b8lf1sjl40h01emd0bu0/010256.pdf""","NULL","2026-07-16 15:00:17.840","2026-07-16 17:41:59.230","NULL"
"2b15e6cc-1237-4874-beb8-f3a2bf893b9f","s3://enverus-courthouse-prod-chd-plants/tx/montgomery/2b15/2b15e6cc-1237-4874-beb8-f3a2bf893b9f.pdf","b8jgvkp3so3g1eth2rb0","1","No pdf could be downloaded, error=s3://di-diml-platinum-prod/b8jgvkp3so3g1eth2rb0/b8jgvl13so3g1eth2rc0/2017103434.pdf: Could not connect to the endpoint URL: ""https://sts.us-east-1.amazonaws.com/""","NULL","2026-07-16 15:00:17.840","2026-07-17 00:39:00.997","NULL"
"1adcbdd2-fb66-4b9a-854e-0cabb597f3e8","s3://enverus-courthouse-prod-chd-plants/ok/blaine/1adc/1adcbdd2-fb66-4b9a-854e-0cabb597f3e8.pdf","b8bndql91s5g1nbsnf10","1","No pdf could be downloaded, error=s3://di-diml-platinum-prod/b8bndql91s5g1nbsnf10/b8e7nst91s5g1nbugp90/010915.pdf: Could not connect to the endpoint URL: ""https://sts.us-east-1.amazonaws.com/""","NULL","2026-07-16 15:00:17.840","2026-07-17 01:24:03.937","NULL"
"66631d85-fdba-47ce-a1ee-707619d06de6","s3://enverus-courthouse-prod-chd-plants/tx/nueces/6663/66631d85-fdba-47ce-a1ee-707619d06de6.pdf","b8eqi2c3clr01n1rq6n0","1","No pdf could be downloaded, error=s3://di-diml-platinum-prod/b8eqi2c3clr01n1rq6n0/b8eqi2k3clr01n1rq6o0/2017047859.pdf: Could not connect to the endpoint URL: ""https://sts.us-east-1.amazonaws.com/""","NULL","2026-07-16 14:51:55.050","2026-07-17 00:55:48.063","NULL"
"a59b3b62-6573-4b34-956f-80c912b1b5ba","s3://enverus-courthouse-prod-chd-plants/tx/jasper/a59b/a59b3b62-6573-4b34-956f-80c912b1b5ba.pdf","ba5hcaqvki7g1fuhe0q0","1","No pdf could be downloaded, error=s3://di-diml-platinum-prod/ba5hcaqvki7g1fuhe0q0/ba5hcaqvki7g1fuhe0sg/280502.pdf: Could not connect to the endpoint URL: ""https://sts.us-east-1.amazonaws.com/""","NULL","2026-07-16 14:43:19.120","2026-07-16 16:52:09.960","NULL"
"74fbadaf-c8f3-445f-86c9-58c6195dff74","s3://enverus-courthouse-prod-chd-plants/tx/eog_gonzales/74fb/74fbadaf-c8f3-445f-86c9-58c6195dff74.pdf","b9t2k4qvki7g1fu5ell0","1","No pdf could be downloaded, error=s3://di-diml-platinum-prod/b9t2k4qvki7g1fu5ell0/b9t2k52vki7g1fu5eln0/17291492.pdf: Could not connect to the endpoint URL: ""https://di-diml-platinum-prod.s3.amazonaws.com/b9t2k4qvki7g1fu5ell0/b9t2k52vki7g1fu5eln0/17291492.pdf""","NULL","2026-07-16 14:43:19.120","2026-07-16 19:46:00.963","NULL"
"43a14649-2e5f-4789-a09e-f4839f70e122","s3://enverus-courthouse-prod-chd-plants/tx/eog_gonzales/43a1/43a14649-2e5f-4789-a09e-f4839f70e122.pdf","b9t2feivki7g1fu5e8b0","1","No pdf could be downloaded, error=s3://di-diml-platinum-prod/b9t2feivki7g1fu5e8b0/b9t2feivki7g1fu5e8c0/17292511.pdf: Could not connect to the endpoint URL: ""https://sts.us-east-1.amazonaws.com/""","NULL","2026-07-16 14:43:19.120","2026-07-17 03:09:38.900","NULL"
"5fe61b14-4081-4865-892d-22e03959e1dc","s3://enverus-courthouse-prod-chd-plants/tx/gregg/5fe6/5fe61b14-4081-4865-892d-22e03959e1dc.pdf","bagq55ivki7g1fvhvq0g","1","No pdf could be downloaded, error=s3://di-diml-platinum-prod/bagq55ivki7g1fvhvq0g/bagq55qvki7g1fvhvq1g/201801474.pdf: Could not connect to the endpoint URL: ""https://sts.us-east-1.amazonaws.com/""","NULL","2026-07-16 14:43:19.120","2026-07-17 03:09:38.900","NULL"
"2e022bd4-c2cc-482b-8542-84bdc1631734","s3://enverus-courthouse-prod-chd-plants/tx/lavaca/2e02/2e022bd4-c2cc-482b-8542-84bdc1631734.pdf","b9o9liivki7g1ftunh50","1","Could not connect to the endpoint URL: ""https://di-diml-silver-prod.s3.amazonaws.com/b9o9liivki7g1ftunh50/cvqv65er7j8g008u5mmg/b9o9liivki7g1ftunh50.tsv""","NULL","2026-07-16 14:35:39.310","2026-07-16 16:29:16.970","NULL"
"055e9819-ccca-46cc-96be-ceb2c5a02813","s3://enverus-courthouse-prod-chd-plants/tx/eog_gonzales/055e/055e9819-ccca-46cc-96be-ceb2c5a02813.pdf","b9t2l72vki7g1fu5f4fg","1","Could not connect to the endpoint URL: ""https://di-diml-silver-prod.s3.amazonaws.com/b9t2l72vki7g1fu5f4fg/cvqv6cmgi0og00fhha8g/b9t2l72vki7g1fu5f4fg.tsv""","NULL","2026-07-16 14:30:30.823","2026-07-17 02:04:08.853","NULL"
"09856586-7027-40f9-a295-57fc25384e2b","s3://enverus-courthouse-prod-chd-plants/tx/wilbarger/0985/09856586-7027-40f9-a295-57fc25384e2b.pdf","c95ig6kfjb0000d3qi1g","1","HTTPConnectionPool(host='app-a-in.drillinginfo.com', port=80): Max retries exceeded with url: /diml-core/packages/c95ig6kfjb0000d3qi1g/datasets/new?do_not_commit=true (Caused by ReadTimeoutError(""HTTPConnectionPool(host='app-a-in.drillinginfo.com', port=80): Read timed out. (read timeout=None)""))","NULL","2026-07-16 14:30:30.823","2026-07-16 20:59:31.657","NULL"
"4b6bbca4-b95a-4a4e-a326-2d99b7fda392","s3://enverus-courthouse-prod-chd-plants/tx/montgomery/4b6b/4b6bbca4-b95a-4a4e-a326-2d99b7fda392.pdf","b9el8qrl40h01emura7g","1","No pdf could be downloaded, error=s3://di-diml-platinum-prod/b9el8qrl40h01emura7g/b9el8qrl40h01emura8g/2017115759.pdf: Could not connect to the endpoint URL: ""https://di-diml-platinum-prod.s3.amazonaws.com/b9el8qrl40h01emura7g/b9el8qrl40h01emura8g/2017115759.pdf""","NULL","2026-07-16 14:30:30.823","2026-07-16 18:58:53.170","NULL"
"170dae8f-5c35-43c6-b0c2-241938534803","s3://enverus-courthouse-prod-chd-plants/nm/eog_lea/170d/170dae8f-5c35-43c6-b0c2-241938534803.pdf","d9btg941kr4g008dnh70","1","HTTPConnectionPool(host='app-a-in.drillinginfo.com', port=80): Max retries exceeded with url: /diml-core/packages/d9btg941kr4g008dnh70/datasets/new?do_not_commit=true (Caused by ReadTimeoutError(""HTTPConnectionPool(host='app-a-in.drillinginfo.com', port=80): Read timed out. (read timeout=None)""))","NULL","2026-07-16 14:30:30.823","2026-07-16 20:59:31.657","NULL"
"8a0188e2-ed10-43ef-acf4-994a659187e4","s3://enverus-courthouse-prod-chd-plants/tx/eog_atascosa/8a01/8a0188e2-ed10-43ef-acf4-994a659187e4.pdf","baogoi3reesg1ff79g6g","1","No pdf could be downloaded, error=s3://di-diml-platinum-prod/baogoi3reesg1ff79g6g/baogoi3reesg1ff79g80/185209.pdf: Could not connect to the endpoint URL: ""https://sts.us-east-1.amazonaws.com/""","NULL","2026-07-16 14:30:30.823","2026-07-16 20:42:45.183","NULL"
"5f70c814-fd81-4dff-8107-16d78373a879","s3://enverus-courthouse-prod-chd-plants/tx/colorado/5f70/5f70c814-fd81-4dff-8107-16d78373a879.pdf","ba87i62vki7g1fumhle0","1","No pdf could be downloaded, error=s3://di-diml-platinum-prod/ba87i62vki7g1fumhle0/ba87i62vki7g1fumhlf0/17 5573.pdf: Could not connect to the endpoint URL: ""https://di-diml-platinum-prod.s3.amazonaws.com/ba87i62vki7g1fumhle0/ba87i62vki7g1fumhlf0/17%205573.pdf""","NULL","2026-07-16 14:30:30.823","2026-07-16 20:10:25.123","NULL"
"d0e4fbc9-082a-4a13-b5e4-d1b0be64e687","s3://enverus-courthouse-prod-chd-plants/tx/eog_mcmullen/d0e4/d0e4fbc9-082a-4a13-b5e4-d1b0be64e687.pdf","d9bui8rte9l000f97pmg","1","HTTPConnectionPool(host='app-a-in.drillinginfo.com', port=80): Max retries exceeded with url: /diml-core/packages/d9bui8rte9l000f97pmg/datasets/new?do_not_commit=true (Caused by ReadTimeoutError(""HTTPConnectionPool(host='app-a-in.drillinginfo.com', port=80): Read timed out. (read timeout=None)""))","NULL","2026-07-16 14:30:30.823","2026-07-17 00:00:34.667","NULL"
"eca97dc0-2f4d-4ebf-a36a-800fec68fc32","s3://enverus-courthouse-prod-chd-plants/tx/martin/eca9/eca97dc0-2f4d-4ebf-a36a-800fec68fc32.pdf","c59v5msfjb0000cpfrp0","1","HTTPConnectionPool(host='app-a-in.drillinginfo.com', port=80): Max retries exceeded with url: /diml-core/packages/c59v5msfjb0000cpfrp0/datasets/new?do_not_commit=true (Caused by ReadTimeoutError(""HTTPConnectionPool(host='app-a-in.drillinginfo.com', port=80): Read timed out. (read timeout=None)""))","NULL","2026-07-16 14:30:30.823","NULL","NULL"
"367a504b-df65-4c16-9368-c63e52c5da07","s3://enverus-courthouse-prod-chd-plants/tx/houston/367a/367a504b-df65-4c16-9368-c63e52c5da07.pdf","d9bt98j1f5dg00bd6lkg","1","HTTPConnectionPool(host='app-a-in.drillinginfo.com', port=80): Max retries exceeded with url: /diml-core/packages/d9bt98j1f5dg00bd6lkg/datasets/new?do_not_commit=true (Caused by ReadTimeoutError(""HTTPConnectionPool(host='app-a-in.drillinginfo.com', port=80): Read timed out. (read timeout=None)""))","NULL","2026-07-16 14:30:30.823","2026-07-17 00:00:34.667","NULL"
"56f05607-455a-4832-8dc8-b76452ebfc12","s3://enverus-courthouse-prod-chd-plants/tx/denton/56f0/56f05607-455a-4832-8dc8-b76452ebfc12.pdf","b9t10k2vki7g1fu57smg","1","No pdf could be downloaded, error=s3://di-diml-platinum-prod/b9t10k2vki7g1fu57smg/b9t10k2vki7g1fu57sng/6290.pdf: Could not connect to the endpoint URL: ""https://di-diml-platinum-prod.s3.amazonaws.com/b9t10k2vki7g1fu57smg/b9t10k2vki7g1fu57sng/6290.pdf""","NULL","2026-07-16 14:23:05.873","2026-07-16 15:59:50.073","NULL"
"777c7061-be68-4f06-bbc2-0873706c7946","s3://enverus-courthouse-prod-chd-plants/nm/eog_lea/777c/777c7061-be68-4f06-bbc2-0873706c7946.pdf","d9bt9m41kr4g008dg7ug","1","HTTPConnectionPool(host='app-a-in.drillinginfo.com', port=80): Max retries exceeded with url: /diml-core/packages/d9bt9m41kr4g008dg7ug/datasets/new?do_not_commit=true (Caused by ReadTimeoutError(""HTTPConnectionPool(host='app-a-in.drillinginfo.com', port=80): Read timed out. (read timeout=None)""))","NULL","2026-07-16 14:15:01.780","2026-07-16 16:06:18.470","NULL"
"4b08460b-840c-49d7-abf5-06c9afcf8eca","s3://enverus-courthouse-prod-chd-plants/tx/nueces/4b08/4b08460b-840c-49d7-abf5-06c9afcf8eca.pdf","ba1g3f2vki7g1fu9gib0","1","No pdf could be downloaded, error=s3://di-diml-platinum-prod/ba1g3f2vki7g1fu9gib0/ba1g3f2vki7g1fu9gic0/2018004975.pdf: Could not connect to the endpoint URL: ""https://di-diml-platinum-prod.s3.amazonaws.com/ba1g3f2vki7g1fu9gib0/ba1g3f2vki7g1fu9gic0/2018004975.pdf""","NULL","2026-07-16 14:08:35.370","2026-07-16 16:36:21.093","NULL"
"23de182e-4b0e-43a6-81fa-c36ed428a84e","s3://enverus-courthouse-prod-chd-plants/tx/eog_atascosa/23de/23de182e-4b0e-43a6-81fa-c36ed428a84e.pdf","ba0ukj2vki7g1fu7dj30","1","No pdf could be downloaded, error=s3://di-diml-platinum-prod/ba0ukj2vki7g1fu7dj30/ba0ukj2vki7g1fu7dj4g/184763.pdf: Could not connect to the endpoint URL: ""https://di-diml-platinum-prod.s3.amazonaws.com/ba0ukj2vki7g1fu7dj30/ba0ukj2vki7g1fu7dj4g/184763.pdf""","NULL","2026-07-16 14:08:35.370","2026-07-16 16:36:21.093","NULL"
"791aeaad-9014-4c92-8477-5766b4944103","s3://enverus-courthouse-prod-chd-plants/ok/roger mills/791a/791aeaad-9014-4c92-8477-5766b4944103.pdf","bagpuiqvki7g1fvhtj00","1","No pdf could be downloaded, error=s3://di-diml-platinum-prod/bagpuiqvki7g1fvhtj00/bagpuiqvki7g1fvhtj10/000465.pdf: Could not connect to the endpoint URL: ""https://sts.us-east-1.amazonaws.com/""","NULL","2026-07-16 14:08:35.370","2026-07-16 20:10:25.123","NULL"
"e6a5e28f-1f6a-48f5-86ec-67072c34764d","s3://enverus-courthouse-prod-chd-plants/tx/eog_gonzales/e6a5/e6a5e28f-1f6a-48f5-86ec-67072c34764d.pdf","b9t2mmivki7g1fu5fp4g","1","No pdf could be downloaded, error=s3://di-diml-platinum-prod/b9t2mmivki7g1fu5fp4g/b9t2mmivki7g1fu5fp6g/17291845.pdf: Could not connect to the endpoint URL: ""https://sts.us-east-1.amazonaws.com/""","NULL","2026-07-16 14:08:35.370","2026-07-16 20:04:14.860","NULL"
"b310ac82-b5a2-4338-9170-d84258965caa","s3://enverus-courthouse-prod-chd-plants/tx/eog_cooke/b310/b310ac82-b5a2-4338-9170-d84258965caa.pdf","bdljphes7b9jbivoi11g","1","No pdf could be downloaded, error=s3://di-diml-platinum-prod/bdljphes7b9jbivoi11g/bdljphes7b9jbivoi13g/00083749.pdf: Could not connect to the endpoint URL: ""https://sts.us-east-1.amazonaws.com/""","NULL","2026-07-16 14:08:35.370","2026-07-16 20:29:31.970","NULL"
"c7891e5d-c9db-485d-989e-bda36c7c569e","s3://enverus-courthouse-prod-chd-plants/tx/gray/c789/c7891e5d-c9db-485d-989e-bda36c7c569e.pdf","b915l53l40h01emmuad0","1","No pdf could be downloaded, error=s3://di-diml-platinum-prod/b915l53l40h01emmuad0/b915l5bl40h01emmuaeg/0214391.pdf: Could not connect to the endpoint URL: ""https://di-diml-platinum-prod.s3.amazonaws.com/b915l53l40h01emmuad0/b915l5bl40h01emmuaeg/0214391.pdf""","NULL","2026-07-16 14:00:00.923","2026-07-16 15:30:37.840","NULL"
"e047f53d-0f3a-4e77-883a-a0b20d8c6a5a","s3://enverus-courthouse-prod-chd-plants/tx/eog_lasalle/e047/e047f53d-0f3a-4e77-883a-a0b20d8c6a5a.pdf","d9bu8a859fgg00e2r88g","1","HTTPConnectionPool(host='app-a-in.drillinginfo.com', port=80): Max retries exceeded with url: /diml-core/packages/d9bu8a859fgg00e2r88g/datasets/new?do_not_commit=true (Caused by ReadTimeoutError(""HTTPConnectionPool(host='app-a-in.drillinginfo.com', port=80): Read timed out. (read timeout=None)""))","NULL","2026-07-16 13:54:50.150","2026-07-16 23:55:10.063","NULL"
"d496a52b-5a3a-4b81-8012-637eaac8dab3","s3://enverus-courthouse-prod-chd-plants/nm/eog_lea/d496/d496a52b-5a3a-4b81-8012-637eaac8dab3.pdf","d9btvrmicpjg00dcc4og","1","HTTPConnectionPool(host='app-a-in.drillinginfo.com', port=80): Max retries exceeded with url: /diml-core/packages/d9btvrmicpjg00dcc4og/datasets/new?do_not_commit=true (Caused by ReadTimeoutError(""HTTPConnectionPool(host='app-a-in.drillinginfo.com', port=80): Read timed out. (read timeout=None)""))","NULL","2026-07-16 13:54:50.150","NULL","NULL"
"2337b0ae-a429-4171-a7f3-b4546f6c0451","s3://enverus-courthouse-prod-chd-plants/tx/kleberg/2337/2337b0ae-a429-4171-a7f3-b4546f6c0451.pdf","b95q8ppcjjkg1eskhshg","1","No pdf could be downloaded, error=s3://di-diml-platinum-prod/b95q8ppcjjkg1eskhshg/b95q8q1cjjkg1eskhsig/312577.pdf: Could not connect to the endpoint URL: ""https://sts.us-east-1.amazonaws.com/""","NULL","2026-07-16 13:54:50.150","2026-07-16 23:55:10.063","NULL"
"50bfa1eb-40c3-4eef-a01a-56ac1f4ef6c2","s3://enverus-courthouse-prod-chd-plants/tx/eog_gonzales/50bf/50bfa1eb-40c3-4eef-a01a-56ac1f4ef6c2.pdf","b9t2lbivki7g1fu5f6a0","1","No pdf could be downloaded, error=s3://di-diml-platinum-prod/b9t2lbivki7g1fu5f6a0/b9t2lbivki7g1fu5f6c0/17291656.pdf: Could not connect to the endpoint URL: ""https://di-diml-platinum-prod.s3.amazonaws.com/b9t2lbivki7g1fu5f6a0/b9t2lbivki7g1fu5f6c0/17291656.pdf""","NULL","2026-07-16 13:54:50.150","2026-07-16 15:30:37.840","NULL"
"0c0f65d0-9742-46eb-9c2c-d6a5dd54eba2","s3://enverus-courthouse-prod-chd-plants/tx/eog_karnes/0c0f/0c0f65d0-9742-46eb-9c2c-d6a5dd54eba2.pdf","d9bthd3dd4a000d4t9rg","1","HTTPConnectionPool(host='app-a-in.drillinginfo.com', port=80): Max retries exceeded with url: /diml-core/packages/d9bthd3dd4a000d4t9rg/datasets/new?do_not_commit=true (Caused by ReadTimeoutError(""HTTPConnectionPool(host='app-a-in.drillinginfo.com', port=80): Read timed out. (read timeout=None)""))","NULL","2026-07-16 13:54:50.150","2026-07-17 00:55:48.063","NULL"
"b08f3b6b-fea0-4bec-9484-124167f8ce73","s3://enverus-courthouse-prod-chd-plants/tx/eog_gonzales/b08f/b08f3b6b-fea0-4bec-9484-124167f8ce73.pdf","ba5j4divki7g1fuhmo80","1","HTTPConnectionPool(host='app-a-in.drillinginfo.com', port=80): Max retries exceeded with url: /diml-core/packages/ba5j4divki7g1fuhmo80/datasets/new?do_not_commit=true (Caused by ReadTimeoutError(""HTTPConnectionPool(host='app-a-in.drillinginfo.com', port=80): Read timed out. (read timeout=None)""))","NULL","2026-07-16 13:54:50.150","2026-07-16 15:18:53.783","NULL"
"f524b6cc-fd61-46fe-a6ec-8b5657e73914","s3://enverus-courthouse-prod-chd-plants/tx/montgomery/f524/f524b6cc-fd61-46fe-a6ec-8b5657e73914.pdf","bc1h8bvndmn07ca0acf0","1","Could not connect to the endpoint URL: ""https://di-diml-silver-prod.s3.amazonaws.com/bc1h8bvndmn07ca0acf0/d9bushvpfdig00fcmk60/bc1h8bvndmn07ca0acf0.tsv""","NULL","2026-07-16 13:54:50.150","2026-07-16 23:55:10.063","NULL"
"0af6addb-6ea6-4843-aa5b-0cbbc07bef34","s3://enverus-courthouse-prod-chd-plants/tx/upshur/0af6/0af6addb-6ea6-4843-aa5b-0cbbc07bef34.pdf","ba2528qvki7g1fua5c90","1","No pdf could be downloaded, error=s3://di-diml-platinum-prod/ba2528qvki7g1fua5c90/ba2528qvki7g1fua5cag/201706156.pdf: Could not connect to the endpoint URL: ""https://di-diml-platinum-prod.s3.amazonaws.com/ba2528qvki7g1fua5c90/ba2528qvki7g1fua5cag/201706156.pdf""","NULL","2026-07-16 13:54:50.150","2026-07-16 19:57:23.607","NULL"
"6aff520d-0201-4642-8a48-e46be3161435","s3://enverus-courthouse-prod-chd-plants/tx/eog_karnes/6aff/6aff520d-0201-4642-8a48-e46be3161435.pdf","d9btn4hd6jhg0083ebrg","1","HTTPConnectionPool(host='app-a-in.drillinginfo.com', port=80): Max retries exceeded with url: /diml-core/packages/d9btn4hd6jhg0083ebrg/datasets/new?do_not_commit=true (Caused by ReadTimeoutError(""HTTPConnectionPool(host='app-a-in.drillinginfo.com', port=80): Read timed out. (read timeout=None)""))","NULL","2026-07-16 13:45:59.757","2026-07-16 16:06:18.470","NULL"
"6969c958-3cb8-474f-a091-b7013b7ea24f","s3://enverus-courthouse-prod-chd-plants/nm/chd_lea/6969/6969c958-3cb8-474f-a091-b7013b7ea24f.pdf","d9bu1n1hd6mg00bn1mq0","1","HTTPConnectionPool(host='app-a-in.drillinginfo.com', port=80): Max retries exceeded with url: /diml-core/packages/d9bu1n1hd6mg00bn1mq0/datasets/new?do_not_commit=true (Caused by ReadTimeoutError(""HTTPConnectionPool(host='app-a-in.drillinginfo.com', port=80): Read timed out. (read timeout=None)""))","NULL","2026-07-16 13:45:59.757","2026-07-16 15:18:53.783","NULL"
"5ae4b3d4-fb00-4c9d-81b0-33acb0871002","s3://enverus-courthouse-prod-chd-plants/tx/brazoria/5ae4/5ae4b3d4-fb00-4c9d-81b0-33acb0871002.pdf","bdbn6hes7b9g1m6nla5g","1","Could not connect to the endpoint URL: ""https://di-diml-silver-prod.s3.amazonaws.com/bdbn6hes7b9g1m6nla5g/d02tab0h3d7g00doh280/bdbn6hes7b9g1m6nla5g.tsv""","NULL","2026-07-16 13:45:59.757","2026-07-16 16:06:18.470","NULL"
"b796fb9d-1d24-449f-aa20-a9eebf7e1688","s3://enverus-courthouse-prod-chd-plants/tx/eog_cooke/b796/b796fb9d-1d24-449f-aa20-a9eebf7e1688.pdf","ba1kpjavki7g1fu9s1s0","1","No pdf could be downloaded, error=s3://di-diml-platinum-prod/ba1kpjavki7g1fu9s1s0/ba1kpjivki7g1fu9s1t0/00079839.pdf: Could not connect to the endpoint URL: ""https://di-diml-platinum-prod.s3.amazonaws.com/ba1kpjavki7g1fu9s1s0/ba1kpjivki7g1fu9s1t0/00079839.pdf""","NULL","2026-07-16 13:36:53.970","2026-07-17 01:47:37.223","NULL"
"72849532-bfc0-4c1d-9374-d3bb0cdbbaab","s3://enverus-courthouse-prod-chd-plants/tx/eog_gonzales/7284/72849532-bfc0-4c1d-9374-d3bb0cdbbaab.pdf","bak161slh1gg1g523ku0","1","No pdf could be downloaded, error=s3://di-diml-platinum-prod/bak161slh1gg1g523ku0/bak161slh1gg1g523kv0/18293099.pdf: Could not connect to the endpoint URL: ""https://di-diml-platinum-prod.s3.amazonaws.com/bak161slh1gg1g523ku0/bak161slh1gg1g523kv0/18293099.pdf""","NULL","2026-07-16 13:36:53.970","2026-07-17 01:47:37.223","NULL"
"abf9053f-de3f-4e3d-bf8e-b113c499e6eb","s3://enverus-courthouse-prod-chd-plants/tx/montgomery/abf9/abf9053f-de3f-4e3d-bf8e-b113c499e6eb.pdf","basgt46il1e01eoe49r0","1","No pdf could be downloaded, error=s3://di-diml-platinum-prod/basgt46il1e01eoe49r0/basgt46il1e01eoe49s0/2018012064.pdf: Could not connect to the endpoint URL: ""https://di-diml-platinum-prod.s3.amazonaws.com/basgt46il1e01eoe49r0/basgt46il1e01eoe49s0/2018012064.pdf""","NULL","2026-07-16 13:36:53.970","2026-07-17 01:47:37.223","NULL"
"234a569d-f730-4904-a499-55db0776ae2f","s3://enverus-courthouse-prod-chd-plants/tx/eog_atascosa/234a/234a569d-f730-4904-a499-55db0776ae2f.pdf","bbuni2nndmn07c9srh20","1","Could not connect to the endpoint URL: ""https://di-diml-silver-prod.s3.amazonaws.com/bbuni2nndmn07c9srh20/d9busr31f5dg00bfbftg/bbuni2nndmn07c9srh20.tsv""","NULL","2026-07-16 13:36:53.970","2026-07-17 02:59:24.283","NULL"
"92b8d6bf-6955-4208-9fdb-2a3d7bef18ff","s3://enverus-courthouse-prod-chd-plants/tx/upshur/92b8/92b8d6bf-6955-4208-9fdb-2a3d7bef18ff.pdf","baarsaavki7g1fur0ma0","1","No pdf could be downloaded, error=s3://di-diml-platinum-prod/baarsaavki7g1fur0ma0/baarsaavki7g1fur0mbg/201801017.pdf: Could not connect to the endpoint URL: ""https://di-diml-platinum-prod.s3.amazonaws.com/baarsaavki7g1fur0ma0/baarsaavki7g1fur0mbg/201801017.pdf""","NULL","2026-07-16 13:36:53.970","2026-07-16 20:24:05.940","NULL"
"8232b09c-479e-4eb7-8d0c-4b85be802943","s3://enverus-courthouse-prod-chd-plants/tx/denton/8232/8232b09c-479e-4eb7-8d0c-4b85be802943.pdf","bb73o3breesg2eqqvhag","1","No pdf could be downloaded, error=s3://di-diml-platinum-prod/bb73o3breesg2eqqvhag/bb73o3breesg2eqqvhbg/27482.pdf: Could not connect to the endpoint URL: ""https://di-diml-platinum-prod.s3.amazonaws.com/bb73o3breesg2eqqvhag/bb73o3breesg2eqqvhbg/27482.pdf""","NULL","2026-07-16 13:31:13.710","2026-07-16 15:05:13.280","NULL"
"2b61979a-3e81-4b91-a2a9-b18be88eab53","s3://enverus-courthouse-prod-chd-plants/ok/stephens/2b61/2b61979a-3e81-4b91-a2a9-b18be88eab53.pdf","bbb4imqooehg1f46h8ng","1","No pdf could be downloaded, error=s3://di-diml-platinum-prod/bbb4imqooehg1f46h8ng/bbb4imta0ln01fk4ie4g/003879.pdf: Could not connect to the endpoint URL: ""https://di-diml-platinum-prod.s3.amazonaws.com/bbb4imqooehg1f46h8ng/bbb4imta0ln01fk4ie4g/003879.pdf""","NULL","2026-07-16 13:31:13.710","2026-07-16 15:05:13.280","NULL"
"49319940-440e-4d07-8e94-51478a3cc9c4","s3://enverus-courthouse-prod-chd-plants/tx/montgomery/4931/49319940-440e-4d07-8e94-51478a3cc9c4.pdf","bbf12jfl4i9g1gdq61gg","1","No pdf could be downloaded, error=s3://di-diml-platinum-prod/bbf12jfl4i9g1gdq61gg/bbf12jfl4i9g1gdq61i0/2018027566.pdf: Could not connect to the endpoint URL: ""https://di-diml-platinum-prod.s3.amazonaws.com/bbf12jfl4i9g1gdq61gg/bbf12jfl4i9g1gdq61i0/2018027566.pdf""","NULL","2026-07-16 13:31:13.710","2026-07-16 15:05:13.280","NULL"
"e74d5922-73b8-42e4-9b1b-3cdc3a2a86b3","s3://enverus-courthouse-prod-chd-plants/nm/eog_lea/e74d/e74d5922-73b8-42e4-9b1b-3cdc3a2a86b3.pdf","d9buhbrk4o90008a2cbg","1","HTTPConnectionPool(host='app-a-in.drillinginfo.com', port=80): Max retries exceeded with url: /diml-core/packages/d9buhbrk4o90008a2cbg/datasets/new?do_not_commit=true (Caused by ReadTimeoutError(""HTTPConnectionPool(host='app-a-in.drillinginfo.com', port=80): Read timed out. (read timeout=None)""))","NULL","2026-07-16 13:31:13.710","2026-07-17 02:04:08.853","NULL"
"855ebef5-4889-4bce-811a-0f4f9573af9b","s3://enverus-courthouse-prod-chd-plants/tx/eog_gonzales/855e/855ebef5-4889-4bce-811a-0f4f9573af9b.pdf","b9t2lc2vki7g1fu5f6jg","1","No pdf could be downloaded, error=s3://di-diml-platinum-prod/b9t2lc2vki7g1fu5f6jg/b9t2lcavki7g1fu5f6l0/17291659.pdf: Could not connect to the endpoint URL: ""https://di-diml-platinum-prod.s3.amazonaws.com/b9t2lc2vki7g1fu5f6jg/b9t2lcavki7g1fu5f6l0/17291659.pdf""","NULL","2026-07-16 13:31:13.710","2026-07-17 00:05:54.327","NULL"
"18146024-e57d-4c2f-bbec-6ea551426ac5","s3://enverus-courthouse-prod-chd-plants/tx/nueces/1814/18146024-e57d-4c2f-bbec-6ea551426ac5.pdf","bdg6dkcu4dh024ktenn0","1","No pdf could be downloaded, error=s3://di-diml-platinum-prod/bdg6dkcu4dh024ktenn0/bdg6dkes7b9g1m6q20fg/2018032352.pdf: Could not connect to the endpoint URL: ""https://di-diml-platinum-prod.s3.amazonaws.com/bdg6dkcu4dh024ktenn0/bdg6dkes7b9g1m6q20fg/2018032352.pdf""","NULL","2026-07-16 13:24:41.930","2026-07-16 14:56:59.470","NULL"
"a81b18fb-66e1-428e-97b5-f1fd89201077","s3://enverus-courthouse-prod-chd-plants/tx/ochiltree/a81b/a81b18fb-66e1-428e-97b5-f1fd89201077.pdf","ba62roivki7g1fuir0mg","1","No pdf could be downloaded, error=s3://di-diml-platinum-prod/ba62roivki7g1fuir0mg/ba62roqvki7g1fuir0ng/2018-253.pdf: Could not connect to the endpoint URL: ""https://di-diml-platinum-prod.s3.amazonaws.com/ba62roivki7g1fuir0mg/ba62roqvki7g1fuir0ng/2018-253.pdf""","NULL","2026-07-16 13:24:41.930","2026-07-17 01:24:03.937","NULL"
