package_id,county_count,record_count
cvvv5sosssgg00dpnd6g,4,4
cv2bbf7k7seg00ee9h1g,4,4
cvvv5kqcalk000e6eemg,4,4
d04hu92o7i8g00alhaf0,4,4
cvjid8m9pj7000au06o0,4,4
d5g50sei2fk000adutag,4,4
d04ktg8b12i0009t8p1g,4,4
d04ftmdpebk000e5ue40,4,4
cvqjvllpebk000bitmug,3,4
d04k606r7j8g00bft2k0,3,4
cvnk2f8h3d7g00bkg860,3,4
d04hojmgi0og00a310b0,3,4
cvnk23c72f3g0096j7fg,3,4
cvvs0il27ee000ffpek0,3,4
cvvs9vt27ee000ffpmkg,3,4
d04hpiujsr2g00antllg,3,4
cvvsjk4aa58000ch5o40,3,4
cvumcpgb12i000834lc0,3,3
cvvbo8caa58000cal6ug,3,3
cvu2727mrfo000apue3g,3,3
cv2bbebchrbg00c9scs0,3,3
cvpd6mfk2lrg00cc6utg,3,3
cvvs776omc2g00ddjv10,3,3
cvvu37sclak000ate3hg,3,3
cvu1gngsssgg00ddt4r0,3,3
cvpdku4mmp3000fephd0,3,3
cvqjn3vmrfo000a5t0bg,3,3
cvpd2ekaa58000bfvk5g,3,3
d04i64bpuid000cungdg,3,3
cvqjvmlu3ph000ap7lm0,3,3
cvvsu06r7j8g009s8vi0,3,3
cvnk0beo773g008o34pg,3,3
d055fcp0qf8g00a477cg,3,3
cvqk8degi0og00fg34og,3,3
cvvu2hidvnk00097tq80,3,3
cvvsheuomc2g00ddk13g,3,3
cvvsat5aar4g00e6ss0g,3,3
d5pccbf1akqg00cc7b60,3,3
cv2bbbki2efg00c5ehag,3,3
cvvu3aur7j8g009s9hu0,3,3
cvveenkmmp300089jvhg,3,3
d0058h6omc2g00dgoug0,3,3
cvvsi38h3d7g00cq91lg,3,3
cvvbo91ggil000fbgc0g,3,3
cvvshrur7j8g009s8otg,3,3
cmbjf2lag1g000a84bpg,3,3
cvvs6j8h3d7g00cq8v6g,3,3
cvvbotdaar4g00e0bat0,3,3
cvvbqc4s3cjg00egoq00,3,3
cvvsjjsclak000atd9s0,3,3
cvndtveomc2g00c7rog0,3,3
cvvshceo773g009tsa7g,3,3
cvvrqr10qf8g008gkmhg,3,3
cvv7pfio7i8g008rd7hg,3,3
d05v9q5pebk000e7i2ng,3,3
cvvs997mrfo000b5cki0,3,3
d5gpv6mi2fk000ae04a0,3,3
d1fj52makuf000br7ma0,3,3
cvniq9527ee000e9vpog,3,3
d04i6nc72f3g00bvqpdg,3,3
cvniq9vk2lrg00c7oi5g,3,3
cvpd6k8h3d7g00bouup0,3,3
cu40lfu7qbfg00ejtqn0,3,3
cvvshteomc2g00ddk170,3,3
cvvs7qugi0og008fil0g,3,3
cvvs63qdvnk00097t0g0,3,3
d04i3h6omc2g00f11po0,3,3
d04hus0b12i0009t597g,3,3
cvqjo64mmp3000fgifu0,3,3
cvvu4mvmrfo000b5decg,3,3
cvnipgcmmp3000faaf80,3,3
cvqk8iss10rg00evgirg,3,3
cves2hvlqhj000a5j170,3,3
cvpdksnmrfo000a443b0,3,3
cvvssjmgi0og008fit1g,3,3
cvvu2pgb12i00089onv0,3,3
cvvrqfugi0og008fi9e0,3,3
cvvrrt8b12i00089nk4g,3,3
cvqk8isclak0009tthdg,3,3
cvvrr6k1fmq000c5n3tg,2,4
cvvbli5pebk000cbsp6g,2,4
d07po0eqdhp000fehjp0,2,4
d07pr7dlhp0g009t7qjg,2,3
cvqjmg6jsr2g0084uddg,2,3
d04hndgh3d7g00edo64g,2,3
cvqjqucaa58000bhoj30,2,3
cvqk2pujsr2g0084uhn0,2,3
cvqjnplpebk000bitjn0,2,3
cvumfdugi0og0088vf30,2,3
cvqk2r4mmp3000fgijj0,2,3
cvqk333puid000abqk60,2,3
d03dqk9n485g00berk8g,2,3
cvvbknejsr2g008tsv80,2,3
d07plitpebk000ec2ukg,2,3
cvndn5momc2g00c7rn40,2,3
d0551s4s3cjg008arusg,2,3
cvqjs9ss10rg00evge50,2,3
d055f6ks10rg009ijqdg,2,3
cvo0b5gb12i000f5g0pg,2,3
cvned94neg3g00fnai20,2,3
cvniph0sssgg00cjtpe0,2,3
d03drhuo773g00b44qt0,2,3
d0552vhn485g00bs6ta0,2,3
d04hsr3puid000cune60,2,3
cvvv85acalk000e6ef20,2,3
cvv7p041fmq000bv54n0,2,3
d07q0bbpp0p0009huq50,2,3
cvo0bi2calk000d25e8g,2,3
d04k6ipn485g00bs5sug,2,3
cvveg5saa58000calup0,2,3
d04hmemjsr2g00antleg,2,3
cvnj48s72f3g0096j4k0,2,3
cvnjcl7k2lrg00c7oke0,2,3
cvv7on2dvnk00091b4ng,2,3
cvqk2tuo773g008ub330,2,3
cvqjmghggil000eiie30,2,3
d04hubpggil00095dc1g,2,3
cvndtgd3tiq0008fdthg,2,3
d07q2rqdvnk000b1f9bg,2,3
d03dq2rpp0p0008uj3s0,2,3
d07psk2dvnk000b1f600,2,3
d04k616r7j8g00bft2kg,2,3
cvqjvkrpuid000abqj50,2,3
cvnj8ntlhp0g00etunug,2,3
cvnj0fao7i8g00fs5l3g,2,3
cvqlivsmmp3000fgimm0,2,3
cvnjdt0h3d7g00bkg6g0,2,3
cvqjpqsmmp3000fgig30,2,3
cvne0h74o19g008pcr2g,2,3
d04i64mr7j8g00bfpqm0,2,3
cvqk2vdlhp0g00f46aeg,2,3
cvnjl6sclak0009nm680,2,3
cvvrs0ujsr2g0094ec2g,2,3
cvv7qiur7j8g009lm7d0,2,3
d03du42o7i8g00a89pmg,2,3
d07pucegi0og00a95efg,2,3
cvnji64s10rg00ep90qg,2,3
cvnert3puid000a5ikdg,2,3
cvnj5lmo773g008o3240,2,3
cvne0h74o19g008pcr1g,2,3
cvndv8pkaks000as14bg,2,3
cvqjs96jsr2g0084udtg,2,3
d07pukcmmp3000a9p7sg,2,3
d04k6ivmrfo000coslig,2,3
d04hp9s72f3g00bvqne0,2,3
cvnj3hc72f3g0096j4fg,2,3
cvnj5u472f3g0096j4rg,2,3
cvqjppgh3d7g00bqnnm0,2,3
d00i8s4mmp30008mldeg,2,3
cvnj1m6omc2g00c7s2o0,2,3
cvvsj0qcalk000e6di40,2,3
cvumd00sssgg00dj3ac0,2,3
cvnjag7k2lrg00c7ok70,2,3
cvnjl7ss3cjg00dhidf0,2,3
cvvbp3ss10rg00fofh5g,2,3
d04hokd27ee000938c20,2,3
cvnja05u3ph000aivmr0,2,3
cvvc3lacalk000dvsjd0,2,3
d0552udlhp0g009n7kng,2,3
cvvsslkclak000atdg8g,2,3
d04hmskaa58000e4ge3g,2,3
cvndr2ss3cjg00dhi28g,2,3
cvnj0c4s10rg00ep8upg,2,3
d07pr0gb12i000a3a6a0,2,3
cvqjljmjsr2g0084udbg,2,3
cvnj8lnmrfo0009vlhb0,2,3
cvndntk72f3g0096iqk0,2,3
cvnjoe0sssgg00cjtssg,2,3
cvndvqqo7i8g00fs5a70,2,3
cvndt84clak0009nlrlg,2,3
cvnjkopggil000ecaoe0,2,3
cvndlf6b3op0009aprq0,2,3
cvqjpnqcalk000d6u390,2,3
cvv7pacs3cjg00ego010,2,3
cvqju69ggil000eiig00,2,3
cvnjg3eomc2g00c7s4f0,2,3
d04k60sclak000cgthb0,2,3
cvnj49kaa58000bbh2sg,2,3
cvvbqg0sssgg00dj539g,2,3
cvnj8o6omc2g00c7s3o0,2,3
cvnj53cclak0009nm4j0,2,3
cvnj4lsaa58000bbh2ug,2,3
cu40lca5m5tg0095g0mg,2,3
cvnjldmgi0og00f9r7bg,2,3
d04k69lpebk000e61pd0,2,3
cvqjpolu3ph000ap7iug,2,3
cvi5ia4m49j0008anlp0,2,3
cvra7rio7i8g00869dqg,2,3
d00i8ullhp0g008a66hg,2,3
cvvbihss3cjg00egopb0,2,3
d07pu74aa58000eal4s0,2,3
cvqk3gd27ee000eg7u7g,2,3
cvv7q0daar4g00e0ah5g,2,3
d07ptb9s5hl000emhe1g,2,3
cvumcrcaa58000cajesg,2,3
cvvejnob12i000837670,2,3
d07pud5u3ph000dieccg,2,3
cvvu3eqo7i8g00920h50,2,3
d04k5qqcalk000fpv6k0,2,3
d07pr6lpebk000ec32e0,2,3
cvqk32agb1c00094739g,2,3
cvumcqrpp0p000fhn7cg,2,3
cvvv8eer7j8g009s9m50,2,3
cvvc9plpebk000cbt8mg,2,3
cvumc78b12i000834la0,2,2
d057op4mmp3000a3p7t0,2,2
d00lpqk1fmq000cc9150,2,2
cvv7plks10rg00foelig,2,2
cvvei6mr7j8g009lnok0,2,2
d004qu4mmp30008ivvqg,2,2
d5kogqmi2fk000aeabdg,2,2
cvvcb84aa58000calm70,2,2
cvnk5nio7i8g00fs5p50,2,2
d04hphugi0og00a310dg,2,2
cvrtqjk72f3g009i1d9g,2,2
cv2bbcs70kq000b1jlm0,2,2
cvradrugi0og00fjursg,2,2
d03rnn6oeelg00d3qiv0,2,2
d07q03d27ee00099d5qg,2,2
cvvegntu3ph000bi7s00,2,2
cvnerv527ee000e9vkrg,2,2
d04hnnn9vfn000ekkuc0,2,2
d004u32o7i8g0094t5j0,2,2
d0jslc9ggil000a5p8r0,2,2
cvqk89s72f3g009crc4g,2,2
cvvsq15pebk000cief4g,2,2
cvvsidoh3d7g00cq91mg,2,2
d05583io7i8g00allmsg,2,2
cvvej5k72f3g00a5r510,2,2
cvqk8ap0p0eg00ecjdv0,2,2
cvv7oj4s10rg00foekg0,2,2
cvpd6n6gi0og00fea0u0,2,2
d5eqmtrbj1b000d89gog,2,2
d07q16lu3ph000diedqg,2,2
cvnetf10p0eg00e6bd3g,2,2
d00ji7uomc2g00dk4jd0,2,2
d2tv3hkjak9000atdmdg,2,2
cvnefot6kgfg00dqc7kg,2,2
cvnjag6omc2g00c7s3sg,2,2
d03667pggil0008mjga0,2,2
d5gpuiei2fk000ae0480,2,2
cvvbm7momc2g00d72o3g,2,2
cvnk2c6omc2g00c7s600,2,2
cvv7p1daar4g00e0ag7g,2,2
cvo0epn9vfn000bt04mg,2,2
d03uv2hn485g00bn5ssg,2,2
d07puiks10rg009okbtg,2,2
cvvu2qrpuid000bbad40,2,2
cv5kuv548bhg00fala0g,2,2
cvvc6h6gi0og00891ie0,2,2
cvvsj0ugi0og008fin50,2,2
d04hp75pebk000e5ugdg,2,2
d5pcb3f1akqg00cc7b5g,2,2
d2t353rubco000akusd0,2,2
cvqlj9ao7i8g0082dt7g,2,2
cvvu5uqdvnk00097tqr0,2,2
d05vn8ks10rg009k34r0,2,2
cvndshmgi0og00f9qrug,2,2
d07pqkd27ee00099d050,2,2
cvvbqmks10rg00fofh9g,2,2
cvu2785lhp0g00fo7rq0,2,2
d07pobdu3ph000die3kg,2,2
cvu202nmrfo000apqrqg,2,2
cvvbl0ujsr2g008tsv9g,2,2
d04hto6o773g00bha3qg,2,2
d4pnjl6i2fk000a9cum0,2,2
d04hvrp0qf8g00a42oa0,2,2
cvvsocqdvnk00097t700,2,2
cv5kuvpkbgn000dtb17g,2,2
cvradvrpuid000afmhlg,2,2
cvnj3rd27ee000e9vqpg,2,2
d00loif9vfn000d7orcg,2,2
cmq0buh8t1lg009u26ig,2,2
d3es2hfpcljg00abv05g,2,2
cvveegqcalk000dvsvg0,2,2
d04g9mdlhp0g009n3cb0,2,2
cvqk3fp0p0eg00ecjcng,2,2
d03e0tmoeelg00crgv6g,2,2
cvnjlttpebk000bcm430,2,2
cvo0bt472f3g00982hig,2,2
cvne0qcs3cjg00dhi360,2,2
d03dtilpebk000donovg,2,2
d00iatmo773g00a4cpk0,2,2
cvndtbss10rg00ep8kkg,2,2
d0552pedqm9g00ap2as0,2,2
d07pqt6dqm9g00av2nt0,2,2
cvvu2olaar4g00e6tmu0,2,2
d04hufcs10rg009ifb2g,2,2
d03e286oeelg00crgvcg,2,2
cvnk0uh0p0eg00e6bor0,2,2
cvvbqb5u3ph000bi745g,2,2
d04kpomo773g00bhdh2g,2,2
cvraect27ee000ek439g,2,2
d5pcb2ui8kjg00c3uhsg,2,2
d04hn18b12i0009t58p0,2,2
cvqjsgdlhp0g00f4674g,2,2
cvnjdg5pebk000bcm3hg,2,2
cvvegq6gi0og00891sb0,2,2
cvo0d3rpuid000a71t40,2,2
cvnjvnss3cjg00dhie9g,2,2
cvv7rbnmrfo000auqu10,2,2
cvqk626gi0og00fg34d0,2,2
cvvu536r7j8g009s9i2g,2,2
d005a6cs3cjg00eqgmk0,2,2
cvra7ollhp0g00f81s50,2,2
d0nrkvp0qf8g00bb71d0,2,2
d5gqb1ei2fk000ae04ug,2,2
cvvs6hdpebk000cie7eg,2,2
d5pccq32am1g00e327ag,2,2
d04g5tcaa58000e4gch0,2,2
cvvs01f9vfn000d17jig,2,2
cvndvah0p0eg00e6b850,2,2
cvm4gd7ae9v000cqh6r0,2,2
cvqk92gh3d7g00bqnsf0,2,2
cvvshp0sssgg00dpmhdg,2,2
cvrd456o773g00927sjg,2,2
cv502r6ufh8000asa9bg,2,2
cvumcc2o7i8g008rc79g,2,2
d04i70tpebk000e5uib0,2,2
d0sfc78sssgg008knu50,2,2
cvnipevk2lrg00c7oi20,2,2
cvnjocfk2lrg00c7olk0,2,2
cvvv9bmgi0og008fjjg0,2,2
cvqjsjbpuid000abqgd0,2,2
cvqk2a7mrfo000a5t480,2,2
d03uurn9vfn000efoo00,2,2
cvvei94s3cjg00egphqg,2,2
cvnehpt3tiq0008fe0f0,2,2
cvpdkqkmmp3000fephbg,2,2
cvo0eaob12i000f5g3qg,2,2
cvvv8frpuid000bbahl0,2,2
cvvshptlhp0g0083m07g,2,2
d04i744s3cjg008ano7g,2,2
cvrac0ss3cjg00drlulg,2,2
cvvc7h5lhp0g00ft59i0,2,2
d04lmg2dvnk000areavg,2,2
d00i20p0qf8g008n5780,2,2
cvvbn7bpp0p000fhoun0,2,2
d07pu9osssgg00fjb540,2,2
d03dvrejsr2g00aamqqg,2,2
d04hsk8h3d7g00edo6ig,2,2
cvmov3md4ml000fltmtg,2,2
d03dofer7j8g00b2i9sg,2,2
cvvrqdugi0og008fi9d0,2,2
cvnjif3puid000a5iu60,2,2
cvqjvi1ggil000eiih50,2,2
d04hokhn485g00bs2ho0,2,2
d0jsla6jsr2g00bobgc0,2,2
d07ps6ss3cjg008gs2v0,2,2
cvvbokqgb1c0009t5j3g,2,2
d2t3543ubco000akusdg,2,2
cvvvcnt27ee000ffqln0,2,2
cvveh1qdvnk00091cmvg,2,2
cvqjo7ss3cjg00dnq0m0,2,2
d5lm2vulkkgg00beqoag,2,2
cvnk0u6r7j8g008mfqsg,2,2
d04hv2hn485g00bs2ia0,2,2
cvne0hh0p0eg00e6b8f0,2,2
cvqjuu4s10rg00evggi0,2,2
cvvsu68sssgg00dpmnrg,2,2
cvqjvn6gi0og00fg32sg,2,2
d04hn11ggil00095dbd0,2,2
cvvu5r6jsr2g0094fgmg,2,2
d03dqfegi0og009lqkqg,2,2
cvqk32cs3cjg00dnq460,2,2
cvvs4adpebk000cie61g,2,2
cvnirldpebk000bcm1bg,2,2
cvnjmmagb1c0008tvt5g,2,2
d05v9jn9vfn000em8mc0,2,2
cvne19kaa58000bbgqjg,2,2
cvradqsmmp3000fkf2eg,2,2
cvvso61ggil000fi1lq0,2,2
cvnj9g10p0eg00e6bm80,2,2
d04hof79vfn000ekkug0,2,2
d004g7eomc2g00dg7ds0,2,2
cvvejhlpebk000cbthig,2,2
d03dqb0b12i0009fvfq0,2,2
d03e0hur7j8g00b2iam0,2,2
cvvsi5kclak000atd9l0,2,2
cvv7p20sssgg00dj4840,2,2
cvvvaj6gi0og008fjjl0,2,2
d0362d2dvnk000acg32g,2,2
cvqk2jdu3ph000ap7meg,2,2
d10dvgnl1m5000c42pi0,2,2
cv2bbjt62kq000bnetvg,2,2
d07pqsp0qf8g00aa7c70,2,2
d31mhlcjak9000au8gkg,2,2
cvvsia7mrfo000b5clv0,2,2
cvnirsejsr2g00fumpgg,2,2
cv9j1ilf9qc000f8op50,2,2
cvume46jsr2g008tr6c0,2,2
cohcjqmi5iag00a0550g,2,2
cvnjhv90p0eg00e6bn50,2,2
cvvcmuf9vfn000cqn1ig,2,2
cvvegoeo773g009nbaog,2,2
cvvbmkh0qf8g008a42vg,2,2
cvm3n1fvkbog00e0a350,2,2
d0554uf9vfn000ekp9b0,2,2
cvvsjb41fmq000c5ngeg,2,2
cvnivq0h3d7g00bkg4t0,2,2
cvqjvucclak0009ttfq0,2,2
d004guob12i0008cbvug,2,2
cvqjqtp0p0eg00ecj8e0,2,2
cvnj00bpp0p000eij7vg,2,2
cvnk1vp0p0eg00e6bosg,2,2
d04hr2mjsr2g00antlo0,2,2
cvra7j6o773g00926vpg,2,2
d07ptn4ifud000b7frfg,2,2
d00jh9kaa58000cnltqg,2,2
cvvshvvmrfo000b5clu0,2,2
d04hrmedqm9g00aotuug,2,2
d03rmvmo773g00bcd1pg,2,2
d05vnd4s3cjg008cb2p0,2,2
cvnium4mmp3000faafqg,2,2
d00jgmacalk000ecufhg,2,2
d00jdemo773g00a4d5cg,2,2
cvvs88cclak000atd8g0,2,2
d04hvb4s10rg009ifb6g,2,2
cv5ke6nu7la000beq360,2,2
cvvs9lgh3d7g00cq90eg,2,2
d1133qur45p000dvf580,2,2
cvnjg0bpp0p000eija10,2,2
cvnjhf2calk000d0m2l0,2,2
d04kc6tlhp0g009n6mvg,2,2
d5eqmpui2fk000adqcvg,2,2
cvv7ptbpuid000b4nu80,2,2
cvvbq679vfn000cqmie0,2,2
d00542s1fmq000c8p4jg,2,2
d004f9qdvnk0009afqvg,2,2
d2t351vpcljg00a9104g,2,2
cvvrqt0sssgg00dpm3vg,2,2
cvqlhpks10rg00evgkq0,2,2
cvkpla9u4pg0008rnei0,2,2
d00hvfgb12i0008g8f20,2,2
cvvef8lpebk000cbtgs0,2,2
d07ptr527ee00099d4e0,2,2
d07pq76omc2g00f76oi0,2,2
cvu1evosssgg00ddsba0,2,2
cvvbprp0qf8g008a4390,2,2
d04i4t8h3d7g00edo82g,2,2
cvumc6nmrfo000aupu8g,2,2
cvnk0hqgb1c0008tvu6g,2,2
cvvshjrpp0p000foa3p0,2,2
cvvs6v8sssgg00dpmepg,2,2
cvumfqoh3d7g00cjm1q0,2,2
cvnj2279vfn000brgn40,2,2
cusd3nlkr9kg00btivb0,2,2
cvndtcsclak0009nlrm0,2,2
cvndue4gikb000enbl30,2,2
cvrtiv5u3ph000audfmg,2,2
cvpdkrp0qf8g00ffe17g,2,2
cvveg24s10rg00fog8m0,2,2
cvvu6jmgi0og008fjfe0,2,2
d00i254s10rg0085hll0,2,2
d0557m5sc5cg00dpa0ug,2,2
d5pk2kmlkkgg00bf1d40,2,2
d04hqrc72f3g00bvqng0,2,2
cvvboc7mrfo000aurmh0,2,2
cvvef2uo773g009nbaig,2,2
cva84ijchrbg00cq0gc0,2,2
d04ho1idvnk000aramhg,2,2
cvvsfd3pp0p000foa3e0,2,2
cvqjnr4aa58000bhoitg,2,2
d05vn6edqm9g00aqhimg,2,2
cvnitpnmrfo0009vlfq0,2,2
d4pnjlonnp4g00clp3l0,2,2
cvne954bkkeg00fof54g,2,2
d5ululdsdh8000a0pmn0,2,2
d5rb6cvi154000cld7n0,2,2
cvo14vacalk000d25krg,2,2
d07prj2dvnk000b1f4n0,2,2
cvqk22l27ee000eg7tp0,2,2
cvnivruomc2g00c7s2fg,2,2
cvqju8caa58000bhokjg,2,2
d04llqnmrfo000cot1bg,2,2
d05va14s3cjg008cb2n0,2,2
cvnjj73puid000a5iu80,2,2
cvvv8ocaa58000ch6llg,2,2
d07plkrkf5cg00dhfpfg,2,2
cvnj8dmgi0og00f9r65g,2,2
d5ululkg7bb000diaivg,2,2
d07pvuer7j8g00bluh80,2,2
d07q2tgsssgg00fjb74g,2,2
cvvs13idvnk00097srh0,2,2
cvvs6bt27ee000ffpl2g,2,2
cvvc99hggil000fbgrm0,2,2
d04g4vn9vfn000ekksag,2,2
d5gpvdui8kjg00c3ejrg,2,2
d07ppkcs3cjg008grtcg,2,2
d07ptvbkf5cg00dhg1a0,2,2
d03v1i4aa58000dvk3jg,2,2
cvnivih0p0eg00e6bkjg,2,2
cvvs7rjpp0p000foa1og,2,2
cvvs0f6jsr2g0094ef40,2,2
cvvu5t472f3g00accc00,2,2
d07q07ujsr2g00au2qi0,2,2
cvnj2rmr7j8g008mfo10,2,2
cvvsohf9vfn000d181q0,2,2
d04hv0mdqm9g00aotvc0,2,2
cvnjdpv9vfn000brgoo0,2,2
cvnjvoio7i8g00fs5ohg,2,2
d07pu5mjsr2g00au2pe0,2,2
cvvbqq0h3d7g00cjnpa0,2,2
d07q04du3ph000diede0,2,2
cvndvhugi0og00f9qse0,2,2
d5uluntsdh8000a0pmr0,2,2
d04hu95lhp0g009n3du0,2,2
cvnk4bsmmp3000faajo0,2,2
d05572smmp3000a3ooqg,2,2
cvv7pjeo773g009n9mg0,2,2
cvo0f4h0p0eg00e7qq00,2,2
d5dfv1ui8kjg00c35520,2,2
cvvs7vs1fmq000c5nemg,2,2
cvnk05v9vfn000brgqi0,2,2
cvvshj79vfn000d17t00,2,2
d005a1smmp30008jb6n0,2,2
cvne00t3tiq0008fdu3g,2,2
cvume54mmp300089hfag,2,2
cvnj2rcs3cjg00dhibig,2,2
cvnitqgsssgg00cjtpr0,2,2
cve6rv3f430g00e30t60,2,2
d07q1fqcalk0008018mg,2,2
d04hohtlhp0g009n3dk0,2,2
cvnjsbks10rg00ep91q0,2,2
d004dmdaar4g00e9f1eg,2,2
d05v9ptlhp0g009omosg,2,2
d07pqrrpp0p0009huklg,2,2
d004nt8b12i0008cgrng,2,2
cvqk3clpebk000bito0g,2,2
cvvsj6gsssgg00dpmhmg,2,2
d05997ejsr2g00ao2gd0,2,2
cvvsistu3ph000boogmg,2,2
cvr8b4gh3d7g00bujfk0,2,2
d5i3o7mi2fk000ae0m2g,2,2
d04i1e5pebk000e5ugs0,2,2
d0551quo773g00bhedjg,2,2
cvvsjfujsr2g0094eoeg,2,2
d04ko3edqm9g00ap1bp0,2,2
d04hsrjpp0p0009bpegg,2,2
cvv7qi90qf8g008a38n0,2,2
cvqjlbkclak0009ttcq0,2,2
d0nrouugi0og00ba2rt0,2,2
cvv7pi8b12i000835jo0,2,2
d004o3daar4g00e9lplg,2,2
d1it64pj31q000d74n0g,2,2
d5kon4u8nps0009h6hhg,2,2
d057mq2calk000fq0m3g,2,2
d4pnjmf1akqg00c7nv50,2,2
cvvbrqmjsr2g008tsvtg,2,2
d004f0c72f3g00aeuclg,2,2
d03v4dejsr2g00aj0pdg,2,2
cvvrvm79vfn000d17ivg,2,2
d0558lcaa58000e4korg,2,2
d03e1i0sssgg00evv390,2,2
d00544rpuid000bebe60,2,2
d055cjosssgg00fdaud0,2,2
d07pt1eomc2g00f76tf0,2,2
cvndr60b12i000f40hvg,2,2
d07q2iugi0og00a95g2g,2,2
d0557klsc5cg00dpa0u0,2,2
cvnj49ss3cjg00dhibpg,2,2
cvqjvfbpp0p000eoqt10,2,2
cvvv5vmomc2g00ddkuig,2,2
cvvshodaar4g00e6st50,2,2
cvvbr3cclak000amrm20,2,2
cvvu4u8h3d7g00cq9r1g,2,2
cvnjvjtu3ph000aivomg,2,2
d07pt6edqm9g00av2r10,2,2
d32bhj4fsebg00ekovp0,2,2
cvnioucs10rg00ep8tvg,2,2
d07pses72f3g00c5vgvg,2,2
d0sfb9mqdhp0008fur30,2,2
d0599iur7j8g00bful1g,2,2
d07q08gsssgg00fjb6f0,2,2
cvvu6itu3ph000bop9k0,2,2
cvqk0omo773g008ub2hg,2,2
d04i5h8b12i0009t5aj0,2,2
d03e4ktlhp0g0099t9d0,2,2
d004qn1ggil000fksb50,2,2
d5pk2ngrovqg0084jd2g,2,2
cvvegrv9vfn000cqn9j0,2,2
d07psnllhp0g009t7t0g,2,2
cvqjvp1ggil000eiih7g,2,2
cvvsj26r7j8g009s8p20,2,2
d03e485lhp0g0099t9b0,2,2
cvqk8hss3cjg00dnq4t0,2,2
cvqjvjvk2lrg00cdvvbg,2,2
d05542ss3cjg008arv40,2,2
cvnji8ks3cjg00dhid8g,2,2
cvne1fcs10rg00ep8m3g,2,2
cu4lkmfdn2eg00cbmit0,2,2
cvqk2n8b12i000fa83bg,2,2
cvqjosqo7i8g0082dlo0,2,2
d04ga4caa58000e4gd20,2,2
d00j8kmo773g00a4d520,2,2
d5gqb1ui8kjg00c3ek3g,2,2
cvvu335aar4g00e6tn0g,2,2
d5dfusui2fk000adkstg,2,2
cvqk3bmomc2g00ce45ig,2,2
d04i578sssgg00fd6jj0,2,2
d05907mo773g00bhf1kg,2,2
cvnk2hmomc2g00c7s610,2,2
cvo0n99ggil000edq2d0,2,2
cvvu67qdvnk00097tqs0,2,2
d07pvuk72f3g00c5vjjg,2,2
cvvehh3puid000b4pgs0,2,2
d03617uomc2g00ei6seg,2,2
d00ib35aar4g00edd7fg,2,2
cpma8rpjhmbg00fn3uv0,2,2
d04hnqcs3cjg008anmd0,2,2
d04kr5l27ee00093bq4g,2,2
cvvbr3kaa58000cal76g,2,2
d03rnf5u3ph000d7bvkg,2,2
cvnj45472f3g0096j4ig,2,2
d03669pn485g00bd7kc0,2,2
d0591adsc5cg00dpak50,2,2
d07pogkifud000b7fk0g,2,2
cvned84clak0009nlu7g,2,2
d07psdrpp0p0009hunbg,2,2
cvvs9scs10rg00fv1bhg,2,2
cvvbojks10rg00fofh3g,2,2
d04i5o7mrfo000copcfg,2,2
cvnjp35lhp0g00etuph0,2,2
d0595k6r7j8g00bfukqg,2,2
d035ult27ee0008kdatg,2,2
d07pu99s5hl000emheqg,2,2
d036128h3d7g00duu6c0,2,2
cvpdjc5lhp0g00f2dev0,2,2
cvnjhoio7i8g00fs5n70,2,2
cvnj14n9vfn000brgn0g,2,2
cvnf0ggh3d7g00bkg1kg,2,2
cvvvd9advnk00097tv0g,2,2
cvnk18vk2lrg00c7ombg,2,2
cvrc3gtlhp0g00f82i20,2,2
d057mhp0qf8g00a47j9g,2,2
cvvc1lk72f3g00a5qld0,2,2
cvnjlu6r7j8g008mfq00,2,2
d04kcuqdvnk000ardvhg,2,2
d03dtbigb1c000b9tvu0,2,2
d5ultk5sdh8000a0pmd0,2,2
d04g5p9n485g00bs2f0g,2,2
cvvsaalaar4g00e6srq0,2,2
cvvegudpebk000cbth20,2,2
cvvbm190qf8g008a42tg,2,2
cvvsi8lpebk000cie9sg,2,2
d07pojt27ee00099csog,2,2
cvnj0tjpp0p000eij850,2,2
d2610q7ldta000f6fo10,2,2
d04ftkcclak000cgq6sg,2,2
cvqjo3mr7j8g008snd4g,2,2
cvqk4radvnk00088d27g,2,2
cvnjnnqcalk000d0m37g,2,2
cvqk21du3ph000ap7mag,2,2
cvnj462calk000d0m13g,2,2
cvo0bnh0p0eg00e7qmp0,2,2
d5i49rei2fk000ae0mhg,2,2
cvvrt12o7i8g0091vbd0,2,2
d4pnjkvi154000cgnpf0,2,2
cusd3tfsnelg00dp26n0,2,2
d1it68j684e0008933d0,2,2
d07por5pebk000ec2ung,2,2
d04i263puid000cung10,2,2
d03dr70sssgg00evv2l0,2,2
d004fdv9vfn000d3qpvg,2,2
cvvc8jc72f3g00a5qsng,2,2
d0jslkrkf5cg00ebpbcg,2,2
cvvsol472f3g00acboq0,2,2
cvvu38igb1c000a3njk0,2,2
cv9k0usi2efg00ck04q0,2,2
cvq27qqgb1c00093ug10,2,2
cvq27qh0qf8g00fgub0g,2,2
d2n4savcrv3000dtm5k0,2,2
d005a56o773g00a12iu0,2,2
d04kbhd27ee00093bmj0,2,2
cverkn195ihg00e8f4f0,2,2
cvqjq5jpuid000abqg40,2,2
cvnj4s3pp0p000eij8pg,2,2
cvnjkghggil000ecaodg,2,2
d07pucmdqm9g00av2s00,2,2
d5sv3u5bg9ng00b6vb90,2,2
cvvbqomjsr2g008tsvr0,2,2
cvnjlcv9vfn000brgpig,2,2
d04i5ocaa58000e4gg4g,2,2
cvvejh5lhp0g00ft5iug,2,2
cvvrvpdlhp0g0083lm0g,2,2
d04htb1n485g00bs2i1g,2,2
cvo0c12gb1c0008verhg,2,2
d03dpv5lhp0g0099t8fg,2,2
d04hr2kmmp3000a3kev0,2,2
d07pu8qo7i8g00arn87g,2,2
d000pec72f3g00accpg0,2,2
cvndt6uradrg00fbkosg,2,2
cvvefv2o7i8g008reqig,2,2
d04hugrpuid000cunejg,2,2
cvo0dkks3cjg00dj1ro0,2,2
d5g5hd6i2fk000aduu50,2,2
d00ien5lhp0g008a6700,2,2
cvvrvncclak000atcvgg,2,2
cvvu61ujsr2g0094fgn0,2,2
cve6vaoup06g00dlrlp0,2,2
d5dfujui8kjg00c354v0,2,2
cvnjj9agb1c0008tvsr0,2,2
d0366pgsssgg00eubap0,2,2
cvnis9f9vfn000brgmbg,2,2
cvne0m4s10rg00ep8lc0,2,2
d04kbq9n485g00bs5to0,2,2
cvvek1cs10rg00fog99g,2,2
d055bcuo773g00bheem0,2,2
cvvsj0ks10rg00fv1d3g,2,2
cvnirf6r7j8g008mfneg,2,2
cvniroc72f3g0096j3lg,2,2
cvra7f0b12i000fe3gq0,2,2
cvvu5nfmrfo000b5defg,2,2
d00jff4s10rg0085i36g,2,2
d0sfb0d27ee000aanr0g,2,2
d620c1mnhp1g00a51640,2,2
cvkplam0ral000adsc1g,2,2
cvvrvpss3cjg00en9um0,2,2
d07pu5cclak000cmvg80,2,2
d07pk6udqm9g00av2jhg,2,2
cvnjd5qgb1c0008tvs10,2,2
cu9ufr57m96g00ait5bg,2,2
d0366ot27ee0008ke7vg,2,2
d07prg5u3ph000die9fg,2,2
cva7v1562kq000c7hdt0,2,2
cvnjq75u3ph000aivo9g,2,2
d07pu0qdvnk000b1f76g,2,2
d07pn33kf5cg00dhfpgg,2,2
d0559h0sssgg00fdau30,2,2
cvne33ub3op0009apv2g,2,2
d04i1pmgi0og00a311j0,2,2
cv502rcjs1r000fbanig,2,2
d07pv66r7j8g00blugqg,2,2
d31mhkpk9ka000fb84t0,2,2
d0366r4mmp30009kq7f0,2,2
cvvsj8ejsr2g0094eoc0,2,2
d04hqncaa58000e4gedg,2,2
cvnjh6ugi0og00f9r720,2,2
d04ko7eo773g00bhdg40,2,2
cvvshgqo7i8g0091vn00,2,2
d04g1k4s10rg009if84g,2,2
cvnit84mmp3000faafkg,2,2
d07psbmjsr2g00au2nug,2,2
cvqjptkclak0009ttd80,2,2
cvo0cqks3cjg00dj1q20,2,2
d07pvl0b12i000a3aakg,2,2
cvnk2qh0qf8g00favsug,2,2
cvnj98k72f3g0096j590,2,2
d07prrmqdhp000fehpdg,2,2
cvv7q4du3ph000bi6agg,2,2
cvpdkvdpebk000bh4rvg,2,2
cvvrr9rpp0p000fo9nfg,2,2
cvvbpo10qf8g008a4380,2,2
cvvrqfmgi0og008fi9dg,2,2
cvumfo6omc2g00d70vp0,2,2
d040ljgb12i0009o8pj0,2,2
cva8eebchrbg00cq0l6g,2,2
d00lrd0b12i0008g9fp0,2,2
d055e86gi0og00a35bm0,2,2
cvpdkt4mmp3000fephc0,2,2
cvneb0sneg3g00fnai0g,2,2
cvnj3l472f3g0096j4g0,2,2
cvnjaeejsr2g00fumr90,2,2
cvnj9d5lhp0g00etuo1g,2,2
d00ibvrpuid000bhpv10,2,2
d035v4ks10rg0093krdg,2,2
d11335225l2g008r50f0,2,2
cvqk8b8h3d7g00bqnsdg,2,2
d0552c9n485g00bs6t60,2,2
d04g3k0sssgg00fd6fl0,2,2
d04hpr1ggil00095dbkg,2,2
cvnj1j90p0eg00e6bl8g,2,2
cvpdjblpebk000bh4rug,2,2
cvnj8v90qf8g00favq7g,2,2
cvvs5tnmrfo000b5cj10,2,2
d0362sagb1c000b89pm0,2,2
d00ja3h0qf8g008n5jcg,2,2
cvnipfsmmp3000faaf7g,2,2
cvndt1h0qf8g00favftg,2,2
cvvvd1c72f3g00accg4g,2,2
cvqjlngh3d7g00bqnnd0,2,2
d00icr4aa58000cnli7g,2,2
d004qnqdvnk0009ano40,2,2
d040ofp0qf8g009v6j7g,2,2
cusd3todl5v00088g4c0,2,2
d07psbdpebk000ec34k0,2,2
cvv7qbtu3ph000bi6an0,2,2
d07q1eio7i8g00arn9rg,2,2
cvne9vl3tiq0008fe080,2,2
cvne1f6radrg00fbkq90,2,2
d0sfaoiprk7000977i50,2,2
cvvsr44aa58000ch5tvg,2,2
d04hu0mgi0og00a310l0,2,2
cvnisa2o7i8g00fs5kdg,2,2
d16bs42vr6ng0093pc50,2,2
cvveg6ks10rg00fog8mg,2,2
cusd3q7snelg00dp26m0,2,2
d04hu6rpuid000cuneg0,2,2
cve7a5k3tni000faj1ng,2,2
cve7ep1u4pg0008fr510,2,2
cu0n5325m5tg0092uph0,2,2
cvvu2i5lhp0g0083mpbg,2,2
cvnja8acalk000d0m1qg,2,2
d5dfuk37b9cg008edm00,2,2
d0558ptlhp0g009n7lbg,2,2
d07ptrhggil0009bi5g0,2,2
cvqjvh8b12i000fa82d0,2,2
d07ppa10qf8g00aa78kg,2,2
d5eqmsei2fk000adqd20,2,2
cvvbo8gb12i000836em0,2,2
cvnekkrpp0p000eij17g,2,2
cvvu2itaar4g00e6tmfg,2,2
curoco3dsong00c87s50,2,2
cvvu6msclak000ate3ng,2,2
d07q0c6omc2g00f76vm0,2,2
cvnji4gsssgg00cjtsa0,2,2
cvqk2rcclak0009ttgn0,2,2
d07pkjidvnk000b1evsg,2,2
cvv7okjpuid000b4nstg,2,2
d00i29tpebk000cougig,2,2
d07ptkqcalk0008016e0,2,2
cvnj8digb1c0008tvrj0,2,2
cvnjifs72f3g0096j6b0,2,2
cvnjlsob12i000f40tu0,2,2
d03dqsdu3ph000cv2oo0,2,2
d5sv3u8j0mbg00dr2up0,2,2
cvvu3f6r7j8g009s9hv0,2,2
cvnjaf8h3d7g00bkg620,2,2
d0dvfujkf5cg00dtoh00,2,2
d07pre4s3cjg008gs1o0,2,2
cvqjlamo773g008uaur0,2,2
d07ptmc72f3g00c5vi1g,2,2
d07psos72f3g00c5vh90,2,2
d5eqrn6i2fk000adqdjg,2,2
cvvu2uv9vfn000d18lgg,2,2
cvvc7lgh3d7g00cjo7pg,2,2
cvnjh0p0qf8g00favr90,2,2
d04i66smmp3000a3kgig,2,2
cvnj3dqgb1c0008tvr20,2,2
d07q2ngh3d7g00ejtatg,2,2
d05v9e9ggil000971410,2,2
cvvu3i90qf8g008gls5g,2,2
d04i6c9n485g00bs2k5g,2,2
cvnjhq5lhp0g00etup00,2,2
cvqk0rf9vfn000c1oo90,2,2
cvvs6e3pp0p000foa14g,2,2
cvvst6llhp0g0083m6u0,2,2
cusd3ovsnelg00dp26lg,2,2
d004i33pp0p000fquobg,2,2
d07q08ss10rg009okctg,2,2
d055du9ggil00095hot0,2,2
cvndno4s10rg00ep8jlg,2,2
cvnis7ss10rg00ep8uc0,2,2
cvqk639ggil000eiij60,2,2
d004ntss10rg0081q84g,2,2
cvvbjdlu3ph000bi73ng,2,2
d3fnuk6v1di000dlutlg,2,2
cvne1kcneg3g00fnagn0,2,2
d0366p4aa58000dln2u0,2,2
d620q7lsdh8000a13er0,2,2
d0598579vfn000ekptbg,2,2
cusd3o0gu63g00bjb1vg,2,2
cvv7okqo7i8g008rd6mg,2,2
cvnjpokclak0009nm6k0,2,2
cvvrs0uomc2g00ddjm50,2,2
cvnjfkbpuid000a5itu0,2,2
cu40l4suvhug00b2hfsg,2,2
cv4a8b1kbgn000dq79b0,2,2
cvvrrfqgb1c000a3md4g,2,2
cusd3peanud000dvrdhg,2,2
d07pr86qdhp000fehocg,2,2
cvvu61er7j8g009s9i4g,2,2
d04hssqo7i8g00alha80,2,2
cug0b40pr2e000a2jeo0,2,2
cvo0d8tu3ph000akf9kg,2,2
cusd3ogq34ig00f25c50,2,2
d04i6utu3ph000dc9hdg,2,2
cvqk3h3puid000abqkg0,2,2
cur0ofudmin0009o8i3g,2,2
cv4vp6ci2efg00cbqce0,2,2
cvnjcmio7i8g00fs5mk0,2,2
d00icoadvnk0009edb00,2,2
d00jhck1fmq000cc8e20,2,2
cvqk7u8sssgg00cq5hng,2,2
cvq276lu3ph000aov220,2,2
cvveg85pebk000cbtgu0,2,2
d32bhsbdseq000aqulvg,2,2
cvvv4t90qf8g008gm07g,2,2
cvv7os1ggil000fbfg70,2,2
d31mhfpk9ka000fb84r0,2,2
d5uluo5sdh8000a0pmrg,2,2
cvne9d3fkjb0008rt3o0,2,2
d0556phggil00095hmb0,2,2
cvndrat6kgfg00dqc440,2,2
d5komarmftcg00ei5c2g,2,2
d07q0590qf8g00aa7hh0,2,2
d03666v9vfn000e5s07g,2,2
cvra6eujsr2g0088prhg,2,2
cvvshgacalk000e6dhs0,2,2
d00i2llu3ph000bv8o3g,2,2
cvnj49gh3d7g00bkg5d0,2,2
cvo0djnk2lrg00c97pcg,2,2
d04g77jpuid000cunan0,2,2
d1eufljhebj000ajaj3g,2,2
cvnj6k8h3d7g00bkg5og,2,2
cvvshksaa58000ch5nrg,2,2
cvvv7nvmrfo000b5dil0,2,2
d2f87aodrma000cgicsg,2,2
cv6uisnk7seg00ep2kmg,2,2
cvnisqgh3d7g00bkg4gg,2,2
d05a6t6gi0og00a35sq0,2,2
d5pc6471akqg00cc7aug,2,2
cvradi0b12i000fe3o10,2,2
cusds9vsnelg00dp2970,2,2
cvnk1vsclak0009nm73g,2,2
cvrtqo4s10rg00f4m6fg,2,2
d07psg4s3cjg008gs35g,2,2
cvniqsp0qf8g00favod0,2,2
cvnivjnk2lrg00c7oing,2,2
d00iasks10rg0085hmkg,2,2
cmbg6h98t1lg009q2vhg,2,2
d5pk2n0nnp4g00cq9hsg,2,2
cvned6p0p0eg00e6bav0,2,2
cvvs9uc1fmq000c5nf7g,2,2
d04gd3jpuid000cunbug,2,2
d04ga94mmp3000a3kdb0,2,2
d00icnd27ee000fm9seg,2,2
d07prj5pebk000ec33ag,2,2
cvv7p81ggil000fbfgfg,2,2
d0558idlhp0g009n7lb0,2,2
d5ulum5sdh8000a0pmng,2,2
d004nveo773g00a0l27g,2,2
cvvu3fh0qf8g008gls50,2,2
d04i3o4mmp3000a3kg6g,2,2
d0jslmmomc2g0081g4tg,2,2
cvnj0rss10rg00ep8us0,2,2
cvvrrkeo773g009tru40,2,2
cvpdkrmo773g008shung,2,2
cvumc9mo773g009n8o20,2,2
cusdru8gu63g00bjb4ng,2,2
cvnecjmradrg00fbkrh0,2,2
cvvshuc1fmq000c5ng8g,2,2
cvv7ql6o773g009n9nkg,2,2
cvvs6f4mmp30008g4tk0,2,2
cv9j4ruu4ibg00fk20jg,2,2
cvvbri6gi0og008915q0,2,2
d03e1m4s10rg00959iag,2,2
cvnev8lu3ph000aivi2g,2,2
cvvrr8smmp30008g4jo0,2,2
cvu25pss3cjg00ebqvcg,2,2
d0sfc88sssgg008knu5g,2,2
d055bid6k1j000cicj6g,2,2
cvqk8c8b12i000fa846g,2,2
cv6uip1kbgn000e05na0,2,2
d5fg3c3bj1b000d8bmpg,2,2
cvnef84neg3g00fnai6g,2,2
cvnjhfcs3cjg00dhid60,2,2
d03drfcs10rg00959hq0,2,2
d004qsss3cjg00eq5a7g,2,2
cvvu3oao7i8g00920h5g,2,2
cvvblv3puid000b4ooa0,2,2
cvndst4ivntg00aohjn0,2,2
d1oqrp9j31q000d7gccg,2,2
cvvbqomr7j8g009ln170,2,2
d04hr2er7j8g00bfpp60,2,2
cvvstcdpebk000cieg4g,2,2
cvvrtr4clak000atctp0,2,2
d3u1u0ai9sq000d5d2b0,2,2
d07pucugi0og00a95eg0,2,2
d004bssclak000avugag,2,2
cpma8t9miud000a6fht0,2,2
d004giicalk000e918b0,2,2
d5i3j46i2fk000ae0lpg,2,2
d059cg8sssgg00fdbhog,2,2
d07pjtp0qf8g00aa785g,2,2
d620qk6rgi50008mui1g,2,2
cvne1vpkaks000as15p0,2,2
d07ptaur7j8g00bluf70,2,2
d07pueuqdhp000fehrm0,2,2
cvvsa5qgb1c000a3mon0,2,2
cvo0fa6jsr2g008065sg,2,2
cvrab3l27ee000ek413g,2,2
cvo0sg2o7i8g00ftl4h0,2,2
cvnerv8b12i000f40ln0,2,2
d07q0d10qf8g00aa7hmg,2,2
cvnj804s10rg00ep8vo0,2,2
cvvegnicalk000dvsvog,2,2
cvvef5advnk00091cmpg,2,2
cvvbmgn9vfn000cqmi4g,2,2
cvvehhrpuid000b4pgsg,2,2
cvnjaedlhp0g00etuo4g,2,2
cvnjq5p0qf8g00favs5g,2,2
cvvbmch0qf8g008a42ug,2,2
d04i27hggil00095dda0,2,2
cvqjp890p0eg00ecj80g,2,2
d04lm75pebk000e62590,2,2
d04g3mkmmp3000a3kcjg,2,2
cvnef1qo7i8g00fs5d20,2,2
cvnj8l3pp0p000eij970,2,2
cvumd0ob12i000834lcg,2,2
cvpdja6o773g008shun0,2,2
cvndt20h3d7g00bkfrig,2,2
cvnjvqss3cjg00dhieag,2,2
cvbitqsu5sig00bm5230,2,2
cvniu079vfn000brgmi0,2,2
cvnk13ks10rg00ep9270,2,2
d03e2kf9vfn000e7frh0,2,2
cvvs972calk000e6dgf0,2,2
cvnj1cgsssgg00cjtq8g,2,2
cvum5bqo7i8g008rc6l0,2,2
d04kv3lpebk000e6213g,2,2
cvnb7rl3tiq0008fd9o0,2,2
cvnjvjv9vfn000brgqg0,2,2
cvrabdbpp0p000esm860,2,2
d00i2q2calk000ecu210,2,2
cvvef36jsr2g008ttnog,2,2
d055ceeomc2g00f16410,2,2
cvvrsuoh3d7g00cq8lrg,2,2
cvnjl55u3ph000aivntg,2,2
cvnk0coh3d7g00bkg80g,2,2
cvvef0du3ph000bi7rq0,2,2
d5lmbdpl0ln000didib0,2,2
cvvbp1llhp0g00ft4qt0,2,2
cv8tu6778nbg00abqcng,2,2
cu99kordsong00bbma90,2,2
cvvshssaa58000ch5ns0,2,2
cv1152548bhg00evpjl0,2,2
d4pnjiulkkgg00ba1oq0,2,2
cvnj02cmmp3000faag0g,2,2
cvniv39ggil000ecalm0,2,2
d04frjlu3ph000dc9d6g,2,2
d04hs73pp0p0009bpeeg,2,2
cvqjpmn9vfn000c1okvg,2,2
cvo0f54s10rg00eqo4ng,2,2
d07pp82o7i8g00arn0g0,2,2
d4pnjlmi8kjg00bv5hl0,2,2
cvnjofc72f3g0096j6o0,2,2
crmt2violjh000cu553g,2,2
d036bcqcalk000fb34b0,2,2
d04hok6o773g00bha3fg,2,2
d055baugi0og00a358s0,2,2
cvneufvk2lrg00c7oda0,2,2
cpma8sg7ov20008oh8hg,2,2
cvvu55rpuid000bbadgg,2,2
d4pnjkfi154000cgnpeg,2,2
d0553v0h3d7g00edsfpg,2,2
cvnjanmr7j8g008mfou0,2,2
cvnj1dgh3d7g00bkg52g,2,2
d00i062dvnk0009ed9lg,2,2
d1c99lqvr6ng00945ujg,2,2
d04klb7mrfo000cosn0g,2,2
cvnjn5caa58000bbh4m0,2,2
cvvsj4ujsr2g0094eoag,2,2
d05a7t10qf8g00a47ong,2,2
d5dfuvnikk0g009vis1g,2,2
crq6itiv5d7g00f7frqg,2,2
cvmoog15gpjg00cigmpg,2,2
cvvsho5aar4g00e6st4g,2,2
cvndsugh3d7g00bkfri0,2,2
cusd3sv8p88000e86j30,2,2
d03dpm8h3d7g00e0ifn0,2,2
cvqjla6gi0og00fg2vo0,2,2
cvvu5o41fmq000c5o8m0,2,2
d0557fujsr2g00ao1t8g,2,2
d07pkuidvnk000b1evtg,2,2
cvnj02p0p0eg00e6bkpg,2,2
d5lmbd5a7eog00bv6ph0,2,2
cvqjlnmjsr2g0084udcg,2,2
d1133jveh7o000bmp37g,2,2
cvvv4t10qf8g008gm070,2,2
cvniq9igb1c0008tvpeg,2,2
cvnjvnugi0og00f9r89g,2,2
cvvsso5pebk000ciefvg,2,2
cvvu7sh0qf8g008glsgg,2,2
cvvu5s4s10rg00fv26t0,2,2
d04hn890qf8g00a42nk0,2,2
cvvu49momc2g00ddkqg0,2,2
d05v01ao7i8g00an59h0,2,2
d5um71qb8brg00c6a2eg,2,2
cvnb9ill11kg009nrcs0,2,2
d0058hio7i8g00954rj0,2,2
d04i79gsssgg00fd6jv0,2,2
d07psc6o773g00bnf340,2,2
cva8kol48bhg00fiq20g,2,2
cvumfucmmp300089hff0,2,2
cvvs9vmr7j8g009s8np0,2,2
cvnj21gsssgg00cjtqbg,2,2
cvradq8h3d7g00bujuig,2,2
d04k6qk72f3g00bvu1ig,2,2
d5as6p3bj1b000d83fr0,2,2
cvvs987mrfo000b5ckhg,2,2
cvvbqq8sssgg00dj53bg,2,2
d0366khn485g00bd7lfg,2,2
cu40lbfhqbc000c1bm0g,2,2
cvvbovkclak000amrlt0,2,2
cvnbaeqo7i8g00fs4hng,2,2
cvnjohob12i000f40u3g,2,2
cvo0e1ao7i8g00ftl1n0,2,2
cvqjrvegi0og00fg307g,2,2
cvo0d6p0p0eg00e7qo1g,2,2
cvnirp5pebk000bcm1cg,2,2
d04hpkuomc2g00f11o10,2,2
d04i756omc2g00f11qd0,2,2
d04hoj0b12i0009t58v0,2,2
d5dfv0f1akqg00cbgvv0,2,2
cvne0hpkaks000as14lg,2,2
cvvsfruo773g009tsa0g,2,2
cvvbkmegi0og00891560,2,2
cvnef344g8lg00d5akqg,2,2
d00ie8ejsr2g009auo40,2,2
d620fedsdh8000a13dog,2,2
cvvsigp0qf8g008gl2vg,2,2
cvndopss10rg00ep8jv0,2,2
d04hphmjsr2g00antll0,2,2
d07q1v2calk0008018s0,2,2
d04lr15sc5cg00dp9ccg,2,2
d04i3joh3d7g00edo7ug,2,2
cvvu2ejpp0p000foarpg,2,2
cvnk0b2gb1c0008tvu60,2,2
cvnjvqcaa58000bbh59g,2,2
d5pktpmi2fk000aej9q0,2,2
cvvvd7c1fmq000c5ocvg,2,2
cvne23f4o19g008pcs3g,2,2
d055ce2dvnk000areup0,2,2
cvvbq3jpuid000b4oomg,2,2
cvvs9jer7j8g009s8nmg,2,2
cvvshqv9vfn000d17t10,2,2
cvvbn1idvnk00091c000,2,2
d055c76omc2g00f163vg,2,2
d5vva15sdh8000a0qg4g,2,2
cvnj3nhggil000ecambg,2,2
d04hpc2calk000fprrq0,2,2
d0nrot3pp0p000aivc70,2,2
cvvsfdqgb1c000a3mpig,2,2
cvv7rbf9vfn000cqlp00,2,2
cvr8b5qo7i8g0086952g,2,2
cvrtprf9vfn000c6ufq0,2,2
cvnjm0er7j8g008mfq0g,2,2
d03uuktu3ph000d7cs00,2,2
cvvej0d27ee000f98t00,2,2
cvradqqdvnk0008c8ql0,2,2
d00i1iqcalk000ecu1og,2,2
d04fo2egi0og00a30u0g,2,2
d03rn5du3ph000d7bveg,2,2
cvndo1nk2lrg00c7o780,2,2
d00jgrss10rg0085i3ag,2,2
d03dud2o7i8g00a89png,2,2
cvumdticalk000dvqdug,2,2
cvvsgr1ggil000fi1h60,2,2
cvqjq4h0p0eg00ecj88g,2,2
cvvu5110qf8g008gls9g,2,2
cvnjt5527ee000e9vt60,2,2
cvnj1qjpuid000a5isbg,2,2
d2t350lru8p000ckahdg,2,2
d03e45mjsr2g00aamr80,2,2
cv116urfb45000frj7m0,2,2
cvume20h3d7g00cjm1m0,2,2
cvndt4jfkjb0008rt0v0,2,2
cvnk1h10qf8g00favsrg,2,2
d07pjbllhp0g009t7mhg,2,2
cvvs7dc1fmq000c5nehg,2,2
cvq27aqcalk000d6ljhg,2,2
d07q06cs10rg009okcs0,2,2
d04kur0b12i0009t8pmg,2,2
cvvrr3ob12i00089njug,2,2
d04hpatu3ph000dc9fd0,2,2
cvvs7sagb1c000a3mnrg,2,2
cvnk0bp0qf8g00favsng,2,2
cu40l5dhhil0008g66fg,2,2
d040o96r7j8g00batb9g,2,2
cvnjvn0sssgg00cjttig,2,2
cvo0ef6gi0og00fbafe0,2,2
cvvv5akaa58000ch6ld0,2,2
d03dqd527ee0008m2240,2,2
cvnjh3h0p0eg00e6bn1g,2,2
d036ch2o7i8g00a6mmg0,2,2
d5eqmq6i2fk000adqd00,2,2
d2fsodfldta000f90pl0,2,2
d04ftmidvnk000arakfg,2,2
cvraee6omc2g00ci047g,2,2
cvndst2o7i8g00fs59k0,2,2
d2t351r0g61000c0a130,2,2
cvraedp0qf8g00fl2oog,2,2
cv2bbdh0s88000e3uj90,2,2
d04hpstpebk000e5ugfg,2,2
d5umbqdsdh8000a0pncg,2,2
d0361d8b12i0009eb5a0,2,2
cvne0g4s3cjg00dhi2u0,2,2
d05531cclak000cguh40,2,2
cv4a8al48bhg00f7hor0,2,2
cvvv4ov9vfn000d18pl0,2,2
d00jd3cclak000b3tp70,2,2
cvnj99p0qf8g00favq90,2,2
cmpb8jjvem1g00e881e0,2,2
d0sfbhn9vfn000fs56jg,2,2
cvvsnv6jsr2g0094esi0,2,2
cnbptklralig008koheg,2,2
cur0oeodl5v00086td8g,2,2
d005a4egi0og008ioseg,2,2
cvnea19kaks000as16s0,2,2
d04kcjqcalk000fpv7fg,2,2
cvqjvgegi0og00fg32s0,2,2
d03e698b12i0009fvh10,2,2
d0558ikaa58000e4koqg,2,2
cvnje3qgb1c0008tvs70,2,2
d04hpgtu3ph000dc9fdg,2,2
d055835u3ph000dcdp6g,2,2
d5dfutelkkgg00be608g,2,2
cvumccao7i8g008rc7a0,2,2
cvvbkmagb1c0009t5ipg,2,2
d5gq13ei2fk000ae04e0,2,2
cvndoucivntg00aohj60,2,2
d03dp8mjsr2g00aamqa0,2,2
cvmov2j4giqg00eoccag,2,2
cv6uiq06fpcg00fjhv50,2,2
d04i0t5sc5cg00dp5lag,2,2
cusd39nsnelg00dp26gg,2,2
cvveiqc72f3g00a5r4v0,2,2
d055eadlhp0g009n7nsg,2,2
d036646o773g00b2gu8g,2,2
d04i31io7i8g00alhca0,2,2
cv5l4890s88000ebt09g,2,2
cvnjv0ss10rg00ep921g,2,2
d2222cgg948000ba6rog,2,2
d4pnjj3bj1b000d463j0,2,2
cvqlip10p0eg00ecjgi0,2,2
d04hq9caa58000e4gecg,2,2
d07pt4d27ee00099d3pg,2,2
d03du1ob12i0009fvg80,2,2
cvne6mnk2lrg00c7oamg,2,2
cvniojp0p0eg00e6bjlg,2,2
cvv7rgjpuid000b4nvsg,2,2
d05uud9ggil0009713pg,2,2
d04hp0mjsr2g00antlk0,2,2
cvvek6cclak000amsebg,2,2
cvvbo3acalk000dvs7gg,2,2
d03v06h0qf8g009v66q0,2,2
cvvu3brpp0p000foas7g,2,2
d04i0r90qf8g00a42obg,2,2
d32bhdj0g61000c19vf0,2,2
cvvrs6p0qf8g008gkn20,2,2
cvqjn7cs3cjg00dnq0j0,2,2
d055c4eo773g00bheeo0,2,2
d2tv3tav60m000c715e0,2,2
d04g44uoeelg00d8nscg,2,2
cvqk228h3d7g00bqnr70,2,2
d00jf3s72f3g00airv70,2,2
cvvv55tlhp0g0083mtjg,2,2
cvvv5jadvnk00097tubg,2,2
cvume38h3d7g00cjm1mg,2,2
cvvbm3ejsr2g008tsvd0,2,2
d05vo5ejsr2g00aph9hg,2,2
cvnjtfio7i8g00fs5o9g,2,2
d07q080b12i000a3ab3g,2,2
d11334je1c8g00bsfhu0,2,2
cvvu2h5pebk000cif1g0,2,2
cvniv3du3ph000aivlpg,2,2
d5fft368nps0009gr2og,2,2
cvpdsb2dvnk00086k4n0,2,2
cvvsi2mgi0og008fin1g,2,2
d057otsmmp3000a3p7tg,2,2
d5eqmqjbj1b000d89gng,2,2
cvnivfp0p0eg00e6bkhg,2,2
cvvc5sss10rg00fofu30,2,2
cvo0bsh0qf8g00fcf050,2,2
cvvu65kaa58000ch6heg,2,2
d4pnjrui2fk000a9cun0,2,2
d035v8qgb1c000b89cjg,2,2
cu99komanud000d23gb0,2,2
d004qrqgb1c000a6hggg,2,2
cvqjokgh3d7g00bqnnj0,2,2
cvnjkodpebk000bcm40g,2,2
cvvsf5ks3cjg00ena7n0,2,2
d4pnjinikk0g009rmhfg,2,2
cvvsj8uomc2g00ddk1g0,2,2
d05vkr5lhp0g009omoug,2,2
d04hp33puid000cundqg,2,2
d07pubgsssgg00fjb550,2,2
cvpd6l472f3g009b28hg,2,2
d0ekcrsaa58000eocig0,2,2
d07q2k79vfn000eqq3j0,2,2
d05vn9t6k1j000cjs45g,2,2
cvvu3kagb1c000a3njlg,2,2
d0369segi0og009k79lg,2,2
d07pokn9vfn000eqppl0,2,2
d07ptg4s3cjg008gs40g,2,2
cvvejnmomc2g00d73gq0,2,2
cvqk1q7k2lrg00ce0000,2,2
cvr8bmtlhp0g00f81l1g,2,2
d055b4pggil00095hmug,2,2
d5pc63u3niag0087r000,2,2
cusd3t5kr9kg00btivdg,2,2
cvndvhadvnk000824r50,2,2
cvvbn98b12i000836ei0,2,2
d05uudcs10rg009k34d0,2,2
cvvehdur7j8g009lnoc0,2,2
cvvef1l27ee000f98sh0,2,2
cvne0sugi0og00f9qsog,2,2
cvqjo8agb1c000946utg,2,2
d03e514clak000c3kek0,2,2
d004f5egi0og008i5ejg,2,2
cvvbm59ggil000fbgbpg,2,2
cvvbpe2calk000dvs7k0,2,2
d04g9ehggil00095d9v0,2,2
d07ptcao7i8g00arn77g,2,2
cvi5is69pj7000arj2k0,2,2
d057p71n485g00bs7djg,2,2
cvvef2ur7j8g009lno30,2,2
cvqjmt7k2lrg00cdvs0g,2,2
d07ptteomc2g00f76u70,2,2
cvvstseomc2g00ddk7vg,2,2
d0552adsc5cg00dpa0b0,2,2
cvnj3lfmrfo0009vlgng,2,2
cusd3h0dl5v00088g46g,2,2
d004qn5u3ph000brjip0,2,2
cvnk1v7k2lrg00c7omc0,2,2
d004i4idvnk0009ahl8g,2,2
cvradrp0p0eg00egfeig,2,2
d00jgo7mrfo000bbsvog,2,2
cvndt4t6kgfg00dqc49g,2,2
cvvbo1s72f3g00a5qdpg,2,2
d0553nllhp0g009n7kpg,2,2
d035ujmjsr2g00a926g0,2,2
d0557cdu3ph000dcdp3g,2,2
cvvshj9ggil000fi1h9g,2,2
cvnj5akmmp3000faagqg,2,2
cvnj41lpebk000bcm27g,2,2
cvvs8110qf8g008gl100,2,2
cvnjorsmmp3000faairg,2,2
cvnjikbpp0p000eijac0,2,2
cvvsokmr7j8g009s8tog,2,2
cvne054gikb000enblbg,2,2
cvumfcss10rg00fodnf0,2,2
cvnedod27ee000e9vk5g,2,2
d07q0ilpebk000ec37qg,2,2
cvvef6h0qf8g008a4q00,2,2
cvvv8bcs10rg00fv2bfg,2,2
d04huhbpuid000cunek0,2,2
cvveitks3cjg00egpht0,2,2
d03rmp6r7j8g00bas1mg,2,2
d07poimjsr2g00au2hhg,2,2
cvnj9hcmmp3000faah90,2,2
d260oagg948000bafkf0,2,2
cvnipffk2lrg00c7oi2g,2,2
d04kpjdu3ph000dccsog,2,2
cvvejuvmrfo000auserg,2,2
cvnit8mjsr2g00fumpmg,2,2
cvvrrdsmmp30008g4jqg,2,2
d0551j7mrfo000cotkdg,2,2
cvnk0090qf8g00favslg,2,2
cvnj22qcalk000d0m0p0,2,2
d055d7pn485g00bs6uk0,2,2
cvrabdsclak000a1pdq0,2,2
cvkpl9cviabg00chs610,2,2
cvqk71er7j8g008snhjg,2,2
cv6uiql48bhg00fdfr4g,2,2
cttdp1l69j3000d2rv30,2,2
cv6uiovk7seg00ep2kkg,2,2
cvvu5b79vfn000d18lmg,2,2
d07q1ltlhp0g009t805g,2,2
cvvejridvnk00091cni0,2,2
cvvveess10rg00fv2btg,2,2
cvradrsaa58000blka2g,2,2
d5i3j4mlkkgg00begl50,2,2
cvvu3dd27ee000ffqgn0,2,2
d04kue6dqm9g00ap1i0g,2,2
d03e5augi0og009lqlrg,2,2
d5pk2l6i2fk000aej89g,2,2
cvvu40dlhp0g0083mq0g,2,2
d00jfrcmmp30008mlpk0,2,2
d004g1oh3d7g00cssbf0,2,2
d07q1l4s10rg009okdc0,2,2
cvrtnjmgi0og00fl8oc0,2,2
d004o1eomc2g00dgcotg,2,2
cvo0cnl27ee000ebf6ig,2,2
cvvsios72f3g00acbk1g,2,2
cvqli56gi0og00fg36vg,2,2
d004qptaar4g00e9nomg,2,2
d00jf98sssgg00e078pg,2,2
cvnj2gbpuid000a5ise0,2,2
cvqk2vqcalk000d6u6s0,2,2
d0jsmd5pebk000f6bkbg,2,2
cvqk3e5pebk000bito20,2,2
cvvbpkc1fmq000bv5vf0,2,2
d5dfuhui2fk000adksr0,2,2
d1te0vj684e00089mku0,2,2
cvumfktaar4g00e09jp0,2,2
cvvc1ud27ee000f98cn0,2,2
cvvbpvjpp0p000fhov0g,2,2
cves2qhu4pg0008gcubg,2,2
cvqk2hpggil000eiii9g,2,2
d07pskss3cjg008gs37g,2,2
cvqjptn9vfn000c1ol10,2,2
cvqjnu4mmp3000fgiftg,2,2
d055dsejsr2g00ao1vd0,2,2
d07pof8sssgg00fjatlg,2,2
cvvv7g527ee000ffql30,2,2
cvqk3bur7j8g008snh0g,2,2
d04hpbnmrfo000copap0,2,2
cvndvdsgikb000enbl8g,2,2
d04ko85sc5cg00dp91gg,2,2
d5kon571akqg00cc0tqg,2,2
cvnjo9cs3cjg00dhidmg,2,2
d07ppghggil0009bhv50,2,2
cvnja16o773g008o32ig,2,2
d04i0slsc5cg00dp5la0,2,2
cvqk04cs3cjg00dnq3g0,2,2
d0058fgh3d7g00cte2ig,2,2
cvqk16tlhp0g00f469u0,2,2
cvpdksp0qf8g00ffe180,2,2
cvvvbiv9vfn000d18q9g,2,2
cvvstf90qf8g008gl9hg,2,2
cvvu2loh3d7g00cq9qrg,2,2
cvqjpcmo773g008uav7g,2,2
d07po5mr7j8g00blu8g0,2,2
d56b0culkkgg00bcrrs0,2,2
cvrae4uomc2g00ci0420,2,2
d04g6fio7i8g00alh78g,2,2
d03dvm3puid000chh4mg,2,2
cvv7oqdu3ph000bi693g,2,2
cvnec0k72f3g0096itu0,2,2
d04hs0kclak000cgq980,2,2
cvniqb10qf8g00favo9g,2,2
d07pu0qo7i8g00arn800,2,2
cvvbq2t27ee000f984a0,2,2
cvvbo96omc2g00d72oa0,2,2
cvra6ks72f3g009gmvq0,2,2
d00jc6er7j8g00a2pni0,2,2
d07psh527ee00099d35g,2,2
cvvc974s3cjg00egp8t0,2,2
cvvsjh4s3cjg00ena8e0,2,2
cvnj7j3puid000a5it0g,2,2
cvqk01qcalk000d6u5ug,2,2
cvvek6kmmp300089k07g,2,2
cvvshqcs10rg00fv1cpg,2,2
d07pve2o7i8g00arn910,2,2
cvo0c490p0eg00e7qnbg,2,2
cvnjng90p0eg00e6bnm0,2,2
d055324aa58000e4ko5g,2,2
cvo0be90p0eg00e7qmn0,2,2
cvum5cqo7i8g008rc6lg,2,2
d07q1ftu3ph000diedsg,2,2
d07q09527ee00099d5tg,2,2
cvndt9ao7i8g00fs59n0,2,2
d03e2dmomc2g00ejras0,2,2
d055bl527ee00093cn1g,2,2
cvqk8jeo773g008ub4c0,2,2
cqgm7nv88csg00c7v8ug,2,2
d04fq81n485g00bs2ed0,2,2
d35mdlfpcljg00ab2dn0,2,2
d00ibm0sssgg00e06t5g,2,2
d004qptaar4g00e9noog,2,2
d0362fmoeelg00cpslh0,2,2
cvbitr0v6npg008cigk0,2,2
cvnjfsh0qf8g00favr60,2,2
d07pp1hggil0009bhun0,2,2
cvveg4f9vfn000cqn9fg,2,2
cvndtad6kgfg00dqc4b0,2,2
d07pscs72f3g00c5vgtg,2,2
cvvbqev9vfn000cqmifg,2,2
d00lr7io7i8g0098hce0,2,2
cvnj21ss10rg00ep8v20,2,2
cvnj8cmo773g008o32eg,2,2
cvqk0fnmrfo000a5t3ng,2,2
d05527qo7i8g00allm20,2,2
cusd3u9i86k00099a1h0,2,2
cvnk16bpp0p000eijblg,2,2
cvnjiqlu3ph000aivnqg,2,2
d5pk2melkkgg00bf1d4g,2,2
cvqjmp472f3g009cr7hg,2,2
cvnjmfvk2lrg00c7old0,2,2
cvrtpt0sssgg00cvbjgg,2,2
d5pk2lnng86g00dtei70,2,2
cvradefmrfo000a9p3a0,2,2
d0362spn485g00bd78ig,2,2
cvnk3mks10rg00ep92f0,2,2
d07q28t27ee00099d6jg,2,2
d004qvsmmp30008j016g,2,2
d00jg73puid000bhqb9g,2,2
cvnivcllhp0g00etumrg,2,2
cvniq1qgb1c0008tvpe0,2,2
d15mu08drma000ccuth0,2,2
cu0n53aahvq00086ri90,2,2
cvvsoheo773g009tsf2g,2,2
cvvej9nmrfo000auseng,2,2
cvvsoq2dvnk00097t760,2,2
d05va1p0qf8g00a5mcqg,2,2
cvvefn6omc2g00d73g50,2,2
cvned3cbkkeg00fof59g,2,2
cvvbnjqcalk000dvs7eg,2,2
d5dfuj6i2fk000adkssg,2,2
cvv7okuomc2g00d71t80,2,2
d004e1qdvnk0009af6tg,2,2
d04hvmer7j8g00bfppc0,2,2
d04kpbadvnk000are0u0,2,2
d04kunmr7j8g00bft9t0,2,2
d5pktq6lkkgg00bf1e4g,2,2
d04hmpdlhp0g009n3df0,2,2
cvvv8d79vfn000d18q0g,2,2
cvqk23t27ee000eg7tpg,2,2
d03e2oegi0og009lqlk0,2,2
d03dt55pebk000donoug,2,2
cu40lblolnf000c9dr70,2,2
d07q2jv9vfn000eqq3ig,2,2
d057mnl6k1j000cid2s0,2,2
cvvvd6er7j8g009s9mg0,2,2
cvvsit4s10rg00fv1d30,2,2
cvqjmskclak0009ttd00,2,2
d1it670drma000ce6ibg,2,2
cusds9rdsong00c9ier0,2,2
cvvef64clak000amsdjg,2,2
cvvbpkur7j8g009ln140,2,2
d0552qkmmp3000a3ooa0,2,2
cvu205mr7j8g009gm5s0,2,2
cvne3dmb3op0009apv40,2,2
cvvbp0smmp300089j8rg,2,2
cvnee7kbkkeg00fof5cg,2,2
cvnj9p4aa58000bbh3fg,2,2
d03v414s3cjg0085r6ig,2,2
cvq27rcaa58000bhfv9g,2,2
cvv7pmidvnk00091b5og,2,2
cvnjvn6gi0og00f9r890,2,2
cusd3nec30s000crbcm0,2,2
d07pl5ujsr2g00au2hd0,2,2
d03doktu3ph000cv2oc0,2,2
d055cul6k1j000cicja0,2,2
d03drvv9vfn000e7fqs0,2,2
cvvshts72f3g00acbjtg,2,2
cvumcvsclak000ampuog,2,2
d04hrdmr7j8g00bfpp6g,2,2
d31mhq2avsd000bjsqig,2,2
cvo02qkclak0009p579g,2,2
cvnk57s72f3g0096j7o0,2,2
d04i16mjsr2g00antm3g,2,2
cvmov3vb9ne000c3ah7g,2,2
cvvsj7ss3cjg00ena8cg,2,2
cvniqkacalk000d0m000,2,2
d059886gi0og00a35rb0,2,2
cvvrquacalk000e6d5pg,2,2
cvne9434giqg00eptrg0,2,2
cvnjn80sssgg00cjtsog,2,2
cvndtb4gikb000enbksg,2,2
d03e0fsaa58000dnar2g,2,2
d00i2cv9vfn000d7nr9g,2,2
cvqjnvadvnk00088ctog,2,2
cvvc57icalk000dvskpg,2,2
cncfrj1qkol000a3b5kg,2,2
d4pnjk5a7eog00bqsa80,2,2
d0sfbe9ggil000acsde0,2,2
cvnjvjfk2lrg00c7om70,2,2
cvnj2l6o773g008o31og,2,2
cvnja3caa58000bbh3h0,2,2
cvnjvasmmp3000faajcg,2,2
d5rb6cei2fk000aelv6g,2,2
d00i2omr7j8g00a2pbgg,2,2
cvvc8djpp0p000fhpe20,2,2
cvrtqctu3ph000audgpg,2,2
d04hpqllhp0g009n3dng,2,2
d07psg3kf5cg00dhg030,2,2
cvniro6o773g008o30n0,2,2
cvvsnj7mrfo000b5cq6g,2,2
cvndulkgikb000enbl5g,2,2
cvvu45rpuid000bbade0,2,2
cvvv7ft27ee000ffql2g,2,2
cvne1bd3tiq0008fdurg,2,2
d07q16gb12i000a3abd0,2,2
cvvva8c72f3g00accfug,2,2
cvndoa8h3d7g00bkfr1g,2,2
cvvehkeomc2g00d73gf0,2,2
cvvu4p6r7j8g009s9i1g,2,2
d07pprmomc2g00f76npg,2,2
d004esqcalk000e907k0,2,2
cvnjn6bpp0p000eijamg,2,2
cvq27fcmmp3000fg9tsg,2,2
cpma8s9jhmbg00fn3uvg,2,2
d00jfo6gi0og008m2vjg,2,2
cvniumks10rg00ep8uj0,2,2
d004bkcs3cjg00epri60,2,2
d004n7llhp0g0086e2t0,2,2
cvvvar7mrfo000b5divg,2,2
cvqjvjcclak0009ttfm0,2,2
d07q2fkifud000b7fts0,2,2
cvpdj7acalk000d55450,2,2
cv11gdt48bhg00evpjog,2,2
cvvs0510qf8g008gkpkg,2,2
cvnk01egi0og00f9r8ag,2,2
d05v9f6o773g00bitq1g,2,2
cvnj8rosssgg00cjtrbg,2,2
d03e0ms72f3g00bil1r0,2,2
d04hrc4mmp3000a3kf00,2,2
d03e4omomc2g00ejrb30,2,2
d004eev9vfn000d3q9b0,2,2
cvvv7e9ggil000fi2ek0,2,2
cvnj9hkmmp3000faah9g,2,2
cvnjckcaa58000bbh3o0,2,2
cvpdjc4clak0009s4l8g,2,2
d055bb4s3cjg008arvt0,2,2
d38b1m1lirog00enoue0,2,2
cvrtouss10rg00f4m6dg,2,2
d04kpilu3ph000dccsng,2,2
cvqk8c5pebk000bitoqg,2,2
d05v9bdu3ph000ddt0ig,2,2
cvvbnemr7j8g009ln110,2,2
d04k5v472f3g00bvu1f0,2,2
d0551m6jsr2g00ao1sf0,2,2
cvradqbpuid000afmhjg,2,2
d004qu90qf8g008jftk0,2,2
cvo0d86gi0og00fbadhg,2,2
d07pv8527ee00099d5b0,2,2
d059881ggil00095ia20,2,2
cvo0o610p0eg00e7qsbg,2,2
cvpdsbio7i8g0080kkng,2,2
d07pl4uqdhp000fehjlg,2,2
cvnjfu0h3d7g00bkg6n0,2,2
cvvu60tlhp0g0083mq4g,2,2
cvvrshcs3cjg00en9sdg,2,2
d07pspeqdhp000fehqa0,2,2
cvvs7sbpp0p000foa1p0,2,2
d07q25kifud000b7ftrg,2,2
cvvu6oagb1c000a3njvg,2,2
d07plhrkf5cg00dhfpf0,2,2
cv5kv5jfb4500086evj0,2,2
cvnb79k72f3g0096i7og,2,2
d04i0muo773g00bha43g,2,2
cvvu6a5aar4g00e6tna0,2,2
d07ps3mr7j8g00bluedg,2,2
d31mhnb0g61000c17c10,2,2
d04i53ob12i0009t5ahg,2,2
cvrtpteomc2g00cja00g,2,2
d5g5cgmi8kjg00c3djs0,2,2
d04gai6dqm9g00aott30,2,2
d07q19ps5hl000emhg9g,2,2
d1ngngv6ldd000f7s26g,2,2
cvqk8h0h3d7g00bqnse0,2,2
d07q3cpggil0009bi7l0,2,2
cvrab8qcalk000daq3mg,2,2
cv10nlc71kmg00eb4ukg,2,2
cvnj9h0sssgg00cjtre0,2,2
cvumfulpebk000cbr2ng,2,2
d5fft1ei2fk000adsvf0,2,2
cvqjmvicalk000d6u2ug,2,2
cvqjmj90p0eg00ecj7ng,2,2
cvqjojqgb1c000946uug,2,2
cvnj60nmrfo0009vlh20,2,2
d5i3odla7eog00buujcg,2,2
d07pjioh3d7g00ejt0ug,2,2
cvvbpd6jsr2g008tsvl0,2,2
d04huo2calk000fprs4g,2,2
d00i2vagb1c000aa6sfg,2,2
d00hvg9ggil000foh5v0,2,2
d5fge66i2fk000adt0d0,2,2
d5dfulji4ndg00ce0qcg,2,2
cvqjvht27ee000eg7sqg,2,2
cvnjltidvnk0008255u0,2,2
cvvu5tsaa58000ch6hd0,2,2
d04kctqo7i8g00alkm3g,2,2
d04i3b4s10rg009ifco0,2,2
cv6uipqu1cr000fr9350,2,2
cvvs7p90qf8g008gl0sg,2,2
cvnk3qhggil000ecaplg,2,2
cvvbnb0sssgg00dj52vg,2,2
d059cdcmmp3000a3pbl0,2,2
cvnjc0fmrfo0009vlhng,2,2
d04g43k72f3g00bvqleg,2,2
d620ca5sdh8000a13d50,2,2
cva84jbchrbg00cq0ge0,2,2
d00jgueomc2g00dk4j90,2,2
d03e6hllhp0g0099t9j0,2,2
cusd3pgq34ig00f25c5g,2,2
cutn8d6anud000e2jlq0,2,2
cmbg9dn3r4d000ekrv6g,2,2
cvndoqss10rg00ep8jvg,2,2
cvvrr34s3cjg00en9rq0,2,2
d03dr6agb1c000b9tvm0,2,2
cvnirq2dvnk00082537g,2,2
cvvsi39ggil000fi1hc0,2,2
cvvs5v9ggil000fi1el0,2,2
cvpdsc8sssgg00cocf10,2,2
d05v99icalk000frflmg,2,2
d5pc63j2am1g00e3276g,2,2
cvnk2lejsr2g00fumtd0,2,2
d5dfv068nps0009gjvag,2,2
cvnirpcclak0009nm3j0,2,2
d5eqmrnikk0g009vnd10,2,2
cutnrnu7jsdg00fr9vng,2,2
cvvbj9v9vfn000cqmhp0,2,2
cvnk33ujsr2g00fumtf0,2,2
cur0dl7km5d0008mtlp0,2,2
d00hvkbpuid000bhpt30,2,2
cvnje9s72f3g0096j5tg,2,2
cvvvcs5aar4g00e6trkg,2,2
cvvehfn9vfn000cqn9og,2,2
cvnis6saa58000bbh1t0,2,2
cv5kv0ku5sig00bb269g,2,2
cvnj234aa58000bbh2gg,2,2
d5pcbeulkkgg00bf1cv0,2,2
d04hruss10rg009ifaq0,2,2
d04hvq3puid000cuneu0,2,2
cvnj9rfmrfo0009vlhg0,2,2
d03e52saa58000dnarcg,2,2
cvqjrtc72f3g009cr7t0,2,2
d055b9momc2g00f163s0,2,2
cvvu5ss72f3g00accbv0,2,2
cvnit18sssgg00cjtpog,2,2
d04l0e5lhp0g009n6ua0,2,2
cv5kuul62kq000bvcrug,2,2
cvndpluradrg00fbkoj0,2,2
d5pc639l0ln000dij9gg,2,2
cvvbnpk1fmq000bv5v90,2,2
cvnja1l27ee000e9vreg,2,2
cvvs8990qf8g008gl14g,2,2
d04hmluomc2g00f11nmg,2,2
cvpdkuss3cjg00dm17r0,2,2
cvvsj7agb1c000a3mqcg,2,2
d05v9rn9vfn000em8mcg,2,2
d07pta6qdhp000fehqog,2,2
cvo32dks10rg00eqon2g,2,2
cvpdktur7j8g008qufn0,2,2
d620q8urgi50008muhvg,2,2
cusd3he7jsdg00foi1v0,2,2
cvvbms472f3g00a5qdjg,2,2
d04kf18sssgg00fd9tp0,2,2
cvqjvjp0p0eg00ecjb30,2,2
cv1152cjs1r000f20h60,2,2
cvvrr1er7j8g009s8cp0,2,2
d07q1b6jsr2g00au2qr0,2,2
d03e3tsaa58000dnarag,2,2
cvumefqcalk000dvqe00,2,2
cva7uvp0noj0009tkktg,2,2
cvqk4rp0p0eg00ecjdc0,2,2
cvvu516jsr2g0094fgm0,2,2
cvnb9vc72f3g0096i7u0,2,2
cvnk194aa58000bbh5e0,2,2
cvq26hfk2lrg00cdna5g,2,2
d07pvg3kf5cg00dhg2c0,2,2
cvvrtseomc2g00ddjmp0,2,2
cvvshuio7i8g0091vn30,2,2
cvndt2ekbdd000ap5jd0,2,2
cvvbr6ks10rg00fofhbg,2,2
d03e600h3d7g00e0igtg,2,2
d04hmjmomc2g00f11nm0,2,2
d00jhptlhp0g008a6i7g,2,2
d055f5ss10rg009ijqd0,2,2
cvne0jsneg3g00fnafsg,2,2
cvvsjc5u3ph000boogq0,2,2
cvveg64s3cjg00egph9g,2,2
cvumd2cmmp300089hf7g,2,2
d07ptagh3d7g00ejt82g,2,2
cvvshvdpebk000cie9qg,2,2
cvvrr2eo773g009trttg,2,2
d620fdu8shlg009h2ueg,2,2
cvvbpfk1fmq000bv5veg,2,2
d00i1rh0qf8g008n576g,2,2
cusdru8drl7000ehukpg,2,2
d07prcgsssgg00fjb1lg,2,2
d055f9ugi0og00a35c9g,2,2
cvqk8deo773g008ub4bg,2,2
cvndlf4aa58000bbgnmg,2,2
d004i1cclak000b01qm0,2,2
cvvegmicalk000dvsvo0,2,2
cvq26fks3cjg00dnheog,2,2
d04hovedqm9g00aotup0,2,2
cvvsjjdpebk000ciea00,2,2
cusd3u7p3g5000ell7h0,2,2
cvnk58gh3d7g00bkg8bg,2,2
d07pskllhp0g009t7sug,2,2
cvvu5m527ee000ffqgsg,2,2
d055b64mmp3000a3op60,2,2
d5eqmfu8nps0009goqq0,2,2
d03e0t9ggil0008o7drg,2,2
cvvsj041fmq000c5ngcg,2,2
cvnj0tosssgg00cjtq70,2,2
cvne0rs4g8lg00d5ai3g,2,2
d5gpve68nps0009gtllg,2,2
cvqk1j4clak0009ttgb0,2,2
d00je8rpuid000bhqav0,2,2
cv1177ej5a4000alntd0,2,2
cvvu4h2dvnk00097tqog,2,2
cvvejbejsr2g008ttoe0,2,2
cv4a9786fpcg00fdjnj0,2,2
cvqk14tpebk000bitndg,2,2
d055e4cs3cjg008as1u0,2,2
d004h9oh3d7g00cst63g,2,2
cvqk0jqdvnk00088d1b0,2,2
cvv7qjqo7i8g008rd8j0,2,2
d05uuikmmp3000a582n0,2,2
d004qtio7i8g0094qs6g,2,2
cvo0dl3pp0p000ek2ij0,2,2
d31mhlt0p0i000bsdll0,2,2
d5k44tui2fk000ae8k9g,2,2
cvnjb7icalk000d0m1v0,2,2
cvnduus4g8lg00d5ahgg,2,2
d004q53puid000be3vr0,2,2
cvvshn10qf8g008gl2s0,2,2
cvnj40dpebk000bcm270,2,2
d04hphob12i0009t5900,2,2
d07q0b6r7j8g00bluhe0,2,2
cvnjmepggil000ecaoj0,2,2
d04i6d6jsr2g00antn70,2,2
d0362fsmmp30009kpnsg,2,2
d07pol6o773g00bneso0,2,2
cvnk0tosssgg00cjttlg,2,2
cv5kpqvh1vng00arsitg,2,2
d07q1jsaa58000eal6eg,2,2
cvne37ks3cjg00dhi410,2,2
co7frdqase3000bkvshg,2,2
cvr8bc6jsr2g0088pl40,2,2
cvu1somo773g009i8b5g,2,2
d004qqmgi0og008idhu0,2,2
cvndt6j4giqg00eptotg,2,2
d04hnnss10rg009ifacg,2,2
cvo0bbnmrfo000a14ja0,2,2
d00je96o773g00a4d5fg,2,2
d00ibstlhp0g008a66r0,2,2
d04i5jtu3ph000dc9h10,2,2
d05583ugi0og00a358gg,2,2
cv5kuvfint1g00abrgag,2,2
cvnjnkp0p0eg00e6bnn0,2,2
cmferepqkol0009sf0lg,2,2
d00huficalk000ecu0fg,2,2
d5ldtt68nps0009h7me0,2,2
d03dva2calk000fcm9gg,2,2
d004qs2gb1c000a6hgog,2,2
cvv7ogdu3ph000bi68p0,2,2
d03e1emo773g00b44rc0,2,2
d0556v6dqm9g00ap2bcg,2,2
d00i9ovmrfo000bbskn0,2,2
d04hvvk72f3g00bvqnkg,2,2
d00jh5pggil000fohjmg,2,2
d07ptiao7i8g00arn7d0,2,2
d03dqpeomc2g00ejra3g,2,2
cvqk34jpuid000abqk70,2,2
d07pirqcalk000800ung,2,2
d04hn36r7j8g00bfpoug,2,2
cvvbqeqo7i8g008re2lg,2,2
cvqjmseo773g008uav0g,2,2
cvm4jh9214i000aad0jg,2,2
cvvstcao7i8g0091vtu0,2,2
ci6b9qaqour0008ih780,2,2
d0058aoh3d7g00ctdvfg,2,2
cvqk3710p0eg00ecjcjg,2,2
cvumd09ggil000fbej70,2,2
cup4crbdsong00c3rogg,2,2
cvvegqugi0og00891sbg,2,2
cvv7piqdvnk00091b5kg,2,2
cvvegfrpuid000b4pgp0,2,2
cvradsp0qf8g00fl2ofg,2,2
cvvvcgcs3cjg00enb58g,2,2
d11336veh7o000bmp2kg,2,2
cvo0bmkaa58000bd0b9g,2,2
cvnj2j90p0eg00e6blcg,2,2
cvpdkr472f3g009b28jg,2,2
cvo0mfrpuid000a721p0,2,2
cv4aiqqgd82000ept2h0,2,2
cvq26f2calk000d6lj60,2,2
d4pnjjp7bgd000cgakg0,2,2
cvvrqnmjsr2g0094ebig,2,2
cvvstejpuid000bb9qb0,2,2
cvvsajsmmp30008g4v90,2,2
d04ht3jpuid000cune9g,2,2
d03dvsadvnk000ae4b7g,2,2
d04i5qob12i0009t5ajg,2,2
d03dsq4aa58000dnaqs0,2,2
d04kc1rpuid000cuqpv0,2,2
cvvu3lcs10rg00fv26o0,2,2
d07pqh6omc2g00f76p5g,2,2
cvndns4s3cjg00dhi1m0,2,2
cvnj8ttlhp0g00etunvg,2,2
cvnj2v8h3d7g00bkg58g,2,2
cvqjui3pp0p000eoqshg,2,2
cvvu657mrfo000b5dehg,2,2
cvnisvf9vfn000brgmf0,2,2
cvra8gio7i8g00869ep0,2,2
d00ieegb12i0008g8gtg,2,2
cvo0bq79vfn000bt01a0,2,2
cvqk1bqdvnk00088d1k0,2,2
d04hnbdpebk000e5ug7g,2,2
d00i1noh3d7g00d0plag,2,2
cpma8sp9galg00da0ku0,2,2
cv0blasrsau000b6i3h0,2,2
cn4hqt9qkol000a25j50,2,2
d0557fk72f3g00bvv08g,2,2
cvniqcnmrfo0009vlfe0,2,2
d004vics10rg0081vtmg,2,2
d07ps2f9vfn000eqpvo0,2,2
cvnk0imomc2g00c7s5rg,2,2
d03e0nmomc2g00ejralg,2,2
d00lrap0qf8g008n671g,2,2
cvvsu3ks10rg00fv1k0g,2,2
cpma8tk5646000cqnq00,2,2
cvnk1utu3ph000aivotg,2,2
cvvs134s3cjg00ena0ag,2,2
cvvsheao7i8g0091vmu0,2,2
d0552ck72f3g00bvuvl0,2,2
cvvsa0cclak000atd8t0,2,2
d04g4htlhp0g009n3bj0,2,2
cvvbn60b12i000836eh0,2,2
cvo0dad27ee000ebf7ag,2,2
cvqjo6mo773g008uav5g,2,2
d03dvneoeelg00crgv40,2,2
cvo0cgigb1c0008ves00,2,2
cvneb9jfkjb0008rt3rg,2,2
d03e20bpuid000chh4v0,2,2
cvm4hprq1pvg00e3jddg,2,2
d055756r7j8g00bfu2lg,2,2
d07pp6472f3g00c5vbf0,2,2
cvnb77c68q80008374rg,2,2
cv4aj3qgd82000ept2hg,2,2
d04i5ln9vfn000ekl0mg,2,2
cusd38np3g5000ell7b0,2,2
cv2atc4u5sig00b349s0,2,2
cvqjm7gsssgg00cq5chg,2,2
cvndt8c4g8lg00d5ah10,2,2
cvqjlq8sssgg00cq5cfg,2,2
cvnje3jpuid000a5itmg,2,2
cvvbrcs72f3g00a5qdvg,2,2
d0366gosssgg00eub9l0,2,2
cvqk1osmmp3000fgijc0,2,2
cr8d0fgk19i000a14ik0,2,2
cvqk20s72f3g009crb70,2,2
cvi5uos9b4h000f84l9g,2,2
cvvu6dn9vfn000d18lp0,2,2
d04i6t527ee000938e3g,2,2
cvne04kgikb000enblb0,2,2
cvniuu6gi0og00f9r4ug,2,2
cvvshqegi0og008fin10,2,2
cvvbja41fmq000bv5ut0,2,2
cvvbmgjpuid000b4oocg,2,2
cvndvhlu3ph000aivd2g,2,2
d03dvp8sssgg00evv320,2,2
d04kr5ejsr2g00ao11og,2,2
cvqjn1eo773g008uav1g,2,2
d03e1dnmrfo000cbjr50,2,2
cvqlintu3ph000ap7pcg,2,2
cvveg6du3ph000bi7rs0,2,2
cvnb7qkivntg00aogv00,2,2
cvne0oub3op0009aptvg,2,2
cvvu5uao7i8g00920heg,2,2
d07ptgks3cjg008gs410,2,2
d04g8jpn485g00bs2f8g,2,2
cite4e0o495g0080ln3g,2,2
cvne3e6gi0og00f9qtp0,2,2
ctvdp3dhhil0008dhlpg,2,2
cvvejpks3cjg00egpi1g,2,2
cvvsiv472f3g00acbk2g,2,2
cvra71uo773g00926v4g,2,2
d0557vgsssgg00fdatt0,2,2
d04i6u3puid000cungh0,2,2
cvrc37mjsr2g0088qi50,2,2
cvqjn6ur7j8g008snd20,2,2
d04hr9bpuid000cune30,2,2
d0jsl62fqkig00esejp0,2,2
cvvvaamr7j8g009s9m90,2,2
d04krqkmmp3000a3nvcg,2,2
d03dvogh3d7g00e0igb0,2,2
cvndnoqdvnk000824q3g,2,2
d07pvvcaa58000eal5rg,2,2
cvo0b7f9vfn000bt017g,2,2
cvvsa63puid000bb9isg,2,2
cvvstbao7i8g0091vttg,2,2
cvqk1omjsr2g0084uheg,2,2
cvnjusss10rg00ep9200,2,2
cvnjvlfk2lrg00c7om80,2,2
d03dvo3pp0p0008uj4g0,2,2
cvnj7stpebk000bcm2o0,2,2
cvnj9cvmrfo0009vlhdg,2,2
d4pnjhui2fk000a9cukg,2,2
cvqjlkujsr2g0084udc0,2,2
d5onsami2fk000aegca0,2,2
cvvc7d5u3ph000bi7itg,2,2
cvvbriqo7i8g008re2ng,2,2
cmpb8sqase3000bce4ag,2,2
cvvbmd1ggil000fbgbq0,2,2
cvnk48hggil000ecapmg,2,2
cvo0cfpggil000edpu10,2,2
d0557igh3d7g00edsg60,2,2
d04hnfmomc2g00f11nog,2,2
cvvefubpp0p000fhpmi0,2,2
d0055pks3cjg00eqddkg,2,2
d5kp1rei2fk000aeaclg,2,2
d04hpil27ee000938c60,2,2
d07pu73kf5cg00dhg1g0,2,2
cvvv8pcs3cjg00enb51g,2,2
d055cc5u3ph000dcdphg,2,2
d004i2k1fmq000c8c3jg,2,2
d07pntob12i000a3a290,2,2
d03dq1moeelg00crgun0,2,2
cvnj8v3puid000a5it60,2,2
cvnj2nfk2lrg00c7oj80,2,2
cvvemuqdvnk00091co10,2,2
d03dv6jpuid000chh4l0,2,2
cvvrregsssgg00dpm46g,2,2
d04hokjpp0p0009bpe50,2,2
cvvu2nlpebk000cif210,2,2
d5i3j0ui8kjg00c3f150,2,2
cvnduoss3cjg00dhi2l0,2,2
cvnjh0mgi0og00f9r710,2,2
cv2bla86fpcg00f8par0,2,2
cvniumigb1c0008tvq10,2,2
cvqk1gkclak0009ttga0,2,2
d04hrcegi0og00a310g0,2,2
d1fj8si6si1g00ahnba0,2,2
cvvbm9bpp0p000fhoui0,2,2
cvne120b12i000f40j7g,2,2
cvvu60saa58000ch6he0,2,2
cvvs6mao7i8g0091vkeg,2,2
cvo0c04aa58000bd0bl0,2,2
d055eg2o7i8g00allq4g,2,2
cvvv8d8sssgg00dpnde0,2,2
cts3b6qf4i0g00dv2fm0,2,2
d0554ceomc2g00f162u0,2,2
cvvbqbejsr2g008tsvqg,2,2
cvumdkqgb1c0009t3o40,2,2
cvra7gigb1c000982o30,2,2
d620qjlsdh8000a13f00,2,2
d4pnjiei8kjg00bv5hk0,2,2
d03do5p0qf8g009mskvg,2,2
cvvbnjsaa58000cal6s0,2,2
cv10nks71kmg00eb4ujg,2,2
cvvs0dacalk000e6d9cg,2,2
d04i29kclak000cgqab0,2,2
cvnis8p0p0eg00e6bk1g,2,2
d07pvp1s5hl000emhfm0,2,2
cvneecqo7i8g00fs5cu0,2,2
cvqjvk0b12i000fa82g0,2,2
d07q0brkf5cg00dhg2pg,2,2
cvumejqgb1c0009t3o60,2,2
d04ga3rpp0p0009bpca0,2,2
cvnet4pkaks000as181g,2,2
cvqjmvuo773g008uav10,2,2
d04g0jejsr2g00antjfg,2,2
d04hrrsclak000cgq97g,2,2
d07pvkgb12i000a3aaj0,2,2
d05uudl27ee00094ruug,2,2
d5gps9ui8kjg00c3ejq0,2,2
d00i30tlhp0g008a661g,2,2
cvqk88tu3ph000ap7n9g,2,2
cvnjsh3pp0p000eijb7g,2,2
d057mjhn485g00bs7dbg,2,2
cmtvbfoim8r000fjiosg,2,2
cvqjp0caa58000bhoj10,2,2
d04i435sc5cg00dp5mfg,2,2
d055e0mdqm9g00ap2e50,2,2
d04ht23puid000cune70,2,2
cvvu6ccmmp30008g5q7g,2,2
cvvrt141fmq000c5n4lg,2,2
d07pvikmmp3000a9p8h0,2,2
cvveitvmrfo000auselg,2,2
cvnipaicalk000d0lvmg,2,2
cvqjs65lhp0g00f4673g,2,2
cvvsj1jpp0p000foa410,2,2
cvnjr6ss10rg00ep91kg,2,2
d04i1cer7j8g00bfppng,2,2
d4pnjjf8t2j000frs84g,2,2
cvo0d5jpuid000a71t60,2,2
cvne1geb3op0009apuk0,2,2
d07pjhmdqm9g00av2jgg,2,2
d058vigb12i0009ta51g,2,2
cvqjvldlhp0g00f469fg,2,2
cvneqe90p0eg00e6bc80,2,2
cmknurhgkbk00096fp6g,2,2
d04hmmeomc2g00f11nn0,2,2
cvnjkh0h3d7g00bkg75g,2,2
cvpdtpdu3ph000anem30,2,2
cvnjp74s3cjg00dhidog,2,2
cvvvd010qf8g008gm0tg,2,2
d04i2e5pebk000e5uho0,2,2
cvnjk5rpp0p000eijaig,2,2
d07pr9mqdhp000fehogg,2,2
cvqju8mo773g008ub14g,2,2
d00ibrgsssgg00e06t60,2,2
cvnk06qcalk000d0m420,2,2
d3cuqddu2l9000e47mgg,2,2
d04k67eomc2g00f152sg,2,2
cv6uisc71kmg00eos1q0,2,2
d004bmidvnk0009ae8rg,2,2
d0361oob12i0009eb6h0,2,2
d0jsm0osssgg008dk8pg,2,2
cvvstojpuid000bb9qe0,2,2
cvnk0d0b12i000f40us0,2,2
d07pvbrpp0p0009huplg,2,2
d04hmn5pebk000e5ug60,2,2
cvqk8aujsr2g0084uii0,2,2
cur1a18pr2e000ao3ajg,2,2
cvvst3saa58000ch5ugg,2,2
d00ibnuomc2g00dk475g,2,2
d07q01jkf5cg00dhg2k0,2,2
cvvbrcqgb1c0009t5jb0,2,2
cvndne56kgfg00dqc30g,2,2
cvnj3u79vfn000brgnd0,2,2
cvbitqpnfbn000fmm6lg,2,2
d03dtfk72f3g00bil1jg,2,2
cvqk64kclak0009tth70,2,2
cvndt7p0qf8g00favfvg,2,2
cvnj84saa58000bbh3bg,2,2
cvnk0imo773g008o34rg,2,2
cvnk0uuo773g008o34sg,2,2
d03dro5u3ph000cv2or0,2,2
cvne0f8b12i000f40io0,2,2
cvumfck72f3g00a5om4g,2,2
cvqjs9fk2lrg00cdvslg,2,2
d3m6hde8nps00098jl7g,2,2
cvniqpao7i8g00fs5k80,2,2
d04k71cs10rg009iimmg,2,2
d07pt2rpp0p0009hunr0,2,2
d04kc7ejsr2g00ao0tug,2,2
cvne0hao7i8g00fs5adg,2,2
cvvbqcsaa58000cal75g,2,2
cv116v5f9qc000enbfu0,2,2
cusd3qcrsau000au89bg,2,2
d04k7aidvnk000ardv00,2,2
cvvu7bkmmp30008g5qag,2,2
cvqk8jcs3cjg00dnq4tg,2,2
d03dpamomc2g00ejr9rg,2,2
cvnj9pvmrfo0009vlhf0,2,2
cvo0dm2o7i8g00ftl12g,2,2
cvvsaof9vfn000d17s00,2,2
d00jh66jsr2g009av3t0,2,2
cvvs5v1ggil000fi1ekg,2,2
d04i75ejsr2g00antna0,2,2
cvvbje4mmp300089j880,2,2
d00jcaks3cjg00etqrvg,2,2
cvnj8gacalk000d0m1k0,2,2
cvned9c4g8lg00d5akkg,2,2
d00loaidvnk0009ee960,2,2
d03drnob12i0009fvfv0,2,2
d057n3eomc2g00f16jh0,2,2
d07pu0udqm9g00av2rm0,2,2
d1k6uaavr6ng0094k0hg,2,2
cvmov2vnrfu000dpis20,2,2
cmq0btj0ekp0008qasi0,2,2
d07pt6ps5hl000emhdu0,2,2
d5i3j1fi154000cksm9g,2,2
d04hokqdvnk000aramig,2,2
cvned9kneg3g00fnai2g,2,2
cvvrr8ss10rg00fv107g,2,2
cvvu7mjpuid000bbadng,2,2
d004q7lpebk000cl8m90,2,2
d03dsaoh3d7g00e0ig3g,2,2
cvv7oh6r7j8g009lm56g,2,2
cvnj826o773g008o32cg,2,2
cvnetd90qf8g00favjp0,2,2
cvnjhq10qf8g00favrbg,2,2
d07poo472f3g00c5vaqg,2,2
d04hpu79vfn000ekkul0,2,2
cvnk1bdu3ph000aivorg,2,2
cvvs9ollhp0g0083lv6g,2,2
d6004bu8shlg009gs16g,2,2
cvnjtecs3cjg00dhie30,2,2
cvnk4mqgb1c0008tvuj0,2,2
cvnjaf7k2lrg00c7ok6g,2,2
cvvu49fmrfo000b5debg,2,2
cvo0d7ss10rg00eqo2e0,2,2
d036692calk000fb2ft0,2,2
d04lell27ee00093bvk0,2,2
cvvs7uugi0og008fil20,2,2
cn6h5pbvem1g00eb6dh0,2,2
cvvu5q8b12i00089oo70,2,2
cvvbqhsmmp300089j8ug,2,2
cvnduuc4g8lg00d5ahg0,2,2
cvvu4udpebk000cif250,2,2
cvvv82lpebk000cif5pg,2,2
clr0u53nofvg00b189og,2,2
cvvbm3t27ee000f98400,2,2
cvm3n1o9dj0g00f67t9g,2,2
cvniucbpuid000a5irkg,2,2
d5rb6dei8kjg00c40q2g,2,2
d5pccbui2fk000aej82g,2,2
d04i0pk72f3g00bvqnlg,2,2
d04hrutpebk000e5ugjg,2,2
d16bs3nl1m5000c6l6ig,2,2
d036aa4mmp30009kqkkg,2,2
cvqjs0rpuid000abqgbg,2,2
d0jslm2o7i8g00bm1egg,2,2
cvnk1udu3ph000aivot0,2,2
d04i7090qf8g00a42pvg,2,2
cvvbojhggil000fbgc1g,2,2
d5gps9mi2fk000ae042g,2,2
cvq26079vfn000c1g3gg,2,2
cuvmj38muso00097chrg,2,2
d00lregh3d7g00d0qk7g,2,2
d04hqj8h3d7g00edo6c0,2,2
d00jhtdpebk000cousug,2,2
cvv7onc72f3g00a5piq0,2,2
cvneci0b12i000f40ktg,2,2
cvndsgd6kgfg00dqc44g,2,2
d56b0e68nps0009fame0,2,2
cvvu49t27ee000ffqgp0,2,2
d035v779vfn000e5r770,2,2
d0nrkbvj3ju000d50k20,2,2
d04hqc10qf8g00a42nr0,2,2
cpma8rn9iisg00a64hhg,2,2
