package_id,distinct_documents,record_count
cvvv5sosssgg00dpnd6g,4,4
cv2bbf7k7seg00ee9h1g,4,4
cvvs9vt27ee000ffpmkg,4,4
cvjid8m9pj7000au06o0,4,4
cvvv5kqcalk000e6eemg,3,4
d04k606r7j8g00bft2k0,3,4
cvvbli5pebk000cbsp6g,3,4
cvvsjk4aa58000ch5o40,3,4
d04ktg8b12i0009t8p1g,3,4
cvvsjjsclak000atd9s0,3,3
cv2bbebchrbg00c9scs0,3,3
cvnji64s10rg00ep90qg,3,3
cu40lfu7qbfg00ejtqn0,3,3
cvvbqg0sssgg00dj539g,3,3
cvveenkmmp300089jvhg,3,3
cvnj53cclak0009nm4j0,3,3
cvpdksnmrfo000a443b0,3,3
cu40lca5m5tg0095g0mg,3,3
cvndlf6b3op0009aprq0,3,3
cvpd2ekaa58000bfvk5g,3,3
cvvs776omc2g00ddjv10,3,3
cvpd6k8h3d7g00bouup0,3,3
cvumd00sssgg00dj3ac0,3,3
cvumcrcaa58000cajesg,3,3
cvvrrt8b12i00089nk4g,3,3
cvpdku4mmp3000fephd0,3,3
cvvbqc4s3cjg00egoq00,3,3
cvu2727mrfo000apue3g,3,3
d05v9q5pebk000e7i2ng,3,3
cvnj0c4s10rg00ep8upg,3,3
cvvc3lacalk000dvsjd0,3,3
cvnj0fao7i8g00fs5l3g,3,3
d07plitpebk000ec2ukg,3,3
cvumcpgb12i000834lc0,3,3
cvveg5saa58000calup0,3,3
d04hp9s72f3g00bvqne0,3,3
cv2bbbki2efg00c5ehag,3,3
cvv7pfio7i8g008rd7hg,3,3
cvvbotdaar4g00e0bat0,3,3
cvvejnob12i000837670,3,3
cvumcqrpp0p000fhn7cg,3,3
d07pr7dlhp0g009t7qjg,3,3
cvpd6mfk2lrg00cc6utg,3,3
d5g50sei2fk000adutag,2,4
cvvrr6k1fmq000c5n3tg,2,4
d04hu92o7i8g00alhaf0,2,4
d07po0eqdhp000fehjp0,2,4
cvvsheuomc2g00ddk13g,2,3
cvvrqr10qf8g008gkmhg,2,3
cvndn5momc2g00c7rn40,2,3
cvvs6j8h3d7g00cq8v6g,2,3
d04k5qqcalk000fpv6k0,2,3
cvniq9vk2lrg00c7oi5g,2,3
cvnjkopggil000ecaoe0,2,3
cvnjl7ss3cjg00dhidf0,2,3
d04k69lpebk000e61pd0,2,3
cvvsat5aar4g00e6ss0g,2,3
d07q2rqdvnk000b1f9bg,2,3
cvnipgcmmp3000faaf80,2,3
cvnk0beo773g008o34pg,2,3
d0551s4s3cjg008arusg,2,3
d5pccbf1akqg00cc7b60,2,3
cvvbo8caa58000cal6ug,2,3
cvvshceo773g009tsa7g,2,3
cvvshrur7j8g009s8otg,2,3
cvvs63qdvnk00097t0g0,2,3
cvvu2hidvnk00097tq80,2,3
cvvbknejsr2g008tsv80,2,3
d07pucegi0og00a95efg,2,3
d07pr6lpebk000ec32e0,2,3
cvvssjmgi0og008fit1g,2,3
d04k60sclak000cgthb0,2,3
cvnjl6sclak0009nm680,2,3
cvvbp3ss10rg00fofh5g,2,3
cvvsi38h3d7g00cq91lg,2,3
d04k6ipn485g00bs5sug,2,3
d04k616r7j8g00bft2kg,2,3
cvvv8eer7j8g009s9m50,2,3
cvvrqfugi0og008fi9e0,2,3
d07psk2dvnk000b1f600,2,3
cvvshteomc2g00ddk170,2,3
cvumfdugi0og0088vf30,2,3
cvvbo91ggil000fbgc0g,2,3
cvvbqhsmmp300089j8ug,2,2
cvumcc2o7i8g008rc79g,2,2
d5pccbui2fk000aej82g,2,2
cvvstf90qf8g008gl9hg,2,2
cvo0o610p0eg00e7qsbg,2,2
cvvu7sh0qf8g008glsgg,2,2
cvvrs0uomc2g00ddjm50,2,2
cvniro6o773g008o30n0,2,2
cvvs5v1ggil000fi1ekg,2,2
cvvemuqdvnk00091co10,2,2
d0jslm2o7i8g00bm1egg,2,2
cvvc8djpp0p000fhpe20,2,2
cvnirq2dvnk00082537g,2,2
d1c99lqvr6ng00945ujg,2,2
cvpdja6o773g008shun0,2,2
cvvsf0cs10rg00fv1cc0,2,2
cvnisneo773g008o30u0,2,2
d07pu5mjsr2g00au2pe0,2,2
cvvbm3t27ee000f98400,2,2
cvpdjc4clak0009s4l8g,2,2
cvvbqeqo7i8g008re2lg,2,2
d5vva15sdh8000a0qg4g,2,2
d05v9jn9vfn000em8mc0,2,2
d5ultk5sdh8000a0pmd0,2,2
cvvstojpuid000bb9qe0,2,2
d05v9ptlhp0g009omosg,2,2
cvvs7uugi0og008fil20,2,2
d07ppghggil0009bhv50,2,2
cvvbq679vfn000cqmie0,2,2
d07q08ss10rg009okctg,2,2
cvvs88cclak000atd8g0,2,2
d07q19ps5hl000emhg9g,2,2
d00ibrgsssgg00e06t60,2,2
cvume54mmp300089hfag,2,2
cvu2785lhp0g00fo7rq0,2,2
cvvrtismmp30008g4kmg,2,2
cvnj7bhggil000ecampg,2,2
d00icoadvnk0009edb00,2,2
cvumc6nmrfo000aupu8g,2,2
cvu1somo773g009i8b5g,2,2
d04lell27ee00093bvk0,2,2
cvne1fcs10rg00ep8m3g,2,2
d05531cclak000cguh40,2,2
d5ululdsdh8000a0pmn0,2,2
cu40l4suvhug00b2hfsg,2,2
cug0b40pr2e000a2jeo0,2,2
cvkpla9u4pg0008rnei0,2,2
cvvefn6omc2g00d73g50,2,2
d004i1cclak000b01qm0,2,2
cvpdktur7j8g008qufn0,2,2
cvvru9d27ee000ffpc50,2,2
cvvrtt4aa58000ch5c80,2,2
cvvs8l2o7i8g0091vla0,2,2
d5pk2n0nnp4g00cq9hsg,2,2
cvnjhv90p0eg00e6bn50,2,2
cvvbpkur7j8g009ln140,2,2
cvniu40b12i000f40r70,2,2
cvvegfrpuid000b4pgp0,2,2
d5pcb3f1akqg00cc7b5g,2,2
d05va14s3cjg008cb2n0,2,2
cvvegudpebk000cbth20,2,2
d004v98sssgg00dskieg,2,2
d620ca5sdh8000a13d50,2,2
d07pjbllhp0g009t7mhg,2,2
cvvsa63puid000bb9isg,2,2
cvvs7t0sssgg00dpmf8g,2,2
cvvej5k72f3g00a5r510,2,2
cvnithao7i8g00fs5kh0,2,2
d0sfb0d27ee000aanr0g,2,2
d004bssclak000avugag,2,2
d04l0e5lhp0g009n6ua0,2,2
cvv7plks10rg00foelig,2,2
d05v99icalk000frflmg,2,2
cvvsoq2dvnk00097t760,2,2
cvumc78b12i000834la0,2,2
d04k5v472f3g00bvu1f0,2,2
cvvek1cs10rg00fog99g,2,2
cvum5bqo7i8g008rc6l0,2,2
cvnir0dpebk000bcm190,2,2
d5sv3u5bg9ng00b6vb90,2,2
d07pq9gh3d7g00ejt3bg,2,2
cvpdsc8sssgg00cocf10,2,2
cvume20h3d7g00cjm1m0,2,2
cvvc1ud27ee000f98cn0,2,2
cvpdkrp0qf8g00ffe17g,2,2
cvpdkrmo773g008shung,2,2
cvniumks10rg00ep8uj0,2,2
d07pk6udqm9g00av2jhg,2,2
cvnjb0kclak0009nm5b0,2,2
d0jsmd5pebk000f6bkbg,2,2
cvvs27t27ee000ffpgt0,2,2
cvpdsbio7i8g0080kkng,2,2
cvvrv19ggil000fi16mg,2,2
d07q16lu3ph000diedqg,2,2
cvveh1qdvnk00091cmvg,2,2
d07q07ujsr2g00au2qi0,2,2
cvveg6du3ph000bi7rs0,2,2
cvvsg34clak000atd9gg,2,2
cvumfcss10rg00fodnf0,2,2
cvvbp0smmp300089j8rg,2,2
cvvef8lpebk000cbtgs0,2,2
cvo0ceer7j8g008nuu2g,2,2
d05vn8ks10rg009k34r0,2,2
cvvejpks3cjg00egpi1g,2,2
d07psg3kf5cg00dhg030,2,2
cvvrvpss3cjg00en9um0,2,2
cvvs1rcmmp30008g4oug,2,2
d004qptaar4g00e9noog,2,2
cvvs2nio7i8g0091vh80,2,2
cvvrtsgsssgg00dpm5ag,2,2
cvvei6mr7j8g009lnok0,2,2
d004eev9vfn000d3q9b0,2,2
cvnis57mrfo0009vlfl0,2,2
cvnjj9agb1c0008tvsr0,2,2
d0551j7mrfo000cotkdg,2,2
cvvbqev9vfn000cqmifg,2,2
cvvbihss3cjg00egopb0,2,2
cvumd09ggil000fbej70,2,2
cvne0qcs3cjg00dhi360,2,2
cvvs7r4mmp30008g4u90,2,2
d07pr86qdhp000fehocg,2,2
cvvehh3puid000b4pgs0,2,2
cvnji7er7j8g008mfpq0,2,2
d4pnjk5a7eog00bqsa80,2,2
cvvef2uo773g009nbaig,2,2
d07pp6472f3g00c5vbf0,2,2
cvm4gd7ae9v000cqh6r0,2,2
cvvrs14mmp30008g4k2g,2,2
cvpd6l472f3g009b28hg,2,2
cvvc99hggil000fbgrm0,2,2
cvvs6bt27ee000ffpl2g,2,2
cvvehk2dvnk00091cn40,2,2
d5uluo5sdh8000a0pmrg,2,2
d07pu99s5hl000emheqg,2,2
cvpdkqkmmp3000fephbg,2,2
cvnjj8nk2lrg00c7ol60,2,2
d11334je1c8g00bsfhu0,2,2
cvveheur7j8g009lnod0,2,2
cvvrrfqgb1c000a3md4g,2,2
cvvbrcqgb1c0009t5jb0,2,2
cvvbm9bpp0p000fhoui0,2,2
cvvrstpggil000fi15k0,2,2
cvvs9udpebk000cie8rg,2,2
cvvvcnt27ee000ffqln0,2,2
cvvejnmomc2g00d73gq0,2,2
cvo0cebpuid000a71sq0,2,2
d05vnd4s3cjg008cb2p0,2,2
cvndnoqdvnk000824q3g,2,2
cvumejqgb1c0009t3o60,2,2
cvvboc7mrfo000aurmh0,2,2
cvpdkuss3cjg00dm17r0,2,2
d5pk2kmlkkgg00bf1d40,2,2
cvvstseomc2g00ddk7vg,2,2
cvu1evosssgg00ddsba0,2,2
cvvbrqmjsr2g008tsvtg,2,2
cvvbqbejsr2g008tsvqg,2,2
cvvsj1jpp0p000foa410,2,2
cvnjm0er7j8g008mfq0g,2,2
cvnjif3puid000a5iu60,2,2
cvpd6n6gi0og00fea0u0,2,2
cvvei94s3cjg00egphqg,2,2
d03uurn9vfn000efoo00,2,2
d05572smmp3000a3ooqg,2,2
cvnjiqlu3ph000aivnqg,2,2
cvne3dmb3op0009apv40,2,2
d0jsm0osssgg008dk8pg,2,2
d055ceeomc2g00f16410,2,2
d0sfc78sssgg008knu50,2,2
cvvrs1s1fmq000c5n49g,2,2
cvv7q4du3ph000bi6agg,2,2
d07psg4s3cjg008gs35g,2,2
d4pnjiulkkgg00ba1oq0,2,2
cvvrrp4mmp30008g4k00,2,2
cvnjk3527ee000e9vsf0,2,2
d04k6qk72f3g00bvu1ig,2,2
d05vn6edqm9g00aqhimg,2,2
cvume46jsr2g008tr6c0,2,2
d00i1noh3d7g00d0plag,2,2
cvm3n1fvkbog00e0a350,2,2
cvnirbadvnk00082535g,2,2
cvumfo6omc2g00d70vp0,2,2
cvnjj40b12i000f40tpg,2,2
d5ululkg7bb000diaivg,2,2
d0jslc9ggil000a5p8r0,2,2
cvvv894s3cjg00enb4v0,2,2
cvnisqgh3d7g00bkg4gg,2,2
cvpdjblpebk000bh4rug,2,2
cvnjhq5lhp0g00etup00,2,2
cvvegnicalk000dvsvog,2,2
d4pnjlonnp4g00clp3l0,2,2
d00i062dvnk0009ed9lg,2,2
cvo0bt472f3g00982hig,2,2
cvu202nmrfo000apqrqg,2,2
cvmov2j4giqg00eoccag,2,2
cvvrras72f3g00acb7r0,2,2
cvvrstks10rg00fv10v0,2,2
cvnj7bs72f3g0096j51g,2,2
cvnjikbpp0p000eijac0,2,2
cvmoog15gpjg00cigmpg,2,2
cvvrshcs3cjg00en9sdg,2,2
d05va1p0qf8g00a5mcqg,2,2
d5gpve68nps0009gtllg,2,2
d1133qur45p000dvf580,2,2
cvvrtuegi0og008fib00,2,2
cvv7okjpuid000b4nstg,2,2
cvvs8jrpuid000bb9ii0,2,2
cvnitfejsr2g00fumpp0,2,2
d07q1ltlhp0g009t805g,2,2
d057n3eomc2g00f16jh0,2,2
cvvs386omc2g00ddjs9g,2,2
cvvegrv9vfn000cqn9j0,2,2
cvnb7rl3tiq0008fd9o0,2,2
cvvejbejsr2g008ttoe0,2,2
cvpdksp0qf8g00ffe180,2,2
d07ppkcs3cjg008grtcg,2,2
cvvbn1idvnk00091c000,2,2
cvvs284s3cjg00ena1m0,2,2
cvu25pss3cjg00ebqvcg,2,2
cvvefv2o7i8g008reqig,2,2
d07rgoegi0og00a961qg,2,2
cvvs7p90qf8g008gl0sg,2,2
cvvek6kmmp300089k07g,2,2
d05v9e9ggil000971410,2,2
cvvc5sss10rg00fofu30,2,2
cvnisn5u3ph000aivlf0,2,2
cvveg85pebk000cbtgu0,2,2
cvvs5v9ggil000fi1el0,2,2
cvvbqmks10rg00fofh9g,2,2
cvnj7bfk2lrg00c7ojr0,2,2
cvvbn7bpp0p000fhoun0,2,2
cvvs01lpebk000cidvug,2,2
cvvsios72f3g00acbk1g,2,2
cvvs78eo773g009ts87g,2,2
cv5kv5jfb4500086evj0,2,2
cvvs22du3ph000booa4g,2,2
cvvsg74aa58000ch5nkg,2,2
cvvvcs5aar4g00e6trkg,2,2
cvvejuvmrfo000auserg,2,2
d07pvkgb12i000a3aaj0,2,2
cvnjvnugi0og00f9r89g,2,2
cvvsc5cmmp30008g4vig,2,2
cvvs9vmr7j8g009s8np0,2,2
cvvs3cigb1c000a3mkt0,2,2
d04kc7ejsr2g00ao0tug,2,2
d05v9f6o773g00bitq1g,2,2
d4pnjkvi154000cgnpf0,2,2
d5pk2lnng86g00dtei70,2,2
cv2bbdh0s88000e3uj90,2,2
d055835u3ph000dcdp6g,2,2
cvniv39ggil000ecalm0,2,2
cvumfqoh3d7g00cjm1q0,2,2
cvpdkr472f3g009b28jg,2,2
cvvrtltaar4g00e6sgm0,2,2
d04kbq9n485g00bs5to0,2,2
cvnipaicalk000d0lvmg,2,2
cvvbpkc1fmq000bv5vf0,2,2
cvnisogb12i000f40r1g,2,2
cvvbm59ggil000fbgbpg,2,2
d057otsmmp3000a3p7tg,2,2
cvumfck72f3g00a5om4g,2,2
cvvscemgi0og008fim3g,2,2
d3es2hfpcljg00abv05g,2,2
d3cuqddu2l9000e47mgg,2,2
cvvu2h5pebk000cif1g0,2,2
cvnisgdpebk000bcm1f0,2,2
d05a7t10qf8g00a47ong,2,2
cvnjofc72f3g0096j6o0,2,2
cvvehfn9vfn000cqn9og,2,2
d07psc6o773g00bnf340,2,2
d4pnjl6i2fk000a9cum0,2,2
d5pktq6lkkgg00bf1e4g,2,2
d32bhdj0g61000c19vf0,2,2
d5um71qb8brg00c6a2eg,2,2
cvvs3a8b12i00089nr1g,2,2
cvm4jh9214i000aad0jg,2,2
d0jsla6jsr2g00bobgc0,2,2
cvvegoeo773g009nbaog,2,2
cvnisnss3cjg00dhiaug,2,2
d057mnl6k1j000cid2s0,2,2
d2222cgg948000ba6rog,2,2
cvvega6jsr2g008ttns0,2,2
d07q1b6jsr2g00au2qr0,2,2
cvnjc6mr7j8g008mfp3g,2,2
cvvsi39ggil000fi1hc0,2,2
d1oqrp9j31q000d7gccg,2,2
cvvvd010qf8g008gm0tg,2,2
d07poo472f3g00c5vaqg,2,2
d5pk2l6i2fk000aej89g,2,2
d07ptcllhp0g009t7th0,2,2
cvndlf4aa58000bbgnmg,2,2
b8aodu43clr01n1ocfd0,2,2
cvnirltu3ph000aivlbg,2,2
cvm4htp30g1000eb6t0g,2,2
d5rb6cei2fk000aelv6g,2,2
d07pjhmdqm9g00av2jgg,2,2
d0ekcrsaa58000eocig0,2,2
cvnjhf2calk000d0m2l0,2,2
d055cul6k1j000cicja0,2,2
d4pnjkfi154000cgnpeg,2,2
cvvbo3acalk000dvs7gg,2,2
cvo0bq79vfn000bt01a0,2,2
cvvrqfmgi0og008fi9dg,2,2
cvum5c79vfn000cqkob0,2,2
d0551quo773g00bhedjg,2,2
cvvbqq0h3d7g00cjnpa0,2,2
cvm3qkmc0vsg00bc6o50,2,2
cvvbq3jpuid000b4oomg,2,2
cvv7qi90qf8g008a38n0,2,2
d5gps9ui8kjg00c3ejq0,2,2
d07psbdpebk000ec34k0,2,2
d4pnjj3bj1b000d463j0,2,2
d5gpvdui8kjg00c3ejrg,2,2
cvvs5kkclak000atd750,2,2
cvnjng90p0eg00e6bnm0,2,2
cvnjhfcs3cjg00dhid60,2,2
cvvsnv6jsr2g0094esi0,2,2
d0554ceomc2g00f162u0,2,2
cvnjh6ugi0og00f9r720,2,2
d04kpjdu3ph000dccsog,2,2
cvvrsh4s3cjg00en9sd0,2,2
cvniqb10qf8g00favo9g,2,2
cv9j1ilf9qc000f8op50,2,2
cvvbmd1ggil000fbgbq0,2,2
cvveg6ks10rg00fog8mg,2,2
cvvsd2fmrfo000b5cl80,2,2
d04k67eomc2g00f152sg,2,2
d5pktpmi2fk000aej9q0,2,2
cvvef6h0qf8g008a4q00,2,2
d00hvv8h3d7g00d0pkt0,2,2
cvnis4uo773g008o30qg,2,2
cvvsheao7i8g0091vmu0,2,2
d1it68j684e0008933d0,2,2
cvvek6cclak000amsebg,2,2
cvveg64s3cjg00egph9g,2,2
cvvejridvnk00091cni0,2,2
cvvehdur7j8g009lnoc0,2,2
d07q0ilpebk000ec37qg,2,2
d04hof79vfn000ekkug0,2,2
d07q5mao7i8g00arnak0,2,2
d5dfuk37b9cg008edm00,2,2
cvpdsb2dvnk00086k4n0,2,2
d05uuikmmp3000a582n0,2,2
cvo0bsh0qf8g00fcf050,2,2
cvm4hprq1pvg00e3jddg,2,2
cvpdj7acalk000d55450,2,2
cvvs4adpebk000cie61g,2,2
cutnrnu7jsdg00fr9vng,2,2
d04k71cs10rg009iimmg,2,2
d5gq13ei2fk000ae04e0,2,2
cvvsbgllhp0g0083lvg0,2,2
cvumccao7i8g008rc7a0,2,2
d1eufljhebj000ajaj3g,2,2
cvvs4j2gb1c000a3mm5g,2,2
d07q080b12i000a3ab3g,2,2
cvvsbl4s10rg00fv1bu0,2,2
cv1152cjs1r000f20h60,2,2
cvvsi5kclak000atd9l0,2,2
d07pvl0b12i000a3aakg,2,2
cvvef1l27ee000f98sh0,2,2
d620qk6rgi50008mui1g,2,2
cvniojp0p0eg00e6bjlg,2,2
cvnj9hcmmp3000faah90,2,2
cvvs1p5pebk000cie2bg,2,2
cvvegqugi0og00891sbg,2,2
cvvsidoh3d7g00cq91mg,2,2
cvvsbg4mmp30008g4vdg,2,2
cvumcvsclak000ampuog,2,2
d040ofp0qf8g009v6j7g,2,2
d05uudcs10rg009k34d0,2,2
cu40lbfhqbc000c1bm0g,2,2
cvnis6saa58000bbh1t0,2,2
cvo0dl3pp0p000ek2ij0,2,2
d5lm2vulkkgg00beqoag,2,2
cvne33ub3op0009apv2g,2,2
cvum5cqo7i8g008rc6lg,2,2
cvumd0ob12i000834lcg,2,2
d32bhsbdseq000aqulvg,2,2
d05v01ao7i8g00an59h0,2,2
cvvbnpk1fmq000bv5v90,2,2
cvvbqcsaa58000cal75g,2,2
cvvbqb5u3ph000bi745g,2,2
cvvrsk2o7i8g0091vb60,2,2
cvv7qibpp0p000fho570,2,2
cvnji4gsssgg00cjtsa0,2,2
d0sfc88sssgg008knu5g,2,2
cvvehhrpuid000b4pgsg,2,2
cvvek17mrfo000auses0,2,2
cvpdjc5lhp0g00f2dev0,2,2
cvveegqcalk000dvsvg0,2,2
d05vn9t6k1j000cjs45g,2,2
d5dfuhui2fk000adksr0,2,2
cvpdkt4mmp3000fephc0,2,2
d05a6t6gi0og00a35sq0,2,2
d07pre4s3cjg008gs1o0,2,2
d5ldtt68nps0009h7me0,2,2
cvvejh5lhp0g00ft5iug,2,2
d04hokhn485g00bs2ho0,2,2
cvveiqc72f3g00a5r4v0,2,2
d0552c9n485g00bs6t60,2,2
cvnjk4nmrfo0009vlieg,2,2
cu41h6d965dg00dumjvg,2,2
cvniqsp0qf8g00favod0,2,2
cvvse2v9vfn000d17sg0,2,2
cvvrqv5aar4g00e6sfgg,2,2
d5rb6dei8kjg00c40q2g,2,2
d0552nc72f3g00bvuvlg,2,2
cvvsa5eomc2g00ddk00g,2,2
cvnit18sssgg00cjtpog,2,2
cvpdkvdpebk000bh4rvg,2,2
cvnj9cvmrfo0009vlhdg,2,2
cvvej9nmrfo000auseng,2,2
cvv7oh6r7j8g009lm56g,2,2
cvv7qgks3cjg00ego160,2,2
cvi5is69pj7000arj2k0,2,2
d1ngngv6ldd000f7s26g,2,2
d04lmg2dvnk000areavg,2,2
cvniroc72f3g0096j3lg,2,2
cvndqhsbkkeg00fof250,2,2
d1it670drma000ce6ibg,2,2
d05vkr5lhp0g009omoug,2,2
cvumd2cmmp300089hf7g,2,2
d5sv3u8j0mbg00dr2up0,2,2
cvveg4f9vfn000cqn9fg,2,2
cvvejhlpebk000cbthig,2,2
d5komarmftcg00ei5c2g,2,2
d5pcb2ui8kjg00c3uhsg,2,2
d07pp1uo773g00bnet0g,2,2
cvvef2ur7j8g009lno30,2,2
cvm3qrj4giqg00emqia0,2,2
cvvbkmagb1c0009t5ipg,2,2
cvvbq2t27ee000f984a0,2,2
d07ppa10qf8g00aa78kg,2,2
d0jslmmomc2g0081g4tg,2,2
d00i65uomc2g00dk46jg,2,2
cvnirp5pebk000bcm1cg,2,2
d5i3j4mlkkgg00begl50,2,2
cvvbr6ks10rg00fofhbg,2,2
cvnj9hkmmp3000faah9g,2,2
cvvbqomjsr2g008tsvr0,2,2
cvvef36jsr2g008ttnog,2,2
cvvs5tnmrfo000b5cj10,2,2
d07pskllhp0g009t7sug,2,2
cvnjh0p0qf8g00favr90,2,2
cvnj6ff9vfn000brgnqg,2,2
d07pp82o7i8g00arn0g0,2,2
d05uudl27ee00094ruug,2,2
cvnipevk2lrg00c7oi20,2,2
cve7ep1u4pg0008fr510,2,2
cvvs8ntaar4g00e6srb0,2,2
cvvrt6smmp30008g4kg0,2,2
d004f9qdvnk0009afqvg,2,2
cvvej0d27ee000f98t00,2,2
cvndsugh3d7g00bkfri0,2,2
cvu205mr7j8g009gm5s0,2,2
d00lnj4aa58000cnmgk0,2,2
cvvs5cl27ee000ffpk8g,2,2
cvvbprp0qf8g008a4390,2,2
cvo0b7f9vfn000bt017g,2,2
cvvsgl79vfn000d17ss0,2,2
cvnjk5rpp0p000eijaig,2,2
cv1152548bhg00evpjl0,2,2
d07q0brkf5cg00dhg2pg,2,2
cvvv5jadvnk00097tubg,2,2
d07s70lpebk000ec3ra0,2,2
cvvsap3pp0p000foa2ig,2,2
cvnjvn6gi0og00f9r890,2,2
cvumdkqgb1c0009t3o40,2,2
cvvs134s3cjg00ena0ag,2,2
cvumc9mo773g009n8o20,2,2
cvnis8p0p0eg00e6bk1g,2,2
cvvbo1s72f3g00a5qdpg,2,2
d07prj5pebk000ec33ag,2,2
cve7a5k3tni000faj1ng,2,2
d05v9bdu3ph000ddt0ig,2,2
d5i3j1fi154000cksm9g,2,2
d4pnjlmi8kjg00bv5hl0,2,2
cvvbm3ejsr2g008tsvd0,2,2
d004bkcs3cjg00epri60,2,2
d05uud9ggil0009713pg,2,2
d07q2ngh3d7g00ejtatg,2,2
d07q0c6omc2g00f76vm0,2,2
d4pnjjf8t2j000frs84g,2,2
cvnet4pkaks000as181g,2,2
cvvef5advnk00091cmpg,2,2
cvvsokmr7j8g009s8tog,2,2
cvvs8jjpp0p000foa220,2,2
cvvsjc5u3ph000boogq0,2,2
cvvu61er7j8g009s9i4g,2,2
d620fedsdh8000a13dog,2,2
d5umbqdsdh8000a0pncg,2,2
cvumfucmmp300089hff0,2,2
cvvbqq8sssgg00dj53bg,2,2
d07q09527ee00099d5tg,2,2
cvume38h3d7g00cjm1mg,2,2
cvvrr34s3cjg00en9rq0,2,2
cvnj27527ee000e9vqkg,2,2
cvvrrehggil000fi14tg,2,2
d5fft368nps0009gr2og,2,2
cvnja16o773g008o32ig,2,2
cvvbqomr7j8g009ln170,2,2
cvumfktaar4g00e09jp0,2,2
d040o96r7j8g00batb9g,2,2
cvvrrtss10rg00fv10fg,2,2
cvnis9f9vfn000brgmbg,2,2
cvvbp1llhp0g00ft4qt0,2,2
d4pnjinikk0g009rmhfg,2,2
d1133jveh7o000bmp37g,2,2
cvvsa5qgb1c000a3mon0,2,2
d5dfuj6i2fk000adkssg,2,2
cvvs70laar4g00e6sqig,2,2
cvi5uos9b4h000f84l9g,2,2
d5i49rei2fk000ae0mhg,2,2
cvnjhq10qf8g00favrbg,2,2
cvvse4s1fmq000c5nfog,2,2
d5pk2melkkgg00bf1d4g,2,2
d0sfb9mqdhp0008fur30,2,2
cvvvbiv9vfn000d18q9g,2,2
cvvegq6gi0og00891sb0,2,2
d32bhj4fsebg00ekovp0,2,2
d5g5hd6i2fk000aduu50,2,2
cu40lblolnf000c9dr70,2,2
cvnk0uh0p0eg00e6bor0,2,2
d5i3j46i2fk000ae0lpg,2,2
cvumdticalk000dvqdug,2,2
cvvs8csmmp30008g4uig,2,2
cvvsaalaar4g00e6srq0,2,2
d0559h0sssgg00fdau30,2,2
cvvsigp0qf8g008gl2vg,2,2
d07pvikmmp3000a9p8h0,2,2
d07q0bbpp0p0009huq50,2,2
cvvef0du3ph000bi7rq0,2,2
d05vo5ejsr2g00aph9hg,2,2
d4pnjrui2fk000a9cun0,2,2
cvvefubpp0p000fhpmi0,2,2
cvniteob12i000f40r4g,2,2
d07pp1hggil0009bhun0,2,2
cvnj84saa58000bbh3bg,2,2
d0jslkrkf5cg00ebpbcg,2,2
cvvsi8lpebk000cie9sg,2,2
cvnisq4mmp3000faafig,2,2
cvm3n1o9dj0g00f67t9g,2,2
cvnism6r7j8g008mfnh0,2,2
cvvu45io7i8g00920h90,2,2
cvv7ogdu3ph000bi68p0,2,2
d04kpbadvnk000are0u0,2,2
cvvbm7momc2g00d72o3g,2,2
cvkplam0ral000adsc1g,2,2
cvnj00bpp0p000eij7vg,2,2
d05v9rn9vfn000em8mcg,2,2
cvo0dad27ee000ebf7ag,2,2
d5dfujui8kjg00c354v0,2,2
d4pnjjp7bgd000cgakg0,2,2
cvvrqikmmp30008g4ji0,2,2
cvvs6qv9vfn000d17qtg,2,2
d07pvuk72f3g00c5vjjg,2,2
cvvshts72f3g00acbjtg,2,2
cvv7qbtu3ph000bi6an0,2,2
cvvbr3kaa58000cal76g,2,2
cvnjlu6r7j8g008mfq00,2,2
cvvegmicalk000dvsvo0,2,2
cvvbpd6jsr2g008tsvl0,2,2
d5pk2ngrovqg0084jd2g,2,2
cvnjhoio7i8g00fs5n70,2,2
cmtvbfoim8r000fjiosg,2,2
d07q06cs10rg009okcs0,2,2
cvveg24s10rg00fog8m0,2,2
cvvbr3cclak000amrm20,2,2
cvvbpfk1fmq000bv5veg,2,2
cvumfulpebk000cbr2ng,2,2
cvvse8lpebk000cie9eg,2,2
d07prrmqdhp000fehpdg,2,2
cvveitvmrfo000auselg,2,2
d0sfbhn9vfn000fs56jg,2,2
cvvso61ggil000fi1lq0,2,2
d5rb6cvi154000cld7n0,2,2
cvvegntu3ph000bi7s00,2,2
d4pnjhui2fk000a9cukg,2,2
d5ulum5sdh8000a0pmng,2,2
d620q8urgi50008muhvg,2,2
ctvdp3dhhil0008dhlpg,2,2
d620fdu8shlg009h2ueg,2,2
d07pvg3kf5cg00dhg2c0,2,2
cvo0sg2o7i8g00ftl4h0,2,2
cvv7oj4s10rg00foekg0,2,2
cvvef64clak000amsdjg,2,2
